{"id":"1.000","school":"MIT","subject":"Civil and Environmental Engineering","semester":"Fall","description":"<a name=\"1.000\"></a><p><h3>1.000 Computer Programming for Scientific and Engineering Applications(New)</h3>  () Prereq: None. <I>Coreq: <a href=\"m18a.html#18.03\">18.03</a></I>Units: 3-2-7<b>Lecture:</b> <i>MWF3-4.30</i> (<a href=\"http://whereis.mit.edu/map-jpg?mapterms=10\">10-250</a>) <b>Recitation:</b> <i>TBA</i> <i><b>+final</b></i><!--s-->Presents the fundamentals of computing and computer programming (procedural and object-oriented programming) in an engineering context. Introduces logical operations, floating-point arithmetic, data structures, induction, iteration, and recursion. Computational methods for interpolation, regression, root finding, sorting, searching, and the solution of linear systems of equations and ordinary differential equations. Control of sensors and visualization of scientific data. Draws examples from engineering and scientific applications. Students use the MATLAB programming environment to complete weekly assignments.<I>R. Juanes</I>No required or recommended textbooks</p><!--end-->","title":"1.000 Computer Programming for Scientific and Engineering Applications","time":"3:00 p.m. - 4:00 p.m.","location":"10-25","meets":"Monday,Wednesday,Friday"}