{"id":"1.010","school":"MIT","subject":"Civil and Environmental Engineering","semester":"Fall","description":"Introduction to probability and statistics for engineering applications. Topics in probability include events and their probability, Total Probability and Bayes' Theorems, discrete and continuous random variables and vectors, Bernoulli Trial Sequence and Poisson point process, functions of random variables and vectors and conditional uncertainty analysis using full-distribution and second-moment uncertainty representation. Topics in statistics include estimation of distribution parameters, hypothesis testing, and simple linear regression. Concepts illustrated with examples from various areas of engineering and everyday life.<br><I>D. Veneziano</I><br><a href=\"javascript:PopUpHelp('http://sisapp.mit.edu/textbook/books.html?Term=2015FA&Subject=1.010');\" >Textbooks (Fall 2014)</a></font>","title":"1.010 Uncertainty in Engineering","time":"9:00 a.m. - 10:00 a.m.","location":"1-24","meets":"Tuesday,Thursday"}