{"id":"1.018B","school":"MIT","subject":"Civil and Environmental Engineering","semester":"Fall","description":"Advanced topics in Ecology. Population modeling, global carbon cycle, climate change, geoengineering, theories of resource competition and mutualism, allometric scaling, ecological genomics, niche theory, human population growth. Applied ecology. Combination of 1.018A and 1.018B counts as REST subject.<br><I>S. Chisholm, M. Follows</I><br>No textbook information available","title":"1.018BJ Fundamentals of Ecology II(New)","time":"11:00 a.m. - 12:00 p.m.","location":"48-31","meets":"Tuesday,Thursday"}