{"id":"1.018A","school":"MIT","subject":"Civil and Environmental Engineering","semester":"Fall","description":"Fundamentals of ecology, considering Earth as an integrated dynamic living system. Coevolution of the biosphere and geosphere, biogeochemical cycles, metabolic diversity, primary productivity, competition and the niche, trophic dynamics and food webs, population growth and limiting factors. Combination of 1.018A and 1.018B counts as REST subject.<br><I>S. Chisholm, M. Follows</I><br><a href=\"javascript:PopUpHelp('http://sisapp.mit.edu/textbook/books.html?Term=2015FA&Subject=1.018A');\" >Textbooks (Fall 2014)</a></font>","title":"1.018AJ Fundamentals of Ecology I(New)","time":"11:00 a.m. - 12:00 p.m.","location":"48-31","meets":"Tuesday,Thursday"}