{"id":"1.032","school":"MIT","subject":"Civil and Environmental Engineering","semester":"Fall","description":"Presentation and application of principles of soil mechanics. Considers topics: the origin and nature of soils; soil classification; the effective stress principle; hydraulic conductivity and seepage; stress-strain-strength behavior of cohesionless and cohesive soils and application to lateral earth stresses, bearing capacity and slope stability; consolidation theory and settlement analyses; laboratory and field methods for evaluation of soil properties in design practice. Same lectures as 1.361.<br><I>J. Germaine</I><br>No required or recommended textbooks","title":"1.032 Geomaterials and Geomechanics","time":"10:00 a.m. - 11:00 a.m.","location":"1-37","meets":"Tuesday,Thursday"}