{"id":"1.035","school":"MIT","subject":"Civil and Environmental Engineering","semester":"Fall","description":"<a name=\"1.035\"></a><p><h3>1.035 Mechanics of Structures and Soils</h3>  ()Prereq: <a href=\"m1a.html#1.050\">1.050</a>, <a href=\"m18a.html#18.03\">18.03</a>Units: 5-3-10<b>Lecture:</b> <i>MTWRF1</i> (<a href=\"http://whereis.mit.edu/map-jpg?mapterms=1\">1-273</a>) <b>Lab:</b> <i>T2-5</i> (<a href=\"http://whereis.mit.edu/map-jpg?mapterms=1\">1-050</a>) or <i>T2-5</i> (<a href=\"http://whereis.mit.edu/map-jpg?mapterms=1\">1-050</a>) <i><b>+final</b></i><!--s-->Analysis of determinate and indeterminate structures including beams, plates, cables and arches. Introduction to matrix methods of structural analysis. Mechanical properties of construction materials, including steel, concrete and soils. Behavior of steel and concrete structural systems. Sources of stress concentrations and nonlinearities in steel and concrete structures; composite behavior of reinforced concrete elements, prestressing of concrete. Groundwater seepage, effective stress and consolidation of soils, principles of slope stability. Interaction of structures and soils in foundations and earth retaining systems. Integrated laboratory sessions introduce concepts and techniques to measure properties of materials and to understand structural behavior.<I>J. Germaine, P. Ghisbain, A. Whittle</I>No required or recommended textbooks</p><!--end-->","title":"1.035 Mechanics of Structures and Soils","time":"1:00 p.m. - 2:00 p.m.","location":"1-27","meets":"Monday,Tuesday,Wednesday,Thursday,Friday"}