{"id":"1.032","school":"MIT","subject":"Civil and Environmental Engineering","semester":"Fall","description":"<a name=\"1.032\"></a><p><h3>1.032 Geomaterials and Geomechanics</h3>  ()(Subject meets with <A HREF=\"m1b.html#1.361\">1.361</A>, <A HREF=\"m1b.html#1.366\">1.366</A>)Prereq: <a href=\"m1a.html#1.010\">1.010</a>, <a href=\"m1a.html#1.011\">1.011</a>, <a href=\"m1a.html#1.036\">1.036</a>Units: 3-0-9<b>Lecture:</b> <i>TR10.30-12</i> (<a href=\"http://whereis.mit.edu/map-jpg?mapterms=1\">1-375</a>) <i><b>+final</b></i><!--s-->Presentation and application of principles of soil mechanics. Considers topics: the origin and nature of soils; soil classification; the effective stress principle; hydraulic conductivity and seepage; stress-strain-strength behavior of cohesionless and cohesive soils and application to lateral earth stresses, bearing capacity and slope stability; consolidation theory and settlement analyses; laboratory and field methods for evaluation of soil properties in design practice. Same lectures as 1.361.<I>J. Germaine</I>No required or recommended textbooks</p><!--end-->","title":"1.032 Geomaterials and Geomechanics","time":"10:00 a.m. - 11:00 a.m.","location":"1-37","meets":"Tuesday,Thursday"}