{"id":"1.050","school":"MIT","subject":"Civil and Environmental Engineering","semester":"Fall","description":"Basic principles of mechanics to describe the behavior of materials, structures and fluids. Dimensional analysis, conservation of momentum, static equilibrium, stress and stress states, hydrostatics, moments and forces. Material and structural strength criteria. Deformation and strain. Conservation of energy in solid mechanics, elasticity and elasticity bounds. Energy dissipation, plasticity and fracture. Open-ended geotechnical and structural engineering studio exercises and experiments with natural and man-made physical systems.<br><I>F. J. Ulm</I><br>No textbook information available","title":"1.050 Solid Mechanics","time":"11:00 a.m. - 12:00 p.m.","location":"4-23","meets":"Monday,Wednesday,Friday"}