{"id":"1.064","school":"MIT","subject":"Civil and Environmental Engineering","semester":"Fall","description":"<a name=\"1.064\"></a><p><h3>1.064 Physical Limnology</h3>  ()Not offered regularly; consult department(Subject meets with <A HREF=\"m1c.html#1.64\">1.64</A>)Prereq: <a href=\"m1a.html#1.061B\">1.061B</a>Units: 3-0-9Provides an introduction to physical processes occurring in lakes and shallow surface water systems with emphasis on mechanisms affecting fate and transport. Topics include internal waves, differential heating and cooling, boundary mixing, turbulent mixing, and influence of vegetation. Begins with a review of Navier-Stokes equation. Students taking graduate version complete additional assignments.<I>H. M. Nepf</I></p><!--end--><a name=\"1.070A\"></a><p><h3>1.070AJ Introduction to Hydrology and Water Resources(New)</h3>  (); first half of term(Same subject as <A HREF=\"m12a.html#12.320A\">12.320AJ</A>)Prereq: <a href=\"m1a.html#1.060A\">1.060A</a>; <I>Coreq: <a href=\"m1a.html#1.061A\">1.061A</a>, <a href=\"m1a.html#1.106\">1.106</a></I>Units: 2-0-4Ends Oct 17. <b>Lecture:</b> <i>TR9.30-11</i> (<a href=\"http://whereis.mit.edu/map-jpg?mapterms=48\">48-316</a>) <b>Recitation:</b> <i>M1</i> (<a href=\"http://whereis.mit.edu/map-jpg?mapterms=48\">48-308</a>)<!--s-->Water in the environment; Water resource systems; The hydrologic cycle at its role in the climate system; Surface water and energy balance; evaporation and transpiration through vegetation; Precipitation formation, infiltration, storm runoff, and flood processes; Groundwater aquifers, subsurface flow and the hydraulics of wells.<I>D. Entekhabi</I>No required or recommended textbooks</p><!--end--><a name=\"1.070B\"></a><p><h3>1.070BJ Introduction to Hydrology Modeling(New)</h3>  (); second half of term(Same subject as <A HREF=\"m12a.html#12.320B\">12.320BJ</A>)Prereq: <a href=\"m1a.html#1.070A\">1.070A</a>Units: 2-0-4Begins Oct 20. <b>Lecture:</b> <i>TR9.30-11</i> (<a href=\"http://whereis.mit.edu/map-jpg?mapterms=48\">48-316</a>) <b>Recitation:</b> <i>M1</i> (<a href=\"http://whereis.mit.edu/map-jpg?mapterms=48\">48-308</a>) <i><b>+final</b></i><!--s-->Develops understanding of numerical modeling of aquifers, groundwater flow and contaminant transport, as well as uncertainty and risk analysis for water resources.<I>D. Entekhabi</I>No textbook information available</p><!--end-->","title":"1.064 Physical Limnology","time":"9:00 a.m. - 10:00 a.m.","location":"48-31","meets":"Tuesday,Thursday"}