{"id":"1.082","school":"MIT","subject":"Civil and Environmental Engineering","semester":"Fall","description":"<a name=\"1.082\"></a><p><h3>1.082 Ethics for Engineers</h3>  ()Engineering School-Wide Elective Subject. (Offered under: <A HREF=\"m1a.html#1.082\">1.082</A>, <A HREF=\"m2c.html#2.900\">2.900</A>, <A HREF=\"m10a.html#10.01\">10.01</A>)Prereq: NoneUnits: 2-0-4<b>Lecture:</b> <i>M3-5</i> (<a href=\"http://whereis.mit.edu/map-jpg?mapterms=66\">66-144</a>) or <i>T EVE (7.30-9.30 PM)</i> (<a href=\"http://whereis.mit.edu/map-jpg?mapterms=66\">66-144</a>)<!--s-->Integrates classical readings that provide an overview of ethics with a survey of case studies that focus on ethical problems arising in the practice of engineering. Readings taken from a variety of sources, such as Aristotle, Machiavelli, Bacon, Hobbes, Locke, the Founding Fathers, and the Bible. Case studies include written analyses and films that address engineering disasters, biotechnology, court cases, ethical codes, and the ultimate scope and aims of engineering.<I>D. Doneson, B. L. Trout</I>No required or recommended textbooks</p><!--end--><a name=\"1.083A\"></a><p><h3>1.083A Environmental Health Engineering and Biology I(New)</h3>  (); first half of termPrereq: <a href=\"./search.cgi?search=&cred=b\" title=\"7.012, 7.013, 7.014, 7.015, 7.016\">Biology (GIR)</a>, <a href=\"./search.cgi?search=&cred=c\" title=\"3.091, 5.111, 5.112\">Chemistry (GIR)</a>, <a href=\"m1a.html#1.061A\">1.061A</a>Units: 2-0-4Considers human health issues associated with environmental engineering for air, land, and water. Topics include the fundamental and applied aspects of biological and microbial processes in natural and engineered systems, including microbial metabolisms, water quality, ecological assessment, and wastewater treatment.<I>J. Thompson</I></p><!--end--><a name=\"1.083B\"></a><p><h3>1.083B Environmental Health Engineering and Biology II(New)</h3>  (); second half of termPrereq: <a href=\"m1a.html#1.083A\">1.083A</a>Units: 2-0-4Covers the interaction between humans and chemicals in the environment, including toxicology, exposure pathways, and risk assessment; treatment technologies; and the basis for environmental regulation of chemical exposure. Case studies illustrate concepts and issues.<I>J. Thompson</I></p><!--end-->","title":"1.082 Ethics for Engineers","time":"3:00 p.m. - 4:00 p.m.","location":"66-14","meets":"Monday"}