{"id":"1.085","school":"MIT","subject":"Civil and Environmental Engineering","semester":"Fall","description":"Provides a working knowledge of basic air quality issues, with emphasis on a multidisciplinary approach to investigating the sources and effects of pollution.  Topics include emission sources; atmospheric chemistry and removal processes; meteorological phenomena and their impact on pollution transport at local to global scales; air pollution control technologies; health effects; and regulatory standards. Discusses regional and global issues, such as acid rain, ozone depletion and air quality connections to climate change.<br><I>C. Heald</I><br><a href=\"javascript:PopUpHelp('http://sisapp.mit.edu/textbook/books.html?Term=2015FA&Subject=1.085');\" >Textbooks (Fall 2014)</a></font>","title":"1.085J Air Pollution","time":"11:00 a.m. - 12:00 p.m.","location":"48-30","meets":"Monday,Wednesday"}