{"id":"1.085","school":"MIT","subject":"Civil and Environmental Engineering","semester":"Fall","description":"<a name=\"1.085\"></a><p><h3>1.085J Air Pollution</h3>  ()(Same subject as <A HREF=\"m12a.html#12.336\">12.336J</A>)Prereq: <a href=\"m18a.html#18.03\">18.03</a>Units: 3-0-9<b>Lecture:</b> <i>MW11-12.30</i> (<a href=\"http://whereis.mit.edu/map-jpg?mapterms=48\">48-308</a>)<!--s-->Provides a working knowledge of basic air quality issues, with emphasis on a multidisciplinary approach to investigating the sources and effects of pollution.  Topics include emission sources; atmospheric chemistry and removal processes; meteorological phenomena and their impact on pollution transport at local to global scales; air pollution control technologies; health effects; and regulatory standards. Discusses regional and global issues, such as acid rain, ozone depletion and air quality connections to climate change.<I>C. Heald</I><a href=\"javascript:PopUpHelp('http://sisapp.mit.edu/textbook/books.html?Term=2015FA&Subject=1.085');\" >Textbooks (Fall 2014)</a></font></p><!--end-->","title":"1.085J Air Pollution","time":"11:00 a.m. - 12:00 p.m.","location":"48-30","meets":"Monday,Wednesday"}