{"id":"1.106","school":"MIT","subject":"Civil and Environmental Engineering","semester":"Fall","description":"<a name=\"1.106\"></a><p><h3>1.106 Environmental Fluid Transport Processes and Hydrology Laboratory</h3>  () Prereq: None. <I>Coreq: <a href=\"m1a.html#1.061A\">1.061A</a>, <a href=\"m1a.html#1.070A\">1.070A</a></I>Units: 0-4-2<b>Lab:</b> <i>W1-5</i> (<a href=\"http://whereis.mit.edu/map-jpg?mapterms=48\">48-109</a>)<!--s-->Fundamentals of mass transport and flow measurements in the context of environmental systems. Topics include measurement uncertainty, propagation of error, diffusion, dispersion, air-water exchange, dissolution, gravity currents, particle transport, and transport in porous media. Includes formal lab reports. Enrollment limited; preference to 1-ENG and 1-E students.<I>H. M. Nepf</I>No required or recommended textbooks</p><!--end-->","title":"1.106 Environmental Fluid Transport Processes and Hydrology Laboratory"}