{"id":"1.106","school":"MIT","subject":"Civil and Environmental Engineering","semester":"Fall","description":"Fundamentals of mass transport and flow measurements in the context of environmental systems. Topics include measurement uncertainty, propagation of error, diffusion, dispersion, air-water exchange, dissolution, gravity currents, particle transport, and transport in porous media. Includes formal lab reports. Enrollment limited; preference to 1-ENG and 1-E students.<br><I>H. M. Nepf</I><br>No required or recommended textbooks","title":"1.106 Environmental Fluid Transport Processes and Hydrology Laboratory"}