{"id":"1.101","school":"MIT","subject":"Civil and Environmental Engineering","semester":"Fall","description":"<a name=\"1.101\"></a><p><h3>1.101 Introduction to Civil and Environmental Engineering Design I</h3>  () Prereq: NoneUnits: 0-3-3<b>Lecture:</b> <i>MW12</i> (<a href=\"http://whereis.mit.edu/map-jpg?mapterms=5\">5-134</a>) <b>Lab:</b> <i>MW1-3</i> (<a href=\"http://whereis.mit.edu/map-jpg?mapterms=1\">1-050</a>)<!--s-->Project-oriented introduction to the principles and practice of civil and environmental engineering design. First half of the term, students work in teams to apply the design process to an open-ended design/planning problem involving civil and environmental engineering aspects.  In the second half, teams design and build a working model researching, in detail, an aspect of the planning/design project.  Each team then presents the model and the results to the class. Regular written and oral presentations. Students also start on their design portfolio. Enrollment limited; preference to Course 1 majors and minors.<I>H. H. Einstein</I>No textbook information available","title":"1.101 Introduction to Civil and Environmental Engineering Design I","time":"12:00 p.m. - 1:00 p.m.","location":"5-13","meets":"Monday,Wednesday"}