{"id":"1.125","school":"MIT","subject":"Civil and Environmental Engineering","semester":"Fall","description":"<a name=\"1.125\"></a><p><h3>1.125J Architecting & Engineering Software Systems</h3>  () (Same subject as <A HREF=\"mESDa.html#ESD.341\">ESD.341J</A>)Prereq: <a href=\"m1a.html#1.00\">1.00</a>, <a href=\"m1a.html#1.124\">1.124J</a>, or permission of instructorUnits: 3-0-9<b>Lecture:</b> <i>TR12.30-2</i> (<a href=\"http://whereis.mit.edu/map-jpg?mapterms=9\">9-057</a>)<!--s-->Software architecting and design of  software-intensive systems. Targeted at future CTOs who must understand both the business and technical issues involved in architecting enterprise-scale systems. Student teams confront technically challenging problems. Lectures and readings cover core database, XML, web server components and browser issues in a distributed web service environment. Enrollment limited.<I>J. Williams, A. Sanchez</I>No required or recommended textbooks</p><!--end-->","title":"1.125J Architecting & Engineering Software Systems","time":"12:00 p.m. - 1:00 p.m.","location":"9-05","meets":"Tuesday,Thursday"}