{"id":"1.133","school":"MIT","subject":"Civil and Environmental Engineering","semester":"Fall","description":"<a name=\"1.133\"></a><p><h3>1.133 MEng Concepts of Engineering Practice</h3>  () Prereq: Permission of instructorUnits: 3-0-6<b>Lecture:</b> <i>MW8.30-10</i> (<a href=\"http://whereis.mit.edu/map-jpg?mapterms=1\">1-390</a>)<!--s-->Core requirement for the M.Eng. program designed to teach students about the roles of today's professional engineer and expose them to team-building skills through lectures, team workshops, and seminars. Topics include: written and oral communication, job placement skills, trends in the engineering and construction industry, risk analysis and risk management, managing public information, proposal preparation, project evaluation, project management, liability, professional ethics, and negotiation. Draws on relevant large-scale projects to illustrate each component of the subject. Grading is based on both individual and team exercises involving written and oral presentations. Limited to Course 1 MEng students.<I>E. E. Adams</I>No required or recommended textbooks</p><!--end-->","title":"1.133 MEng Concepts of Engineering Practice","time":"8:00 a.m. - 9:00 a.m.","location":"1-39","meets":"Monday,Wednesday"}