{"id":"1.208","school":"MIT","subject":"Civil and Environmental Engineering","semester":"Fall","description":"<a name=\"1.208\"></a><p><h3>1.208 Resilient Infrastructure  Networks</h3>  () Prereq: <a href=\"m1b.html#1.151\">1.151</a> or <a href=\"m6a.html#6.041\">6.041</a>/<a href=\"m6b.html#6.431\">6.431</a>; <a href=\"m15a.html#15.058\">15.058</a> or <a href=\"m15a.html#15.093\">15.093</a>Units: 3-0-9<b>Lecture:</b> <i>MW2.30-4</i> (<a href=\"http://whereis.mit.edu/map-jpg?mapterms=1\">1-150</a>)<!--s-->Control algorithms and game-theoretic tools to enable resilient operation of large-scale infrastructure networks. Dynamical network flow models, stability analysis, robust predictive control, fault and attack diagnostic tools. Strategic network design, routing games, congestion pricing, demand response, and incentive regulation. Design of operations management strategies for different reliability and security scenarios. Applications to transportation, logistics, electric-power, and water distribution networks.<I>S. Amin</I>No required or recommended textbooks</p><!--end-->","title":"1.208 Resilient Infrastructure  Networks","time":"2:00 p.m. - 3:00 p.m.","location":"1-15","meets":"Monday,Wednesday"}