{"id":"1.203","school":"MIT","subject":"Civil and Environmental Engineering","semester":"Fall","description":"<a name=\"1.203\"></a><p><h3>1.203J Logistical and Transportation Planning Methods</h3>  () (Same subject as <A HREF=\"m6a.html#6.281\">6.281J</A>, <A HREF=\"m15a.html#15.073\">15.073J</A>, <A HREF=\"m16b.html#16.76\">16.76J</A>, <A HREF=\"mESDa.html#ESD.216\">ESD.216J</A>)Prereq: <a href=\"m6a.html#6.041\">6.041</a>Units: 3-0-9<b>Lecture:</b> <i>MW10.30-12</i> (<a href=\"http://whereis.mit.edu/map-jpg?mapterms=5\">5-134</a>)<!--s-->Quantitative techniques of operations research with emphasis on applications in transportation systems analysis (urban, air, ocean, highway, and pickup and delivery systems) and in the planning and design of logistically oriented urban service systems (e.g., fire and police departments, emergency medical services, and emergency repair services). Unified study of functions of random variables, geometrical probability, multi-server queuing theory, spatial location theory, network analysis and graph theory, and relevant methods of simulation. Computer exercises and discussions of implementation difficulties.<I>R. C. Larson, A. R. Odoni, A. I. Barnett</I>No textbook information available</p><!--end-->","title":"1.203J Logistical and Transportation Planning Methods","time":"10:00 a.m. - 11:00 a.m.","location":"5-13","meets":"Monday,Wednesday"}