{"id":"1.264","school":"MIT","subject":"Civil and Environmental Engineering","semester":"Fall","description":"Addresses information technology fundamentals, including project management and software processes, data modeling, UML, relational databases and SQL. Covers internet technologies, such as XML, web services, and service-oriented architectures. Provides an introduction to security and presents the fundamentals of telecommunications. Includes a project that involves requirements/design, data model, database implementation, website, security and data network. No prior programming experience required.<br><I>C. Cassa</I><br><a href=\"javascript:PopUpHelp('http://sisapp.mit.edu/textbook/books.html?Term=2015FA&Subject=1.264');\" >Textbooks (Fall 2014)</a></font>","title":"1.264J Database, Internet, and Systems Integration Technologies","time":"12:00 p.m. - 1:00 p.m.","location":"1-39","meets":"Monday,Wednesday"}