{"id":"1.361","school":"MIT","subject":"Civil and Environmental Engineering","semester":"Fall","description":"<a name=\"1.361\"></a><p><h3>1.361 Advanced Soil Mechanics</h3>  () (Subject meets with <A HREF=\"m1a.html#1.032\">1.032</A>, <A HREF=\"m1b.html#1.366\">1.366</A>)Prereq: <a href=\"m1a.html#1.036\">1.036</a>Units: 3-0-9<b>Lecture:</b> <i>TR10.30-12</i> (<a href=\"http://whereis.mit.edu/map-jpg?mapterms=1\">1-375</a>) <i><b>+final</b></i><!--s-->Consideration of the following fundamentals of soil mechanics: the nature of soil; the effective stress principle; hydraulic conductivity and seepage; stress-strain-strength behavior of cohesionless and cohesive soil; lateral earth stresses; bearing capacity and slope stability; consolidation theory; and settlement analyses. Core requirement for Geoenvironmental M.Eng. program.<I>Staff</I>No textbook information available</p><!--end-->","title":"1.361 Advanced Soil Mechanics","time":"10:00 a.m. - 11:00 a.m.","location":"1-37","meets":"Tuesday,Thursday"}