{"id":"1.366","school":"MIT","subject":"Civil and Environmental Engineering","semester":"Fall","description":"<a name=\"1.366\"></a><p><h3>1.366 Geotechnical Engineering</h3>  () (Subject meets with <A HREF=\"m1a.html#1.032\">1.032</A>, <A HREF=\"m1b.html#1.361\">1.361</A>)Prereq: <a href=\"m1a.html#1.035\">1.035</a>, <a href=\"m1a.html#1.036\">1.036</a>Units: 3-0-6<b>Lecture:</b> <i>TR10.30-12</i> (<a href=\"http://whereis.mit.edu/map-jpg?mapterms=1\">1-375</a>) <i><b>+final</b></i><!--s-->Identification, presentation, and illustration of principles of soil mechanics. Considers the following topics: the nature of soil; the effective stress principle; hydraulic conductivity and seepage; stress-strain-strength behavior of soil; and lateral earth stresses. Applies principles to stability and deformation problems. Restricted to graduate students not specializing in Geotechnical Engineering. Same lectures as 1.361.<I>Staff</I>No textbook information available</p><!--end--><a name=\"1.37\"></a><p><h3>1.37 Geotechnical Measurements and Exploration</h3>  () Prereq: <a href=\"m1a.html#1.035\">1.035</a>Units: 3-4-2<b>Lecture:</b> <i>MW12</i> (<a href=\"http://whereis.mit.edu/map-jpg?mapterms=5\">5-233</a>) <b>Lab:</b> <i>M1-5</i> (<a href=\"http://whereis.mit.edu/map-jpg?mapterms=1\">1-334</a>) <b>Recitation:</b> <i>F9</i> (<a href=\"http://whereis.mit.edu/map-jpg?mapterms=5\">5-233</a>) <i><b>+final</b></i><!--s-->Application of testing principles to the measurement of fundamental aspects of soil behavior from classification to engineering properties. Emphasis on rigorous techniques to measure mechanical behavior under various boundary conditions. Exposure to error estimation, research devices, geotechnical field exploration, and <I>in situ</I> testing. Extensive laboratory experiments to explore geotechnical test equipment and techniques. Laboratory use of testing automation and electronic instrumentation. Experiments include data analysis, evaluation, and presentation.<I>J. Germaine</I>No required or recommended textbooks</p><!--end--><a name=\"1.38\"></a><p><h3>1.38 Engineering Geology</h3>  () Prereq: Permission of instructorUnits: 3-1-8<b>Lecture:</b> <i>TR9-10.30</i> (<a href=\"http://whereis.mit.edu/map-jpg?mapterms=1\">1-371</a>) <b>Lab:</b> <i>TBA</i><!--s-->Studies the effect of geologic features and processes on constructed facilities; interaction between the geologic environment and man-made structures, and human activities in general. Planning of subsurface exploration. Engineering geologic characterization of soil and rock, including joint surveys and aspects of sedimented and residual soils. Laboratory on basic geologic identification and mapping techniques. Extensive reading of case histories. Field trip.<I>H. H. Einstein</I><a href=\"javascript:PopUpHelp('http://sisapp.mit.edu/textbook/books.html?Term=2015FA&Subject=1.38');\" >Textbooks (Fall 2014)</a></font></p><!--end-->","title":"1.366 Geotechnical Engineering","time":"10:00 a.m. - 11:00 a.m.","location":"1-37","meets":"Tuesday,Thursday"}