{"id":"1.361","school":"MIT","subject":"Civil and Environmental Engineering","semester":"Fall","description":"Consideration of the following fundamentals of soil mechanics: the nature of soil; the effective stress principle; hydraulic conductivity and seepage; stress-strain-strength behavior of cohesionless and cohesive soil; lateral earth stresses; bearing capacity and slope stability; consolidation theory; and settlement analyses. Core requirement for Geoenvironmental M.Eng. program.<br><I>Staff</I><br>No textbook information available","title":"1.361 Advanced Soil Mechanics","time":"10:00 a.m. - 11:00 a.m.","location":"1-37","meets":"Tuesday,Thursday"}