{"id":"1.366","school":"MIT","subject":"Civil and Environmental Engineering","semester":"Fall","description":"Identification, presentation, and illustration of principles of soil mechanics. Considers the following topics: the nature of soil; the effective stress principle; hydraulic conductivity and seepage; stress-strain-strength behavior of soil; and lateral earth stresses. Applies principles to stability and deformation problems. Restricted to graduate students not specializing in Geotechnical Engineering. Same lectures as 1.361.<br><I>Staff</I><br>No textbook information available","title":"1.366 Geotechnical Engineering","time":"10:00 a.m. - 11:00 a.m.","location":"1-37","meets":"Tuesday,Thursday"}