{"id":"1.38","school":"MIT","subject":"Civil and Environmental Engineering","semester":"Fall","description":"Studies the effect of geologic features and processes on constructed facilities; interaction between the geologic environment and man-made structures, and human activities in general. Planning of subsurface exploration. Engineering geologic characterization of soil and rock, including joint surveys and aspects of sedimented and residual soils. Laboratory on basic geologic identification and mapping techniques. Extensive reading of case histories. Field trip.<br><I>H. H. Einstein</I><br><a href=\"javascript:PopUpHelp('http://sisapp.mit.edu/textbook/books.html?Term=2015FA&Subject=1.38');\" >Textbooks (Fall 2014)</a></font>","title":"1.38 Engineering Geology","time":"9:00 a.m. - 10:00 a.m.","location":"1-37","meets":"Tuesday,Thursday"}