{"id":"1.562","school":"MIT","subject":"Civil and Environmental Engineering","semester":"Fall","description":"Core requirement for the High Performance Structures MEng program. Focus on the conceptual design of complex structures and the use of advanced technologies to improve the performance of structural systems with respect to their durability, constructability, efficiency and sustainability. An in-depth design study is carried out as a group effort and provides the background for individual student theses. Students must register for 1.562 for the Fall term, IAP, and the Spring term. Limited to Course 1 MEng students.<br><I>J. J. Connor, Jr.,  P. Ghisbain</I><br>No required or recommended textbooks","title":"1.562 High-Performance Structures MEng Project","time":"1:00 p.m. - 2:00 p.m.","location":"1-15","meets":"Friday"}