{"id":"1.573","school":"MIT","subject":"Civil and Environmental Engineering","semester":"Fall","description":"Presents fundamental concepts of structural mechanics with applications to marine, civil, and mechanical structures. Covers residual stresses; thermal effects; analysis of beams, columns, tensioned beams, trusses, frames, arches, cables, and shafts of general shape and material, including composites; elastic buckling of columns; exact and approximate methods, energy methods, principle of virtual work, and introduction to computational structural mechanics.<br><I>T. Wierzbicki, J. J. Connor, Jr., H. Schmidt</I><br>No required or recommended textbooks","title":"1.573J Structural Mechanics","time":"2:00 p.m. - 3:00 p.m.","location":"2-10","meets":"Monday,Wednesday"}