{"id":"1.571","school":"MIT","subject":"Civil and Environmental Engineering","semester":"Fall","description":"Covers analytical and computer-based methods for the analysis of structural systems. Introduces strategies for the quantitative study of indeterminate and nonlinear structures. Topics provide insight into structural analysis software and the implementation of the finite element method. Emphasizes modeling complex structural behavior, such as elastic instability, local and global buckling, physical nonlinearity, geometric stiffness, and thermal expansion. Application examples cover a range of structural components and systems, with models and methods specific to the study of building frames, arches, shells, and cable-supported and tensile structures. Assignments provide experience with the construction of mathematical and finite element models, the derivation of closed-form solutions, and the effective use of structural analysis programs.<br><I>P. Ghisbain</I><br>No required or recommended textbooks","title":"1.571 Modeling and Analysis of Structures","time":"11:00 a.m. - 12:00 p.m.","location":"1-13","meets":"Tuesday,Thursday"}