{"id":"1.589","school":"MIT","subject":"Civil and Environmental Engineering","semester":"Fall","description":"<a name=\"1.589\"></a><p><h3>1.589 Studies in Structural Design and Analysis</h3>  (, , )  Prereq: Permission of instructorUnits arrangedTBA. <!--s-->Individual study of advanced subjects under staff supervision. Content arranged to suit the particular requirements of the student and interested members of the staff.Information: O. BuyukozturkNo required or recommended textbooks (Summer 2014); No textbook information available (Fall 2014)</p><!--end-->","title":"1.589 Studies in Structural Design and Analysis"}