{"id":"1.699","school":"MIT","subject":"Civil and Environmental Engineering","semester":"Fall","description":"<a name=\"1.699\"></a><p><h3>1.699J Projects in Oceanographic Engineering</h3>  (, , )  (Same subject as <A HREF=\"m2b.html#2.689\">2.689J</A>)Prereq: Permission of instructorUnits arranged [P/D/F]TBA. <!--s-->Projects in oceanographic engineering, carried out under supervision of Woods Hole Oceanographic Institution staff. Given at Woods Hole Oceanographic Institution.<I>J. Preisig, Woods Hole Staff</I>No required or recommended textbooks (Summer 2014); No textbook information available (Fall 2014)</p><!--end--><h2>Hydrology and Water Resource Systems</h2>","title":"1.699J Projects in Oceanographic Engineering"}