{"id":"1.731","school":"MIT","subject":"Civil and Environmental Engineering","semester":"Fall","description":"<a name=\"1.731\"></a><p><h3>1.731 Water Resource Systems</h3>  () Prereq: <a href=\"m1a.html#1.070B\">1.070B</a> or permission of instructorUnits: 3-0-9<b>Lecture:</b> <i>TR2.30-4</i> (<a href=\"http://whereis.mit.edu/map-jpg?mapterms=48\">48-316</a>)<!--s-->Surveys optimization and simulation methods for management of water resources. Case studies illustrate linear, quadratic, nonlinear programming and real-time control. Applications include river basin planning, irrigation and agriculture, reservoir operations, capacity expansion, assimilation of remote sensing data, and sustainable resource development.<I>D. McLaughlin</I>No required or recommended textbooks</p><!--end--><a name=\"1.74\"></a><p><h3>1.74 Land, Water, Food, and Climate(New)</h3>  ()Prereq: NoneUnits: 3-0-3Seminar examines food production in a changing world, with an emphasis on key scientific questions about the connections between natural resources, climate, and agriculture. Students read and discuss papers on a range of topics, including water and land resources, climate change, demography, agro-ecology, biotechnology, trade, and food security. Provides a broad and balanced perspective on one of the defining global issues of this century. Considers scientific controversies as well as areas of general agreement and examines practical solutions for addressing critical problems. Participants present reviews of selected papers and lead follow-up discussions. They also have a role in shaping subject content.<I>D. McLaughlin</I></p><!--end--><h2>Aquatic Sciences, Water Quality Control, and Environmental Management</h2><a name=\"1.75\"></a><p><h3>1.75 Limnology and Wetland Ecology</h3>  () Prereq: Permission of instructorUnits: 3-0-9<b>Lecture:</b> <i>TR1-2.30</i> (<a href=\"http://whereis.mit.edu/map-jpg?mapterms=48\">48-308</a>)<!--s-->Examines the major physical, chemical, and biological features of lakes and wetlands: basin geology, water budget, heat balance, thermal stratification, lake circulation, energy flow, biological communities, and cycles of major elements. Explores methodologies of limnology, including field methods and use of models, applications of modern sensor technology to lake and wetland studies and current issues in lake and wetland management.<I>H. F. Hemond</I><a href=\"javascript:PopUpHelp('http://sisapp.mit.edu/textbook/books.html?Term=2015FA&Subject=1.75');\" >Textbooks (Fall 2014)</a></font></p><!--end--><a name=\"1.76\"></a><p><h3>1.76 Aquatic Chemistry</h3>  () Prereq: <a href=\"./search.cgi?search=&cred=c\" title=\"3.091, 5.111, 5.112\">Chemistry (GIR)</a> or <a href=\"m5b.html#5.60\">5.60</a>Units: 3-0-9<b>Lecture:</b> <i>MW11-12.30</i> (<a href=\"http://whereis.mit.edu/map-jpg?mapterms=48\">48-316</a>) <i><b>+final</b></i><!--s-->Quantitative treatment of chemical processes in aquatic systems such as lakes, oceans, rivers, estuaries, groundwaters, and wastewaters. A brief review of chemical thermodynamics is followed by discussion of acid-base, precipitation-dissolution, coordination, and reduction-oxidation reactions. Emphasis is on equilibrium calculations as a tool for understanding the variables that govern the chemical composition of aquatic systems and the fate of inorganic pollutants.<I>B. Kocar</I><a href=\"javascript:PopUpHelp('http://sisapp.mit.edu/textbook/books.html?Term=2015FA&Subject=1.76');\" >Textbooks (Fall 2014)</a></font></p><!--end--><a name=\"1.77\"></a><p><h3>1.77 Water Quality Control</h3>  () Prereq: <a href=\"m1a.html#1.060B\">1.060B</a>Units: 3-0-9Emphasis on mathematical models for predicting distribution and fate of effluents discharged into lakes, reservoirs, rivers, estuaries, and oceans. Focuses on formulation and structure of models as well as analytical and simple numerical solution techniques. Role of element cycles, such as oxygen, nitrogen, and phosphorus, as water quality indicators. Offshore outfalls and diffusion. Salinity intrusion in estuaries. Thermal stratification, eutrophication, and sedimentation processes in lakes and reservoirs. Core requirement for Environmental MEng  program.<I>E. E. Adams</I></p><!--end-->","title":"1.731 Water Resource Systems","time":"2:00 p.m. - 3:00 p.m.","location":"48-31","meets":"Tuesday,Thursday"}