{"id":"1.731","school":"MIT","subject":"Civil and Environmental Engineering","semester":"Fall","description":"Surveys optimization and simulation methods for management of water resources. Case studies illustrate linear, quadratic, nonlinear programming and real-time control. Applications include river basin planning, irrigation and agriculture, reservoir operations, capacity expansion, assimilation of remote sensing data, and sustainable resource development.<br><I>D. McLaughlin</I><br>No required or recommended textbooks","title":"1.731 Water Resource Systems","time":"2:00 p.m. - 3:00 p.m.","location":"48-31","meets":"Tuesday,Thursday"}