{"id":"1.75","school":"MIT","subject":"Civil and Environmental Engineering","semester":"Fall","description":"Examines the major physical, chemical, and biological features of lakes and wetlands: basin geology, water budget, heat balance, thermal stratification, lake circulation, energy flow, biological communities, and cycles of major elements. Explores methodologies of limnology, including field methods and use of models, applications of modern sensor technology to lake and wetland studies and current issues in lake and wetland management.<br><I>H. F. Hemond</I><br><a href=\"javascript:PopUpHelp('http://sisapp.mit.edu/textbook/books.html?Term=2015FA&Subject=1.75');\" >Textbooks (Fall 2014)</a></font>","title":"1.75 Limnology and Wetland Ecology","time":"1:00 p.m. - 2:00 p.m.","location":"48-30","meets":"Tuesday,Thursday"}