{"id":"1.76","school":"MIT","subject":"Civil and Environmental Engineering","semester":"Fall","description":"Quantitative treatment of chemical processes in aquatic systems such as lakes, oceans, rivers, estuaries, groundwaters, and wastewaters. A brief review of chemical thermodynamics is followed by discussion of acid-base, precipitation-dissolution, coordination, and reduction-oxidation reactions. Emphasis is on equilibrium calculations as a tool for understanding the variables that govern the chemical composition of aquatic systems and the fate of inorganic pollutants.<br><I>B. Kocar</I><br><a href=\"javascript:PopUpHelp('http://sisapp.mit.edu/textbook/books.html?Term=2015FA&Subject=1.76');\" >Textbooks (Fall 2014)</a></font>","title":"1.76 Aquatic Chemistry","time":"11:00 a.m. - 12:00 p.m.","location":"48-31","meets":"Monday,Wednesday"}