{"id":"1.782","school":"MIT","subject":"Civil and Environmental Engineering","semester":"Fall","description":"Core requirements for Environmental MEng program. Designed to teach about environmental engineering through the use of case studies, computer software tools, and seminars from industrial experts. Case studies provide basis for group project as well as individual thesis. Past case studies have included the MMR Superfund site on Cape Cod; restoration of the Florida Everglades; dredging of Boston Harbor; local watershed trading programs; appropriate wastewater treatment technology for Brazil; point-of-use water treatment for Nepal, Brownfields Development in Providence, RI, and water resource planning for the island of Cyprus. Students must register for 1.782 for Fall term, IAP, and Spring term. Limited to Course 1 MEng students.<br><I>E. E. Adams</I><br>No required or recommended textbooks","title":"1.782 Environmental Engineering MEng Project","time":"3:00 p.m. - 4:00 p.m.","location":"1-39","meets":"Friday"}