{"id":"1.801","school":"MIT","subject":"Civil and Environmental Engineering","semester":"Fall","description":"<a name=\"1.801\"></a><p><h3>1.801J Environmental Law, Policy, and Economics: Pollution Prevention and Control</h3>  () (Same subject as <A HREF=\"m11a.html#11.021\">11.021J</A>, <A HREF=\"m17a.html#17.393\">17.393J</A>)(Subject meets with <A HREF=\"m1c.html#1.811\">1.811J</A>, <A HREF=\"m11c.html#11.630\">11.630J</A>, <A HREF=\"mESDa.html#ESD.133\">ESD.133J</A>)Prereq: NoneUnits: 3-0-9<b>Lecture:</b> <i>TR3.30-5</i> (<a href=\"http://whereis.mit.edu/map-jpg?mapterms=E51\">E51-057</a>) <b>Recitation:</b> <i>TBA</i> <i><b>+final</b></i><!--s-->Introduction to important issues in contemporary environmental law, policy, and economics. Discusses the roles and interactions of Congress, federal agencies, state governments, and the courts in dealing with environmental problems. Topics include common law, administrative law, environmental impact assessments required by the National Environmental Policy Act, and legislation and court decisions dealing with air pollution, water pollution, the control of hazardous waste, pollution and accident prevention, the production and use of toxic chemicals, community right-to-know, and environmental justice. Explores the role of science and economics in legal decisions, and economic incentives as an alternative or supplement to regulation. Analyzes pollution as an economic problem and a failure of markets. Introduction to basic legal skills: how to read and understand cases, regulation, and statutes; how to discover the current state of the law in a specific area; and how to take action toward resolution of environmental problems. Students taking the graduate version are expected to explore the subject in greater depth.<I>N. Ashford, C. Caldart</I><a href=\"javascript:PopUpHelp('http://sisapp.mit.edu/textbook/books.html?Term=2015FA&Subject=1.801');\" >Textbooks (Fall 2014)</a></font></p><!--end-->","title":"1.801J Environmental Law, Policy, and Economics: Pollution Prevention and Control"}