{"id":"1.831","school":"MIT","subject":"Civil and Environmental Engineering","semester":"Fall","description":"Focuses on the processes affecting organic compounds in the environment. Uses physical chemical properties to predict chemical transfers between environmental compartments (air, water, sediments, and biota). Uses molecular properties to estimate chemical, photochemical, and biochemical transformation rates. Resulting process models are combined to predict environmental concentrations (and related biological exposures) of anthropogenic and natural organic compounds.<br><I>P. M. Gschwend</I><br><a href=\"javascript:PopUpHelp('http://sisapp.mit.edu/textbook/books.html?Term=2015FA&Subject=1.831');\" >Textbooks (Fall 2014)</a></font>","title":"1.831 Environmental Organic Chemistry","time":"1:00 p.m. - 2:00 p.m.","location":"48-31","meets":"Monday,Wednesday"}