{"id":"1.85","school":"MIT","subject":"Civil and Environmental Engineering","semester":"Fall","description":"Overview of engineering approaches to protect water quality with an emphasis on fundamental principals. Theory and conceptual design of systems for treating municipal wastewater and drinking water. Reactor theory, process kinetics, and models.  Physical, chemical, and biological processes, including sedimentation, filtration, biological treatment, disinfection, and sludge processing.  Engineered and natural processes for wastewater treatment.<br><I>Staff</I><br><a href=\"javascript:PopUpHelp('http://sisapp.mit.edu/textbook/books.html?Term=2015FA&Subject=1.85');\" >Textbooks (Fall 2014)</a></font>","title":"1.85 Water and Wastewater Treatment Engineering","time":"4:00 p.m. - 5:00 p.m.","location":"48-30","meets":"Monday,Wednesday"}