{"id":"1.88","school":"MIT","subject":"Civil and Environmental Engineering","semester":"Fall","description":"Designed for students in fluid mechanics and engineering who want to explore applications of physics and fluids to biology and ecology, and for students in the biological sciences seeking to understand the physical constraints of life at the microscale. Topics include mass exchange and flow at the scale of microbes, motility and chemotaxis, encouter rates and predation, and small-scale turbulence. Emphasizes the application of physical and fluid dynamical principles to life at the microscale, in particular (but not limited to) aquatic systems.<br><I>R. Stocker</I><br>No required or recommended textbooks","title":"1.88 Physical Ecology at the Microscale","time":"2:00 p.m. - 3:00 p.m.","location":"48-31","meets":"Monday,Wednesday"}