{"id":"1.95","school":"MIT","subject":"Civil and Environmental Engineering","semester":"Fall","description":"Participatory seminar focuses on the knowledge and skills necessary for teaching science and engineering in higher education. Topics include theories of adult learning; course development; promoting active learning, problemsolving, and critical thinking in students; communicating with a diverse student body; using educational technology to further learning; lecturing; creating effective tests and assignments; and assessment and evaluation. Students research and present a relevant topic of particular interest. Appropriate for both novices and those with teaching experience.<br><I>J. Rankin</I><br>No required or recommended textbooks","title":"1.95J Teaching College-Level Science and Engineering","time":"9:00 a.m. - 10:00 a.m.","location":"4-14","meets":"Thursday"}