{"id":"1.969","school":"MIT","subject":"Civil and Environmental Engineering","semester":"Fall","description":"<a name=\"1.969\"></a><h3>1.969 Graduate Studies in Civil and Environmental Engineering</h3>  (, , )  Prereq: Permission of instructorUnits arrangedTBA. <!--s-->Individual study, research, or laboratory investigations at the graduate level under faculty supervision.Consult Department Academic Programs OfficeNo required or recommended textbooks (Summer 2014); No textbook information available (Fall 2014)</p><!--end-->","title":"1.969 Graduate Studies in Civil and Environmental Engineering"}