{"id":"1.983","school":"MIT","subject":"Civil and Environmental Engineering","semester":"Fall","description":"<a name=\"1.983\"></a><p><h3>1.983 Teaching in Civil and Environmental Engineering</h3>  (, , , ) Prereq: NoneUnits arranged [P/D/F]TBA. <!--s-->For teaching assistants to recognize the educational value derived from satisfactory performance of assigned duties and for other qualified students interested in teaching as a career. Laboratory, tutorial, or classroom teaching under supervision of a faculty member. Credit for this subject may not be used for any degree granted by Course 1.Consult Department Academic Programs OfficeNo required or recommended textbooks (Summer 2014); No textbook information available (Fall 2014)</p><!--end-->","title":"1.983 Teaching in Civil and Environmental Engineering"}