{"id":"1.984","school":"MIT","subject":"Civil and Environmental Engineering","semester":"Fall","description":"Provides classroom teaching experience under the supervision of faculty member(s). Students prepare instructional material, deliver lectures, grade assignments, and prepare a teaching portfolio to be submitted at the end of term.  Concurrent enrollment in 1.95J strongly recommended. Enrollment limited by availability of suitable teaching assignments.<br>Information: Academic Program Office<br>No textbook information available","title":"1.984 Teaching Experience in Civil and Environmental Engineering"}