{"id":"1.984","school":"MIT","subject":"Civil and Environmental Engineering","semester":"Fall","description":"<a name=\"1.984\"></a><p><h3>1.984 Teaching Experience in Civil and Environmental Engineering</h3>  (, )Prereq: Permission of instructorUnits: 0-2-0URL: <a href=\"http://cee.mit.edu/node/20160\">http://cee.mit.edu/node/20160</a>TBA. <!--s-->Provides classroom teaching experience under the supervision of faculty member(s). Students prepare instructional material, deliver lectures, grade assignments, and prepare a teaching portfolio to be submitted at the end of term.  Concurrent enrollment in 1.95J strongly recommended. Enrollment limited by availability of suitable teaching assignments.Information: Academic Program OfficeNo textbook information available</p><!--end-->","title":"1.984 Teaching Experience in Civil and Environmental Engineering"}