{"id":"1.EPE","school":"MIT","subject":"Civil and Environmental Engineering","semester":"Fall","description":"<a name=\"1.EPE\"></a><p><h3>1.EPE UPOP Engineering Practice Experience</h3>  (, )Engineering School-Wide Elective Subject. (Offered under: <A HREF=\"m1c.html#1.EPE\">1.EPE</A>, <A HREF=\"m2c.html#2.EPE\">2.EPE</A>, <A HREF=\"m3b.html#3.EPE\">3.EPE</A>, <A HREF=\"m6c.html#6.EPE\">6.EPE</A>, <A HREF=\"m10b.html#10.EPE\">10.EPE</A>, <A HREF=\"m16a.html#16.EPE\">16.EPE</A>, <A HREF=\"m22a.html#22.EPE\">22.EPE</A>)Prereq: <a href=\"m2c.html#2.EPW\">2.EPW</a> or permission of instructorUnits: 0-0-1 [P/D/F]TBA. <!--s-->Provides sophomores with guided practice in finding opportunities and excelling in the world of practice. Building on the skills and relationships acquired in the Engineering Practice Workshop, students receive coaching to articulate goals, invoke the UPOP network of mentors and employers, identify and pursue opportunities and negotiate terms of their summer assignment. Students complete a 10-12 week internship, which includes filing three progress reports, conducting one informational interview, and possibly hosting a site visit by MIT staff.  Returning to campus as juniors, UPOP students take part in reflective exercises that aid assimilation of learning objectives and reinforce the cognitive link between all aspects of the UPOP experience and disciplinary fields of study. Sequence begins in the spring of sophomore year and ends in the fall of junior year.<I>Staff</I>No textbook information available</p><!--end-->","title":"1.EPE UPOP Engineering Practice Experience"}