{"id":"1.THU","school":"MIT","subject":"Civil and Environmental Engineering","semester":"Fall","description":"<a name=\"1.THU\"></a><p><h3>1.THU Undergraduate Thesis</h3>  (, , , ) Prereq: Permission of instructorUnits arrangedTBA. <!--s-->Program of research leading to the writing of an S.B. thesis; to be arranged by the student and an appropriate MIT faculty member.  Intended for seniors. Student must submit an approved thesis proposal to the Academic Programs Office by the fifth week of the first term the student is registered for thesis.<I>Consult Department Academic Programs Office</I>Textbooks arranged individually</p><!--end--><a name=\"1.UR\"></a><p><h3>1.UR Research in Civil and Environmental Engineering</h3>  (, , , ) Prereq: NoneUnits arranged [P/D/F]TBA. <!--s-->No required or recommended textbooks (Summer 2014); Textbooks arranged individually (Fall 2014)","title":"1.THU Undergraduate Thesis"}