{"id":"1.THU","school":"MIT","subject":"Civil and Environmental Engineering","semester":"Fall","description":"Program of research leading to the writing of an S.B. thesis; to be arranged by the student and an appropriate MIT faculty member.  Intended for seniors. Student must submit an approved thesis proposal to the Academic Programs Office by the fifth week of the first term the student is registered for thesis.<br><I>Consult Department Academic Programs Office</I><br>Textbooks arranged individually","title":"1.THU Undergraduate Thesis"}