{"id":"10.25","school":"MIT","subject":"Chemical Engineering","semester":"Fall","description":"Chemical and engineering principles involved in creation and operation of viable industrial processes. Topics: analysis of process chemistry by p-pathways (i.e., radical, ionic, and pericyclic reactions of organic syntheses) and d-pathways (i.e., catalysis by transition-metal complexes). Use of reaction mechanisms for inference of co-product formation, kinetics, and equilibria: process synthesis logic related to reaction selectivity, recycle, separations. Illustrations drawn from current and contemplated commercial practice.<br><I>P. S. Virk</I><br>No required or recommended textbooks","title":"10.25 Industrial Chemistry and Chemical Process Pathways","time":"12:00 p.m. - 1:00 p.m.","location":"66-16","meets":"Monday,Wednesday,Friday"}