{"id":"10.28","school":"MIT","subject":"Chemical Engineering","semester":"Fall","description":"Introduces the complete design of the bioprocess: from vector selection to production, separation, and characterization of recombinant products. Utilize concepts from many fields, such as, chemical and electrical engineering, and biology. Student teams work through parallel modules spanning microbial fermentation and animal cell culture. With the bioreactor at the core of the experiments, students study cell metabolism and biological pathways, kinetics of cell growth and product formation, oxygen mass transport, scale-up and techniques for the design of process control loops. Introduces novel bioreactors and powerful analytical instrumentation. Downstream processing and recombinant product purification also included. Enrollment limited.<br><I>J.-F. Hamel, Greg Stephanopoulos</I><br>No required or recommended textbooks","title":"10.28 Chemical-Biological Engineering Laboratory","time":"3:00 p.m. - 4:00 p.m.","location":"66-16","meets":"Monday"}