{"id":"10.302","school":"MIT","subject":"Chemical Engineering","semester":"Fall","description":"<a name=\"10.302\"></a><p><h3>10.302 Transport Processes</h3>  ()Prereq: <a href=\"m5b.html#5.60\">5.60</a>, <a href=\"m10a.html#10.301\">10.301</a>, <a href=\"m10a.html#10.213\">10.213</a>; or permission of instructorUnits: 4-0-8<b>Lecture:</b> <i>MWF12</i> (<a href=\"http://whereis.mit.edu/map-jpg?mapterms=66\">66-110</a>) <b>Recitation:</b> <i>T11</i> (<a href=\"http://whereis.mit.edu/map-jpg?mapterms=66\">66-110</a>) or <i>T12</i> (<a href=\"http://whereis.mit.edu/map-jpg?mapterms=66\">66-110</a>) <i><b>+final</b></i><!--s-->Principles of heat and mass transfer. Steady and transient conduction and diffusion. Radiative heat transfer. Convective transport of heat and mass in both laminar and turbulent flows.  Emphasis on the development of a physical understanding of the underlying phenomena and upon the ability to solve real heat and mass transfer problems of engineering significance.<I>T. A. Hatton, W. A. Tisdale</I><a href=\"javascript:PopUpHelp('http://sisapp.mit.edu/textbook/books.html?Term=2015FA&Subject=10.302');\" >Textbooks (Fall 2014)</a></font></p><!--end--><a name=\"10.32\"></a><p><h3>10.32 Separation Processes</h3>  ()Prereq: <a href=\"m10a.html#10.213\">10.213</a>, <a href=\"m10a.html#10.302\">10.302</a>Units: 2-0-4General principles of separation by equilibrium and rate processes. Staged cascades. Applications to distillation, absorption, adsorption, and membrane processes. Use of material balances, phase equilibria, and diffusion to understand and design separation processes.<I>A. S. Myerson</I></p><!--end-->","title":"10.302 Transport Processes","time":"12:00 p.m. - 1:00 p.m.","location":"66-11","meets":"Monday,Wednesday,Friday"}