{"id":"10.302","school":"MIT","subject":"Chemical Engineering","semester":"Fall","description":"Principles of heat and mass transfer. Steady and transient conduction and diffusion. Radiative heat transfer. Convective transport of heat and mass in both laminar and turbulent flows.  Emphasis on the development of a physical understanding of the underlying phenomena and upon the ability to solve real heat and mass transfer problems of engineering significance.<br><I>T. A. Hatton, W. A. Tisdale</I><br><a href=\"javascript:PopUpHelp('http://sisapp.mit.edu/textbook/books.html?Term=2015FA&Subject=10.302');\" >Textbooks (Fall 2014)</a></font>","title":"10.302 Transport Processes","time":"12:00 p.m. - 1:00 p.m.","location":"66-11","meets":"Monday,Wednesday,Friday"}