{"id":"10.333","school":"MIT","subject":"Chemical Engineering","semester":"Fall","description":"Basic concepts of computer modeling and simulation in science and engineering. Uses techniques and software for simulation, data analysis and visualization. Continuum, mesoscale, atomistic and quantum methods used to study fundamental and applied problems in physics, chemistry, materials science, mechanics, engineering, and biology. Examples drawn from the disciplines above are used to understand or characterize complex structures and materials, and complement experimental observations.<br><I>M. Buehler, M. Demkowicz</I><br>No required or recommended textbooks","title":"10.333 Introduction to Modeling and Simulation","time":"3:00 p.m. - 4:00 p.m.","location":"4-15","meets":"Tuesday,Thursday"}