{"id":"10.538","school":"MIT","subject":"Chemical Engineering","semester":"Fall","description":"<a name=\"10.538\"></a><p><h3>10.538J Biomolecular Kinetics and Cellular Dynamics</h3>  () (Same subject as <A HREF=\"m20a.html#20.420\">20.420J</A>)Prereq: <a href=\"m7a.html#7.06\">7.06</a>, <a href=\"m18a.html#18.03\">18.03</a>Units: 3-0-9<b>Lecture:</b> <i>TR9.30-11</i> (<a href=\"http://whereis.mit.edu/map-jpg?mapterms=56\">56-614</a>)<!--s-->Fundamental analysis of biological rate processes using approaches from biomolecular reaction kinetics and dynamical systems engineering. Topics include binding and hybridization interactions, enzyme reactions, metabolic cycles, gene regulation, receptor/ligand trafficking systems, intra- and intercellular signaling, and cell population dynamics.<I>A. Jasanoff, K. D. Wittrup</I>No textbook information available</p><!--end-->","title":"10.538J Biomolecular Kinetics and Cellular Dynamics","time":"9:00 a.m. - 10:00 a.m.","location":"56-61","meets":"Tuesday,Thursday"}