{"id":"10.538","school":"MIT","subject":"Chemical Engineering","semester":"Fall","description":"Fundamental analysis of biological rate processes using approaches from biomolecular reaction kinetics and dynamical systems engineering. Topics include binding and hybridization interactions, enzyme reactions, metabolic cycles, gene regulation, receptor/ligand trafficking systems, intra- and intercellular signaling, and cell population dynamics.<br><I>A. Jasanoff, K. D. Wittrup</I><br>No textbook information available","title":"10.538J Biomolecular Kinetics and Cellular Dynamics","time":"9:00 a.m. - 10:00 a.m.","location":"56-61","meets":"Tuesday,Thursday"}