{"id":"10.539","school":"MIT","subject":"Chemical Engineering","semester":"Fall","description":"<a name=\"10.539\"></a><p><h3>10.539J Fields, Forces, and Flows in Biological Systems</h3>  () (Same subject as <A HREF=\"m2b.html#2.795\">2.795J</A>, <A HREF=\"m6b.html#6.561\">6.561J</A>, <A HREF=\"m20a.html#20.430\">20.430J</A>, <A HREF=\"mHSTa.html#HST.544\">HST.544J</A>)Prereq: <a href=\"m6a.html#6.013\">6.013</a>, <a href=\"m2a.html#2.005\">2.005</a>, <a href=\"m10a.html#10.302\">10.302</a>, or permission of instructorUnits: 3-0-9<b>Lecture:</b> <i>MW1-2.30</i> (<a href=\"http://whereis.mit.edu/map-jpg?mapterms=32\">32-124</a>) <i><b>+final</b></i><!--s-->Molecular diffusion, diffusion-reaction, conduction, convection in biological systems; fields in heterogeneous media; electrical double layers; Maxwell stress tensor, electrical forces in physiological systems. Fluid and solid continua: equations of motion useful for porous, hydrated biological tissues. Case studies of membrane transport, electrode interfaces, electrical, mechanical, and chemical transduction in tissues, convective-diffusion/reaction, electrophoretic, electroosmotic flows in tissues/MEMs, and ECG. Electromechanical and physicochemical interactions in cells and biomaterials; musculoskeletal, cardiovascular, and other biological and clinical examples.<I>M. Bathe, A. J. Grodzinsky, R. D. Kamm</I><a href=\"javascript:PopUpHelp('http://sisapp.mit.edu/textbook/books.html?Term=2015FA&Subject=10.539');\" >Textbooks (Fall 2014)</a></font></p><!--end-->","title":"10.539J Fields, Forces, and Flows in Biological Systems","time":"1:00 p.m. - 2:00 p.m.","location":"32-12","meets":"Monday,Wednesday"}