{"id":"10.546","school":"MIT","subject":"Chemical Engineering","semester":"Fall","description":"Develops classical equilibrium statistical mechanical concepts for application to chemical physics problems. Basic concepts of ensemble theory formulated on the basis of thermodynamic fluctuations. Examples of applications include Ising models, lattice models of binding, ionic and non-ionic solutions, liquid theory, polymer and protein conformations, phase transition, and pattern formation. Introduces computational techniques with examples of liquid and polymer simulations.<br><I>A. Willard</I><br><a href=\"javascript:PopUpHelp('http://sisapp.mit.edu/textbook/books.html?Term=2015FA&Subject=10.546');\" >Textbooks (Fall 2014)</a></font>","title":"10.546J Statistical Thermodynamics","time":"8:00 a.m. - 9:00 a.m.","location":"4-23","meets":"Monday,Wednesday"}