{"id":"10.586","school":"MIT","subject":"Chemical Engineering","semester":"Fall","description":"<a name=\"10.586\"></a><p><h3>10.586 Crystallization Science and Technology</h3>  () Prereq: <a href=\"m10a.html#10.213\">10.213</a>Units: 3-0-6<b>Lecture:</b> <i>TR12.30-2</i> (<a href=\"http://whereis.mit.edu/map-jpg?mapterms=26\">26-168</a>)<!--s-->Studies the nucleation and growth of crystals from a melt or a liquid solution and their important role in a wide range of applications, including pharmaeuticals, proteins, and semiconductor materials. Provides background information and covers topics needed to understand, perform experiments, construct and simulate mechanistic models, and design, monitor, and control crystallization processes. Limited to 30.<I>A. S. Myerson, R. D. Braatz</I>No required or recommended textbooks</p><!--end-->","title":"10.586 Crystallization Science and Technology","time":"12:00 p.m. - 1:00 p.m.","location":"26-16","meets":"Tuesday,Thursday"}