{"id":"10.591","school":"MIT","subject":"Chemical Engineering","semester":"Fall","description":"Analysis and discussion of recent research in areas of bioengineering, including drug delivery, protein and tissue engineering, physiological transport, stem cell technology, and quantitative immunology by senior investigators in the Boston area.  Students will read and critique papers, then have discussions with authors about their work.<br><I>C. K. Colton</I><br>No required or recommended textbooks","title":"10.591 Case Studies in Bioengineering","time":"","location":"66-14","meets":"Tuesday"}