{"id":"10.539","school":"MIT","subject":"Chemical Engineering","semester":"Fall","description":"Molecular diffusion, diffusion-reaction, conduction, convection in biological systems; fields in heterogeneous media; electrical double layers; Maxwell stress tensor, electrical forces in physiological systems. Fluid and solid continua: equations of motion useful for porous, hydrated biological tissues. Case studies of membrane transport, electrode interfaces, electrical, mechanical, and chemical transduction in tissues, convective-diffusion/reaction, electrophoretic, electroosmotic flows in tissues/MEMs, and ECG. Electromechanical and physicochemical interactions in cells and biomaterials; musculoskeletal, cardiovascular, and other biological and clinical examples.<br><I>M. Bathe, A. J. Grodzinsky, R. D. Kamm</I><br><a href=\"javascript:PopUpHelp('http://sisapp.mit.edu/textbook/books.html?Term=2015FA&Subject=10.539');\" >Textbooks (Fall 2014)</a></font>","title":"10.539J Fields, Forces, and Flows in Biological Systems","time":"1:00 p.m. - 2:00 p.m.","location":"32-12","meets":"Monday,Wednesday"}