{"id":"10.50","school":"MIT","subject":"Chemical Engineering","semester":"Fall","description":"Unified treatment of heat transfer, mass transfer, and fluid mechanics, emphasizing scaling concepts in formulating models and analytical methods for obtaining solutions. Topics include conduction and diffusion, laminar flow regimes, convective heat and mass transfer, and simultaneous heat and mass transfer with chemical reaction or phase change.<br><I>W. M. Deen, M. Z. Bazant</I><br><a href=\"javascript:PopUpHelp('http://sisapp.mit.edu/textbook/books.html?Term=2015FA&Subject=10.50');\" >Textbooks (Fall 2014)</a></font>","title":"10.50 Analysis of Transport Phenomena","time":"1:00 p.m. - 2:00 p.m.","location":"66-11","meets":"Monday,Wednesday,Friday"}