{"id":"10.537","school":"MIT","subject":"Chemical Engineering","semester":"Fall","description":"<a name=\"10.537\"></a><p><h3>10.537J Molecular, Cellular, and Tissue Biomechanics</h3>  () (Same subject as <A HREF=\"m2b.html#2.798\">2.798J</A>, <A HREF=\"m3b.html#3.971\">3.971J</A>, <A HREF=\"m6b.html#6.524\">6.524J</A>, <A HREF=\"m20a.html#20.410\">20.410J</A>)Prereq: <a href=\"./search.cgi?search=&cred=b\" title=\"7.012, 7.013, 7.014, 7.015, 7.016\">Biology (GIR)</a>; <a href=\"m2a.html#2.002\">2.002</a>, <a href=\"m2a.html#2.006\">2.006</a>, <a href=\"m6a.html#6.013\">6.013</a>, <a href=\"m10a.html#10.301\">10.301</a>, or <a href=\"m10a.html#10.302\">10.302</a>Units: 3-0-9<b>Lecture:</b> <i>TR10.30-12</i> (<a href=\"http://whereis.mit.edu/map-jpg?mapterms=9\">9-152</a>)<!--s-->Develops and applies scaling laws and the methods of continuum mechanics to biomechanical phenomena over a range of length scales. Topics include structure of tissues and the molecular basis for macroscopic properties; chemical and electrical effects on mechanical behavior; cell mechanics, motility and adhesion; biomembranes; biomolecular mechanics and molecular motors. Experimental methods for probing structures at the tissue, cellular, and molecular levels.<I>R. D. Kamm, K. Van Vliet</I>No required or recommended textbooks</p><!--end-->","title":"10.537J Molecular, Cellular, and Tissue Biomechanics","time":"10:00 a.m. - 11:00 a.m.","location":"9-15","meets":"Tuesday,Thursday"}