{"id":"10.677","school":"MIT","subject":"Chemical Engineering","semester":"Fall","description":"<a name=\"10.677\"></a><p><h3>10.677 Topics in Applied Microfluidics(New)</h3>  () Prereq: <a href=\"m10a.html#10.301\">10.301</a> or permission of instructor.Units: 3-0-6<b>Lecture:</b> <i>TR4-5.30</i> (<a href=\"http://whereis.mit.edu/map-jpg?mapterms=66\">66-154</a>)<!--s-->Provides an introduction to the field of microfluidics. Reviews fundamental concepts in transport phenomena and dimensional analysis, focusing on new phenomena which arise at small scales. Discusses current applications, with an emphasis on the contributions engineers bring to the field. Local and visiting experts in the field discuss their work. Limited to 30.<I>P. Doyle</I><a href=\"javascript:PopUpHelp('http://sisapp.mit.edu/textbook/books.html?Term=2015FA&Subject=10.677');\" >Textbooks (Fall 2014)</a></font></p><!--end-->","title":"10.677 Topics in Applied Microfluidics","time":"4:00 p.m. - 5:00 p.m.","location":"66-15","meets":"Tuesday,Thursday"}