{"id":"10.702","school":"MIT","subject":"Chemical Engineering","semester":"Fall","description":"Introduction to the experimental concepts and methods of molecular biology, biochemistry, and genetic analysis. Emphasis on experimental design, critical data analysis, and the development of written communications skills. 12 units may be applied to the General Institute Laboratory Requirement. Concurrent registration with 7.03 strongly recommended. Enrollment limited.<br>Fall: <I>L. Boyer, P. Gupta, K. D. Wittrup</I><br>Spring: <I>M. Gehring,  T. Schwartz, K. D. Wittrup</I><br>No textbook information available","title":"10.702J Introduction to Experimental Biology and Communication","time":"11:00 a.m. - 12:00 p.m.","location":"4-27","meets":"Tuesday,Thursday"}