{"id":"10.86","school":"MIT","subject":"Chemical Engineering","semester":"Fall","description":"Conducted at industrial field stations of the School of Chemical Engineering Practice. Group problem assignments include process development design, simulation and control, technical service, and new-product development. Grading based on technical accomplishment. Credit granted in lieu of master's thesis. See departmental descripton on School of Chemical Engineering Practice for details. Enrollment limited and subject to plant availability.<br><I>T. A. Hatton</I><br><b>10.80:</b> No textbook information available (Summer 2014); No required or recommended textbooks (Fall 2014)<br><b>10.82:</b> No textbook information available (Summer 2014); No required or recommended textbooks (Fall 2014)<br><b>10.84:</b> No textbook information available (Summer 2014); No required or recommended textbooks (Fall 2014)<br><b>10.86:</b> No required or recommended textbooks","title":"10.80 (10.82, 10.84, 10.86) School of Chemical Engineering Practice -- Technical Accomplishment"}