{"id":"10.954","school":"MIT","subject":"Chemical Engineering","semester":"Fall","description":"<a name=\"10.954\"></a><p><h3>10.954 Seminar in Applied Optical Spectroscopy</h3>  (, ) Prereq: Permission of instructorUnits: 2-0-4 [P/D/F]<b>Lecture:</b> <i>T2.30-4.30</i> (<a href=\"http://whereis.mit.edu/map-jpg?mapterms=E17\">E17-517</a>)<!--s-->Research seminars given by students, postdocs, and visitors. Topics covered include applied optical spectroscopy and imaging, with particular emphasis on nanomaterials and how they relate to alternative energy technologies.<I>W. A. Tisdale</I>No required or recommended textbooks</p><!--end-->","title":"10.954 Seminar in Applied Optical Spectroscopy"}