{"id":"10.957","school":"MIT","subject":"Chemical Engineering","semester":"Fall","description":"<a name=\"10.957\"></a><p><h3>10.957 Seminar in Bioengineering Technology</h3>  (, ) Prereq: Permission of instructorUnits: 2-0-4 [P/D/F]<b>Lecture:</b> <i>W9-11</i> (<a href=\"http://whereis.mit.edu/map-jpg?mapterms=46\">46-5305</a>)<!--s-->Research seminars presented by students and guest speakers on emerging biotechnologies.<I>K. Chung</I>No required or recommended textbooks</p><!--end-->","title":"10.957 Seminar in Bioengineering Technology","time":"9:00 a.m. - 10:00 a.m.","location":"46-530","meets":"Wednesday"}