{"id":"10.965","school":"MIT","subject":"Chemical Engineering","semester":"Fall","description":"<a name=\"10.965\"></a><p><h3>10.965 Seminar in Biosystems Engineering</h3>  (, ) Prereq: Permission of instructorUnits: 2-0-4 [P/D/F]<b>Lecture:</b> <i>T9-11</i> (<a href=\"http://whereis.mit.edu/map-jpg?mapterms=76\">76-258</a>)<!--s-->Advanced topics on the state-of-the-art in design and implementation of analytical processes for biological systems, including single-cell analysis, micro/nanotechnologies, systems biology, biomanufacturing, and process engineering.  Seminars and discussions guided by the research interests of participating graduate students, postdoctoral associates, faculty, and visiting lecturers.<I>J. C. Love</I>No required or recommended textbooks</p><!--end-->","title":"10.965 Seminar in Biosystems Engineering","time":"9:00 a.m. - 10:00 a.m.","location":"76-25","meets":"Tuesday"}