{"id":"10.966","school":"MIT","subject":"Chemical Engineering","semester":"Fall","description":"<a name=\"10.966\"></a><p><h3>10.966 Seminar in Drug Delivery, Biomaterials, and Tissue Engineering</h3>  (, ) Prereq: Permission of instructorUnits: 2-0-4 [P/D/F]<b>Lecture:</b> <i>W12-2</i> (<a href=\"http://whereis.mit.edu/map-jpg?mapterms=76\">76-659</a>)<!--s-->Focuses on presentations by students and staff on current research in the area of drug delivery, biomaterials, and tissue engineering. Includes topics such as nanotherapeutics, intracellular delivery, and therapies for diabetes.<I>D. G. Anderson</I>No required or recommended textbooks</p><!--end-->","title":"10.966 Seminar in Drug Delivery, Biomaterials, and Tissue Engineering","time":"12:00 p.m. - 1:00 p.m.","location":"76-65","meets":"Wednesday"}