{"id":"10.974","school":"MIT","subject":"Chemical Engineering","semester":"Fall","description":"<a name=\"10.974\"></a><p><h3>10.974 Seminar in Chemical Engineering Nanotechnology</h3>  (, ) Prereq: Permission of instructorUnits: 2-0-4 [P/D/F]<b>Lecture:</b> <i>T EVE (4-6 PM)</i> (<a href=\"http://whereis.mit.edu/map-jpg?mapterms=56\">56-114</a>)<!--s-->Seminar covering topics related to current research in the application of chemical engineering principles to nanotechnology. Limited to 30.<I>M. S. Strano</I>No required or recommended textbooks</p><!--end-->","title":"10.974 Seminar in Chemical Engineering Nanotechnology","time":"","location":"56-11","meets":"Tuesday"}