{"id":"10.995","school":"MIT","subject":"Chemical Engineering","semester":"Fall","description":"Graduate students, postdoctoral fellows, visiting scientists, and guest industrial practitioners to present their own research and highlight important advances from the literature in biochemical and bioprocess engineering. Topics of interest include metabolic engineering, novel microbial pathway design and optimization, synthetic biology, and applications of molecular biology to bioprocess development.<br><I>K. J. Prather, N. Maheshri</I><br>No required or recommended textbooks","title":"10.995 Cellular and Metabolic Engineering"}