{"id":"10.955","school":"MIT","subject":"Chemical Engineering","semester":"Fall","description":"Designed to allow students to present and discuss their research in the area of electrochemical engineering with a particular emphasis on energy storage and conversion (e.g., batteries, fuel cells, electroreactors).  Specific topics include active materials design, electroanalytical platform development, and integration of electrochemical and imaging techniques.<br><I>F. R. Brushett</I><br>No required or recommended textbooks","title":"10.955 Seminar in Electrochemical Engineering","time":"","location":"66-36","meets":"Thursday"}