{"id":"10.987","school":"MIT","subject":"Chemical Engineering","semester":"Fall","description":"<a name=\"10.987\"></a><p><h3>10.987 Solid Thin Films and Interfaces</h3>  (, ) Prereq: Permission of instructorUnits: 2-0-4 [P/D/F]<b>Lecture:</b> <i>W2.30-4</i> (<a href=\"http://whereis.mit.edu/map-jpg?mapterms=66\">66-360</a>)<!--s-->Current research topics and fundamental issues relating to the deposition and properties of solid thin films and interfaces. Emphasis on applying analytical techniques, such as solid-state NMR, to explore the thermodynamics and kinetics of growth, defect formation, and structural modification incurred during film growth and post processing.<I>K. K. Gleason</I>No required or recommended textbooks</p><!--end-->","title":"10.987 Solid Thin Films and Interfaces","time":"2:00 p.m. - 3:00 p.m.","location":"66-36","meets":"Wednesday"}