{"id":"10.975","school":"MIT","subject":"Chemical Engineering","semester":"Fall","description":"<a name=\"10.975\"></a><p><h3>10.975 Seminar in Polymer Science and Engineering</h3>  (, ) Prereq: Permission of instructorUnits: 2-0-4 [P/D/F]<b>Lecture:</b> <i>T12-2</i> (<a href=\"http://whereis.mit.edu/map-jpg?mapterms=76\">76-559</a>, <a href=\"http://whereis.mit.edu/map-jpg?mapterms=E17\">E17-517</a>) or <i>W12-2</i> (<a href=\"http://whereis.mit.edu/map-jpg?mapterms=66\">66-360</a>)<!--s-->Research seminars, presented by students engaged in thesis work in the field of polymers and by visiting lecturers from industry and academia.<I>R. E. Cohen, P. T. Hammond, G. C. Rutledge</I>No required or recommended textbooks</p><!--end-->","title":"10.975 Seminar in Polymer Science and Engineering"}