{"id":"10.985","school":"MIT","subject":"Chemical Engineering","semester":"Fall","description":"Focuses on the state of the art in the systems engineering of materials products and materials manufacturing processes. Addresses topics such as pharmaceuticals manufacturing, polymeric drug delivery systems, and nano- and microstructured materials. Discussions guided by the research interests of participating students. Includes techniques from applied mathematics and numerical methods, multiscale systems analysis, and control theory.<br><I>R. D. Braatz</I><br>No required or recommended textbooks","title":"10.985 Seminar in Materials Systems Engineering","time":"12:00 p.m. - 1:00 p.m.","location":"66-36","meets":"Monday"}