{"id":"10.965","school":"MIT","subject":"Chemical Engineering","semester":"Fall","description":"Advanced topics on the state-of-the-art in design and implementation of analytical processes for biological systems, including single-cell analysis, micro/nanotechnologies, systems biology, biomanufacturing, and process engineering.  Seminars and discussions guided by the research interests of participating graduate students, postdoctoral associates, faculty, and visiting lecturers.<br><I>J. C. Love</I><br>No required or recommended textbooks","title":"10.965 Seminar in Biosystems Engineering","time":"9:00 a.m. - 10:00 a.m.","location":"76-25","meets":"Tuesday"}