{"id":"10.998","school":"MIT","subject":"Chemical Engineering","semester":"Fall","description":"<a name=\"10.998\"></a><p><h3>10.998 Seminar in Crystallization Science and Technology</h3>  (, ) Prereq: NoneUnits: 2-0-4 [P/D/F]<b>Lecture:</b> <i>W EVE (4-6 PM)</i> (<a href=\"http://whereis.mit.edu/map-jpg?mapterms=E19\">E19-758</a>)<!--s-->Focuses on current topics related to crystallization science and technology in the chemical, pharmaceutical and food industries. Discusses fundamental work on nucleation, polymorphism, impurity crystal interactions and nano-crystal formation, along with industrial applications of crystallization.<I>A. S. Myerson</I>No required or recommended textbooks</p><!--end-->","title":"10.998 Seminar in Crystallization Science and Technology"}