{"id":"10.911","school":"MIT","subject":"Chemical Engineering","semester":"Fall","description":"<a name=\"10.911\"></a><h3>10.911 Independent Research Problem</h3>  (, , , ) Prereq: NoneUnits arranged [P/D/F]TBA. <!--s-->For undergraduate students who wish to carry out a special investigation in a particular field. Topic and hours arranged.<I>B. S. Johnston</I>No textbook information available (Summer 2014); No required or recommended textbooks (Fall 2014)</p><!--end-->","title":"10.911 Independent Research Problem"}