{"id":"10.968","school":"MIT","subject":"Chemical Engineering","semester":"Fall","description":"<a name=\"10.968\"></a><p><h3>10.968 Seminar in Biomolecular Engineering</h3>  (, ) Prereq: Permission of instructorUnits: 2-0-4 [P/D/F]<b>Lecture:</b> <i>M1-3</i> (<a href=\"http://whereis.mit.edu/map-jpg?mapterms=E17\">E17-517</a>)<!--s-->Covers research progress in the area of design, testing and mechanistic investigation of novel molecular systems for biotechnological applications.<I>H. D. Sikes</I>No required or recommended textbooks</p><!--end-->","title":"10.968 Seminar in Biomolecular Engineering"}