{"id":"10.982","school":"MIT","subject":"Chemical Engineering","semester":"Fall","description":"<a name=\"10.982\"></a><p><h3>10.982 Seminar in Experimental Colloid and Surface Chemistry</h3>  (, ) Prereq: Permission of instructorUnits: 2-0-4 [P/D/F]<b>Lecture:</b> <i>T EVE (4-6 PM)</i> (<a href=\"http://whereis.mit.edu/map-jpg?mapterms=66\">66-360</a>)<!--s-->In-depth discussion of fundamental physical relationships underlying techniques commonly used in the study of colloids and surfaces with a focus on recent advances and experimental applications. Topics have included the application of steady-state and time-resolved fluorescence spectroscopies, infrared spectroscopy, and scanning probe microscopies.<I>T. A. Hatton</I>No required or recommended textbooks</p><!--end-->","title":"10.982 Seminar in Experimental Colloid and Surface Chemistry","time":"","location":"66-36","meets":"Tuesday"}