{"id":"10.973","school":"MIT","subject":"Chemical Engineering","semester":"Fall","description":"<a name=\"10.973\"></a><p><h3>10.973 Bioengineering</h3>  (, ) Prereq: Permission of instructorUnits: 2-0-4 [P/D/F]<b>Lecture:</b> <i>F1-3</i> (<a href=\"http://whereis.mit.edu/map-jpg?mapterms=66\">66-360</a>)<!--s-->Seminar covering topics related to current research in the application of chemical engineering principles to biomedical science and biotechnology.<I>C. K. Colton</I>No required or recommended textbooks</p><!--end-->","title":"10.973 Bioengineering","time":"1:00 p.m. - 2:00 p.m.","location":"66-36","meets":"Friday"}