{"id":"10.987","school":"MIT","subject":"Chemical Engineering","semester":"Fall","description":"Current research topics and fundamental issues relating to the deposition and properties of solid thin films and interfaces. Emphasis on applying analytical techniques, such as solid-state NMR, to explore the thermodynamics and kinetics of growth, defect formation, and structural modification incurred during film growth and post processing.<br><I>K. K. Gleason</I><br>No required or recommended textbooks","title":"10.987 Solid Thin Films and Interfaces","time":"2:00 p.m. - 3:00 p.m.","location":"66-36","meets":"Wednesday"}