{"id":"10.964","school":"MIT","subject":"Chemical Engineering","semester":"Fall","description":"<a name=\"10.964\"></a><p><h3>10.964 Seminar on Transport Theory</h3>  (, ) Prereq: Permission of instructorUnits: 2-0-4 [P/D/F]<b>Lecture:</b> <i>M11-12.30</i> (<a href=\"http://whereis.mit.edu/map-jpg?mapterms=66\">66-0042</a>)<!--s-->Research seminars presented by students and guest speakers on mathematical modeling of transport phenomena, focusing on electrochemical systems, electrokinetics, and microfluidics.<I>M. Z. Bazant</I>No required or recommended textbooks</p><!--end-->","title":"10.964 Seminar on Transport Theory","time":"11:00 a.m. - 12:00 p.m.","location":"66-004","meets":"Monday"}