{"id":"10.989","school":"MIT","subject":"Chemical Engineering","semester":"Fall","description":"Research seminars, presented by graduate students and visitors from industry and academia, covering a broad range of topics of current interest in biotechnology. Discussion focuses on generic questions with potential biotechnological applications and the quest for solutions through a coordinated interdisciplinary approach.<br><I>Gr. Stephanopoulos</I><br>No required or recommended textbooks","title":"10.989 Seminar in Biotechnology","time":"12:00 p.m. - 1:00 p.m.","location":"66-36","meets":"Thursday"}