{"id":"10.976","school":"MIT","subject":"Chemical Engineering","semester":"Fall","description":"<a name=\"10.976\"></a><p><h3>10.976 Process Design, Operations, and Control</h3>  (, ) Prereq: Permission of instructorUnits: 2-0-4 [P/D/F]<b>Lecture:</b> <i>R4-5.30</i> (<a href=\"http://whereis.mit.edu/map-jpg?mapterms=E17\">E17-517</a>)<!--s-->Seminars on the state of the art in design, operations, and control of processing systems, with emphasis on computer-based tools. Discussions guided by the research interests of participating students. Topics include mathematical and numerical techniques, representational methodologies, and software development.<I>P. I. Barton</I>No required or recommended textbooks</p><!--end-->","title":"10.976 Process Design, Operations, and Control"}