{"id":"10.983","school":"MIT","subject":"Chemical Engineering","semester":"Fall","description":"Advanced topics in synthesis of materials through processes involving transport phenomena and chemical reactions. Chemical vapor deposition, modeling, and experimental approaches to kinetics of gas phase and surface reactions, transport phenomena in complex systems, materials synthesis, and materials characterization. Design fabrication and applications of microfabricated chemical systems. Seminars by graduate students, postdoctoral associates, participating faculty, and visiting lecturers.<br><I>K. F. Jensen</I><br>No required or recommended textbooks","title":"10.983 Reactive Processing and Microfabricated Chemical Systems","time":"","location":"66-36","meets":"Wednesday"}