{"id":"10.THG","school":"MIT","subject":"Chemical Engineering","semester":"Fall","description":"<a name=\"10.THG\"></a><p><h3>10.THG Graduate Thesis</h3>  (, , , )  Prereq: Permission of instructorUnits arrangedTBA. <!--s-->Program of research leading to the writing of an SM, PhD, or ScD thesis; to be arranged by the student and appropriate MIT faculty member.<I>P. S. Doyle</I>Textbooks arranged individually (Summer 2014); No required or recommended textbooks (Fall 2014)</p><!--end-->","title":"10.THG Graduate Thesis"}