{"id":"10.THU","school":"MIT","subject":"Chemical Engineering","semester":"Fall","description":"<a name=\"10.THU\"></a><p><h3>10.THU Undergraduate Thesis</h3>  (, , ) Prereq: NoneUnits arrangedTBA. <!--s-->Program of research leading to writing an SB thesis; topic arranged between student and MIT faculty member.<I>B. S. Johnston</I>Textbooks arranged individually (Summer 2014); No required or recommended textbooks (Fall 2014)</p><!--end--><a name=\"10.UR\"></a><p><h3>10.UR Undergraduate Research</h3>  (, , ) Prereq: NoneUnits arranged [P/D/F]TBA. <!--s-->Textbooks arranged individually (Summer 2014); No required or recommended textbooks (Fall 2014)","title":"10.THU Undergraduate Thesis"}