{"id":"11.006","school":"MIT","subject":"Urban Studies and Planning","semester":"Fall","description":"Explores the evolution of poverty and economic security in the US within a global context.  Examines the impacts of recent economic restructuring and globalization.  Reviews current debates about the fate of the middle class, sources of increasing inequality, and approaches to advancing economic opportunity and security.<br><I>P. Clay</I><br><a href=\"javascript:PopUpHelp('http://sisapp.mit.edu/textbook/books.html?Term=2015FA&Subject=11.006');\" >Textbooks (Fall 2014)</a></font>","title":"11.006 Poverty and Economic Security","time":"11:00 a.m. - 12:00 p.m.","location":"9-450","meets":"Tuesday"}