{"id":"11.014","school":"MIT","subject":"Urban Studies and Planning","semester":"Fall","description":"Seminar on the history of selected features of the physical environment of urban America. Among the features considered are parks, cemeteries, tenements, suburbs, zoos, skyscrapers, department stores, supermarkets, and amusement parks.<br><I>R. M. Fogelson</I><br>No required or recommended textbooks","title":"11.014J American Urban History II","time":"2:00 p.m. - 3:00 p.m.","location":"10-40","meets":"Wednesday"}