{"id":"11.002","school":"MIT","subject":"Urban Studies and Planning","semester":"Fall","description":"<a name=\"11.002\"></a><p><h3>11.002J Making Public Policy</h3>  ()  (Same subject as <A HREF=\"m17a.html#17.30\">17.30J</A>)Prereq: NoneUnits: 4-0-8URL: <a href=\"http://web.mit.edu/17.30j/www/\">http://web.mit.edu/17.30j/www/</a><b>Lecture:</b> <i>TR11-12.30</i> (<a href=\"http://whereis.mit.edu/map-jpg?mapterms=56\">56-114</a>) <b>Recitation:</b> <i>R3</i> (<a href=\"http://whereis.mit.edu/map-jpg?mapterms=4\">4-146</a>) or <i>R4</i> (<a href=\"http://whereis.mit.edu/map-jpg?mapterms=4\">4-146</a>) or <i>F11</i> (<a href=\"http://whereis.mit.edu/map-jpg?mapterms=4\">4-146</a>) or <i>F12</i> (<a href=\"http://whereis.mit.edu/map-jpg?mapterms=4\">4-146</a>)<!--s-->Examines how the struggle among competing advocates shapes the outputs of government. Considers how conditions become problems for government to solve, why some political arguments are more persuasive than others, why some policy tools are preferred over others, and whether policies achieve their goals. Investigates the interactions among elected officials, think tanks, interest groups, the media, and the public in controversies over global warming, urban sprawl, Social Security, health care, education, and other issues.<I>C. Warshaw, L. Stokes</I>No required or recommended textbooks</p><!--end-->","title":"11.002J Making Public Policy","time":"11:00 a.m. - 12:00 p.m.","location":"56-11","meets":"Tuesday,Thursday"}