{"id":"11.165","school":"MIT","subject":"Urban Studies and Planning","semester":"Fall","description":"<a name=\"11.165\"></a><p><h3>11.165 Energy and Infrastructure Technologies</h3>  () (Subject meets with <A HREF=\"m1b.html#1.286\">1.286J</A>, <A HREF=\"m11c.html#11.477\">11.477J</A>)Prereq: <a href=\"m14a.html#14.01\">14.01</a> or permission of instructorUnits: 3-0-9<b>Lecture:</b> <i>MW11-12.30</i> (<a href=\"http://whereis.mit.edu/map-jpg?mapterms=9\">9-451</a>)<!--s-->Examines efforts in developing and advanced nations and regions to create, finance, and regulate infrastructure and energy technologies from a variety of methodological and disciplinary perspectives. Explores how an energy crisis can be an opportunity for making fundamental changes to improve collapsing infrastructure technologies. Introduces the challenges to modern society concerning energy and infrastructure technologies. Reviews the moral hazard aspects of infrastructure and the common arguments for withholding adequate support from new energy and infrastructure technologies. Seminar is conducted with intensive in-class discussions and debates.  Students taking the graduate version complete additional assignments.<I>K. R. Polenske</I>No required or recommended textbooks</p><!--end-->","title":"11.165 Energy and Infrastructure Technologies","time":"11:00 a.m. - 12:00 p.m.","location":"9-45","meets":"Monday,Wednesday"}