{"id":"11.188","school":"MIT","subject":"Urban Studies and Planning","semester":"Fall","description":"<a name=\"11.188\"></a><p><h3>11.188 Urban Planning and Social Science Laboratory</h3>  () Prereq: NoneUnits: 3-3-6Credit cannot also be received for <A HREF=\"m11b.html#11.205\">11.205</A>An introduction to the research and empirical analysis of urban planning issues using geographic information systems. Extensive hands-on exercises provide experience with various techniques in spatial analysis and querying databases. Includes a small project on an urban planning problem involving the selection of appropriate methods, the use of primary and secondary data, computer-based modeling, and spatial analysis. Requires some computing experience.<I>J. Ferreira</I></p><!--end--><h2>Tutorials, Fieldwork, and Internships</h2><a name=\"11.UR\"></a><p><h3>11.UR Undergraduate Research</h3>  (, ) Prereq: NoneUnits arranged [P/D/F]TBA. <!--s-->Textbooks arranged individually","title":"11.188 Urban Planning and Social Science Laboratory"}