{"id":"11.163","school":"MIT","subject":"Urban Studies and Planning","semester":"Fall","description":"Studies legal reasoning, types of law and legal systems, and relationship of law to social class and social change. Emphasizes the profession and practice of law, including legal education, stratification within the bar, and the politics of legal services. Investigates emerging issues in the relationship between institutions of law and science.<br><I>S. Silbey</I><br>","title":"11.163J Law and Society"}