{"id":"11.124","school":"MIT","subject":"Urban Studies and Planning","semester":"Fall","description":"<a name=\"11.124\"></a><p><h3>11.124 Introduction to Education:  Looking Forward and Looking Back on Education</h3>  ()  Prereq: NoneUnits: 3-6-3URL: <a href=\"https://moodle.mit.edu/course/view.php?id=7\">https://moodle.mit.edu/course/view.php?id=7</a><b>Lecture:</b> <i>TR2.30-4</i> (<a href=\"http://whereis.mit.edu/map-jpg?mapterms=56\">56-154</a>)<!--s-->One of two introductory subjects on teaching and learning science and mathematics in a variety of K-12 settings. Topics include education and media, education reform, the history of education, simulations, games, and the digital divide.  Students gain practical experience through weekly visits to schools, classroom discussions, selected readings, and activities to develop a critical and broad understanding of past and current forces that shape the goals and processes of education, and explores the challenges and opportunities of teaching.  Students work collaboratively and individually on papers, projects, and in-class presentations.<I>E. Klopfer</I><a href=\"javascript:PopUpHelp('http://sisapp.mit.edu/textbook/books.html?Term=2015FA&Subject=11.124');\" >Textbooks (Fall 2014)</a></font></p><!--end-->","title":"11.124 Introduction to Education:  Looking Forward and Looking Back on Education","time":"2:00 p.m. - 3:00 p.m.","location":"56-15","meets":"Tuesday,Thursday"}