{"id":"11.190","school":"MIT","subject":"Urban Studies and Planning","semester":"Fall","description":"<a name=\"11.190\"></a><p><h3>11.189-11.190 Urban Fieldwork</h3>  (, ) Prereq: NoneUnits arranged [P/D/F]<b>11.189:</b> TBA. <!--s--><b>11.190:</b> TBA. <!--s-->Practical application of city and regional planning techniques to towns, cities, and regions, including problems of replanning, redevelopment, and renewal of existing communities. Includes internships, under staff supervision, in municipal and state agencies and departments.Staff<b>11.189:</b> No textbook information available<b>11.190:</b> No required or recommended textbooks</p><!--end-->","title":"11.189-11.190 Urban Fieldwork"}