{"id":"11.163","school":"MIT","subject":"Urban Studies and Planning","semester":"Fall","description":"<a name=\"11.163\"></a><p><h3>11.163J Law and Society</h3>  () Not offered regularly; consult department(Same subject as <A HREF=\"m17a.html#17.249\">17.249J</A>, <A HREF=\"m21Aa.html#21A.455\">21A.455J</A>)(Subject meets with <A HREF=\"m21Aa.html#21A.459\">21A.459</A>)Prereq: NoneUnits: 3-0-9Studies legal reasoning, types of law and legal systems, and relationship of law to social class and social change. Emphasizes the profession and practice of law, including legal education, stratification within the bar, and the politics of legal services. Investigates emerging issues in the relationship between institutions of law and science.<I>S. Silbey</I></p><!--end-->","title":"11.163J Law and Society"}