{"id":"11.236","school":"MIT","subject":"Urban Studies and Planning","semester":"Fall","description":"Introduces the theory of participatory action research (PAR) and competing ideas about the uses of social research to promote social change. Focuses on the epistemological foundation for and knowledge generation in action research, as well as on approaches to co-producing research that requires engagement of the subjects, communities, or organizations that are being studied in the design, implementation and interpretation of applied social research. Explores the ethical obligations of outsiders along with rights and responsibilities of insiders in the research findings. Emphasizes recent scholarship, including arguments for and against phronetic social science.<br><I>L. Susskind, D. Cunningham</I><br><a href=\"javascript:PopUpHelp('http://sisapp.mit.edu/textbook/books.html?Term=2015FA&Subject=11.236');\" >Textbooks (Fall 2014)</a></font>","title":"11.236 Theory of Participatory Action Research (PAR)(New)","time":"","location":"9-450","meets":"Monday,Wednesday"}