{"id":"11.202","school":"MIT","subject":"Urban Studies and Planning","semester":"Fall","description":"<a name=\"11.202\"></a><p><h3>11.202 Planning Economics</h3>  (); partial termPrereq: <a href=\"m11b.html#11.203\">11.203</a>Units: 2-0-2Begins Oct 20. <b>Lecture:</b> <i>TR11-12.30</i> (<a href=\"http://whereis.mit.edu/map-jpg?mapterms=9\">9-354</a>)<!--s-->Introduces applications of microeconomic theory to planning problems including urban form and structure, government's role in urban settings and problems of housing finance.<I>A. Saiz</I><a href=\"javascript:PopUpHelp('http://sisapp.mit.edu/textbook/books.html?Term=2015FA&Subject=11.202');\" >Textbooks (Fall 2014)</a></font></p><!--end-->","title":"11.202 Planning Economics","time":"11:00 a.m. - 12:00 p.m.","location":"9-35","meets":"Tuesday,Thursday"}