{"id":"11.203","school":"MIT","subject":"Urban Studies and Planning","semester":"Fall","description":"Introduces basic economic analysis for planning students including the functioning of markets, the allocation of scarce resources among competing uses, profit maximizing behavior in different market structures.  Course illustrates theory with contemporary economic issues.<br><I>A. Saiz</I><br><a href=\"javascript:PopUpHelp('http://sisapp.mit.edu/textbook/books.html?Term=2015FA&Subject=11.203');\" >Textbooks (Fall 2014)</a></font>","title":"11.203 Microeconomics","time":"11:00 a.m. - 12:00 p.m.","location":"9-35","meets":"Tuesday,Thursday"}