{"id":"11.201","school":"MIT","subject":"Urban Studies and Planning","semester":"Fall","description":"<a name=\"11.201\"></a><p><h3>11.201 Gateway: Planning Action</h3>  ()Prereq: NoneUnits: 4-1-7<b>Lecture:</b> <i>MW11-12.30</i> (<a href=\"http://whereis.mit.edu/map-jpg?mapterms=9\">9-354</a>) <b>Recitation:</b> <i>F1-2.30</i> (<a href=\"http://whereis.mit.edu/map-jpg?mapterms=9\">9-450A</a>) or <i>F12-1.30</i> (<a href=\"http://whereis.mit.edu/map-jpg?mapterms=9\">9-450B</a>) or <i>F2.30-4</i> (<a href=\"http://whereis.mit.edu/map-jpg?mapterms=9\">9-450B</a>, <a href=\"http://whereis.mit.edu/map-jpg?mapterms=9\">9-450A</a>)<!--s-->Introduces the profession of urban and regional planning.  Emphasizes the key sensibilities necessary for effective planning practice as well as professional writing and oral communication skills.<I>J. Buckley, L. Vale</I>No textbook information available</p><!--end-->","title":"11.201 Gateway: Planning Action","time":"11:00 a.m. - 12:00 p.m.","location":"9-35","meets":"Monday,Wednesday"}