{"id":"11.360","school":"MIT","subject":"Urban Studies and Planning","semester":"Fall","description":"Seminar and fieldwork on strategies of planning and control for growth and land use, chiefly at the municipal level. Growth and its local consequences; land use planning approaches; implementation tools including innovative zoning and regulatory techniques, physical design, and natural systems integration. Projects arranged with small teams serving municipal clients.<br><I>T. S. Szold</I><br>No required or recommended textbooks","title":"11.360 Community Growth and Land Use Planning","time":"2:00 p.m. - 3:00 p.m.","location":"10-40","meets":"Tuesday,Thursday"}