{"id":"11.308","school":"MIT","subject":"Urban Studies and Planning","semester":"Fall","description":"Examines the urban environment as a natural phenomenon, human habitat, medium of expression, and forum for action. Subject has two related, major themes: how ideas of nature influence the way cities are perceived, designed, built, and managed; and how natural processes and urban form interact and the consequences of these for human health safety and welfare. Enrollment limited.<br><I>A. Spirn</I><br><a href=\"javascript:PopUpHelp('http://sisapp.mit.edu/textbook/books.html?Term=2015FA&Subject=11.308');\" >Textbooks (Fall 2014)</a></font>","title":"11.308J Ecological Urbanism Seminar","time":"2:00 p.m. - 3:00 p.m.","location":"10-40","meets":"Monday"}