{"id":"11.309","school":"MIT","subject":"Urban Studies and Planning","semester":"Fall","description":"<a name=\"11.309\"></a><p><h3>11.309J Sensing Place: Photography as Inquiry</h3>  ()(Same subject as <A HREF=\"m4b.html#4.215\">4.215J</A>)Prereq: NoneUnits: 3-0-9URL: <a href=\"http://architecture.mit.edu/subject/fall-2014-4215\">http://architecture.mit.edu/subject/fall-2014-4215</a><b>Lecture:</b> <i>W EVE (2-6 PM)</i> (<a href=\"http://whereis.mit.edu/map-jpg?mapterms=10\">10-485</a>)<!--s-->Explores photography as a disciplined way of seeing, of investigating urban landscapes and expressing ideas. Readings, observations, and photographs form the basis of discussions on light, detail, place, poetics, narrative, and how photography can inform design and planning. Enrollment limited.<I>A. Spirn</I><a href=\"javascript:PopUpHelp('http://sisapp.mit.edu/textbook/books.html?Term=2015FA&Subject=11.309');\" >Textbooks (Fall 2014)</a></font></p><!--end-->","title":"11.309J Sensing Place: Photography as Inquiry","time":"","location":"10-48","meets":"Wednesday"}