{"id":"11.301","school":"MIT","subject":"Urban Studies and Planning","semester":"Fall","description":"<a name=\"11.301\"></a><p><h3>11.301J Introduction to Urban Design and Development</h3>  ()(Same subject as <A HREF=\"m4b.html#4.252\">4.252J</A>)Prereq: Permission of instructorUnits: 3-0-9URL: <a href=\"http://architecture.mit.edu/subject/fall-2014-4252\">http://architecture.mit.edu/subject/fall-2014-4252</a><b>Lecture:</b> <i>TR9.30-11</i> (<a href=\"http://whereis.mit.edu/map-jpg?mapterms=9\">9-354</a>)<!--s-->Examines both the structure of cities and ways they can be changed. Includes historical forces that have produced cities, models of urban analysis, contemporary theories of urban design, implementation strategies. Core lectures supplemented by discussion sessions focusing on student work and field trips.  Guest speakers present cases involving current projects illustrating the scope and methods of urban design practice.<I>D. Frenchman</I>No required or recommended textbooks</p><!--end-->","title":"11.301J Introduction to Urban Design and Development","time":"9:00 a.m. - 10:00 a.m.","location":"9-35","meets":"Tuesday,Thursday"}