{"id":"11.360","school":"MIT","subject":"Urban Studies and Planning","semester":"Fall","description":"<a name=\"11.360\"></a><p><h3>11.360 Community Growth and Land Use Planning</h3>  () Prereq: Permission of instructorUnits: 3-0-9<b>Lecture:</b> <i>TR2.30-4</i> (<a href=\"http://whereis.mit.edu/map-jpg?mapterms=10\">10-401</a>)<!--s-->Seminar and fieldwork on strategies of planning and control for growth and land use, chiefly at the municipal level. Growth and its local consequences; land use planning approaches; implementation tools including innovative zoning and regulatory techniques, physical design, and natural systems integration. Projects arranged with small teams serving municipal clients.<I>T. S. Szold</I>No required or recommended textbooks</p><!--end-->","title":"11.360 Community Growth and Land Use Planning","time":"2:00 p.m. - 3:00 p.m.","location":"10-40","meets":"Tuesday,Thursday"}