{"id":"11.351","school":"MIT","subject":"Urban Studies and Planning","semester":"Fall","description":"<a name=\"11.351\"></a><p><h3>11.351 Real Estate Ventures I: Negotiating Development-Phase Agreements</h3>  ()Prereq: NoneUnits: 3-0-9<b>Lecture:</b> <i>R EVE (6-9 PM)</i> (<a href=\"http://whereis.mit.edu/map-jpg?mapterms=9\">9-354</a>)<!--s-->Focuses on key business and legal issues within the principal agreements used to control, entitle, capitalize, and construct a mixed-use real estate development. Through the lens of the real estate developer and its counter-parties, students identify, discuss, and negotiate the most important business issues in right of entry, purchase and sale, development, and joint-venture agreements, as well as a construction contract and construction loan agreement. Students work closely with attorneys who specialize in the construction of such agreements. Enrollment limited; preference to MSRED students.<I>W. T. McGrath</I>No required or recommended textbooks</p><!--end-->","title":"11.351 Real Estate Ventures I: Negotiating Development-Phase Agreements","time":"","location":"9-35","meets":"Thursday"}