{"id":"11.377","school":"MIT","subject":"Urban Studies and Planning","semester":"Fall","description":"<a name=\"11.377\"></a><p><h3>11.377 Food Systems and the Environment</h3>  () Prereq: Permission of instructorUnits: 3-0-9<b>Lecture:</b> <i>T2-5</i> (<a href=\"http://whereis.mit.edu/map-jpg?mapterms=9\">9-450B</a>)<!--s-->Explores the evolution of food production in the US and globally. Considers the science, economics, and politics behind the transition from pre-industrial to an industrial food system. Debates the costs and benefits of genetically modified food, organic agriculture, and local/regional food production. Focuses on the environmental sustainability and human-health consequences of different approaches, for both the developed and developing world.<I>J. Layzer</I>No required or recommended textbooks</p><!--end-->","title":"11.377 Food Systems and the Environment","time":"2:00 p.m. - 3:00 p.m.","location":"9-450","meets":"Tuesday"}