{"id":"11.405","school":"MIT","subject":"Urban Studies and Planning","semester":"Fall","description":"<a name=\"11.405\"></a><p><h3>11.405 Political Economy & Society</h3>  () Prereq: Permission of InstructorUnits: 3-0-6<b>Lecture:</b> <i>W2-5</i> (<a href=\"http://whereis.mit.edu/map-jpg?mapterms=5\">5-231</a>)<!--s-->Focuses on the connection (or not) between mind (theory) and matter (lived experience). Examines basic tenets of classical and recent political economic theories and their explication in ideas of market economies, centrally planned economies, social market economies, and co-creative economies. Assesses theories according to their relation to the lived experiences of people in communities and workplaces.<I>J. P. Thompson</I>No textbook information available</p><!--end-->","title":"11.405 Political Economy & Society","time":"2:00 p.m. - 3:00 p.m.","location":"5-23","meets":"Wednesday"}