{"id":"11.430","school":"MIT","subject":"Urban Studies and Planning","semester":"Fall","description":"<a name=\"11.430\"></a><p><h3>11.430J Leadership in Real Estate</h3>  (); first half of term(Same subject as <A HREF=\"m15c.html#15.941\">15.941J</A>)Prereq: NoneUnits: 3-0-3Ends Oct 17. <b>Lecture:</b> <i>MW10.30-12</i> (<a href=\"http://whereis.mit.edu/map-jpg?mapterms=9\">9-357</a>)<!--s-->Designed to help students deepen their understanding of leadership and increase self-awareness. They examine authentic leadership styles and create goals and a learning plan to develop their capabilities. They also participate in activities to strengthen their \"leadership presence\" - the ability to authentically connect with people's hearts and minds. Students converse with leaders to learn from their insights, experiences, and advice. Limited to 15.<I>G. Schuck</I><a href=\"javascript:PopUpHelp('http://sisapp.mit.edu/textbook/books.html?Term=2015FA&Subject=11.430');\" >Textbooks (Fall 2014)</a></font></p><!--end-->","title":"11.430J Leadership in Real Estate","time":"10:00 a.m. - 11:00 a.m.","location":"9-35","meets":"Monday,Wednesday"}