{"id":"11.401","school":"MIT","subject":"Urban Studies and Planning","semester":"Fall","description":"Provides a critical introduction to the shape and determinants of political, social and economic inequality in America. Explores equitable development as a response framework for planners; social capital and community building as planning concepts; and the history, development, and current prospects of the fields of housing (with an emphasis on affordability and inclusion) and local economic development. Considers multiple scales but primarily the neighborhood, city/town, and metro region, centered on the interplay of policies, institutions and markets.<br><I>J. P. Thompson</I><br>No textbook information available","title":"11.401 Introduction to Housing, Community and Economic Development","time":"9:00 a.m. - 10:00 a.m.","location":"9-450","meets":"Tuesday,Thursday"}