{"id":"11.431","school":"MIT","subject":"Urban Studies and Planning","semester":"Fall","description":"<a name=\"11.431\"></a><p><h3>11.431J Real Estate Finance and Investment</h3>  () (Same subject as <A HREF=\"m15b.html#15.426\">15.426J</A>)Prereq: Permission of instructorUnits: 4-0-8<b>Lecture:</b> <i>MW4-5.30</i> (<a href=\"http://whereis.mit.edu/map-jpg?mapterms=35\">35-225</a>) <b>Recitation:</b> <i>W EVE (5.30-7 PM)</i> (<a href=\"http://whereis.mit.edu/map-jpg?mapterms=35\">35-225</a>)<!--s-->Concepts and techniques for analyzing financial decisions in commercial property development and investment. Topics include property income streams, urban economics, discounted cash flow, equity valuation, leverage and income tax considerations, development projects, and joint ventures.<I>D. Geltner</I><a href=\"javascript:PopUpHelp('http://sisapp.mit.edu/textbook/books.html?Term=2015FA&Subject=11.431');\" >Textbooks (Fall 2014)</a></font></p><!--end-->","title":"11.431J Real Estate Finance and Investment","time":"4:00 p.m. - 5:00 p.m.","location":"35-22","meets":"Monday,Wednesday"}