{"id":"11.433","school":"MIT","subject":"Urban Studies and Planning","semester":"Fall","description":"Develops an understanding of the economic factors that shape and influence the markets for real property. Includes an analysis of housing as well as commercial real estate, and covers demographic analysis, regional growth, construction cycles, urban land markets and location theory. Exercises and modeling techniques for measuring and predicting property demand, supply, vacancy and prices.<br><I>W. C. Wheaton</I><br><a href=\"javascript:PopUpHelp('http://sisapp.mit.edu/textbook/books.html?Term=2015FA&Subject=11.433');\" >Textbooks (Fall 2014)</a></font>","title":"11.433J Real Estate Economics","time":"11:00 a.m. - 12:00 p.m.","location":"2-10","meets":"Tuesday,Thursday"}