{"id":"11.545","school":"MIT","subject":"Urban Studies and Planning","semester":"Fall","description":"Covers the key principles governing transportation systems planning and management. Introduces the microeconomic concepts central to transportation systems. Topics include economic theories of the firm, consumer, and market, demand models, discrete choice analysis, cost models and production functions, and pricing theory. Applications to transportation systems - including congestion pricing, technological change, resource allocation, market structure and regulation, revenue forecasting, public and private transportation finance, and project evaluation - cover urban passenger transportation, freight, maritime, aviation, and intelligent transportation systems.<br><I>M. Ben-Akiva</I><br><a href=\"javascript:PopUpHelp('http://sisapp.mit.edu/textbook/books.html?Term=2015FA&Subject=11.545');\" >Textbooks (Fall 2014)</a></font>","title":"11.545J Transportation Systems Analysis: Demand and Economics","time":"2:00 p.m. - 3:00 p.m.","location":"3-33","meets":"Tuesday,Thursday"}