{"id":"11.522","school":"MIT","subject":"Urban Studies and Planning","semester":"Fall","description":"<a name=\"11.522\"></a><p><h3>11.522 Research Seminar on Urban Information Systems</h3>  ()  Prereq: <a href=\"m11c.html#11.521\">11.521</a>; <a href=\"m11c.html#11.520\">11.520</a> or <a href=\"m11c.html#11.525\">11.525</a>Units: 2-4-6<b>Lecture:</b> <i>M EVE (6-8 PM)</i> (<a href=\"http://whereis.mit.edu/map-jpg?mapterms=9\">9-451</a>)<!--s-->Advanced research seminar enhances computer and analytic skills developed in other subjects in this sequence. Students present a structured discussion of journal articles representative of their current research interests involving urban information systems and complete a short research project. Suggested research projects include topics related to ongoing UIS Group research.<I>J. Ferreira</I>No textbook information available</p><!--end-->","title":"11.522 Research Seminar on Urban Information Systems","time":"","location":"9-45","meets":"Monday"}