{"id":"11.544","school":"MIT","subject":"Urban Studies and Planning","semester":"Fall","description":"Problem-motivated introduction to methods, models and tools for the analysis and design of transportation networks including their planning, operations and control.  Capacity of critical elements of transportation networks.  Traffic flows and deterministic and probabilistic delay models.  Formulation of optimization models for planning and scheduling of freight, transit and airline systems, and their solution using software packages.  User- and system-optimal traffic assignment.  Control of traffic flows on highways, urban grids, and airspace.<br><I>A. R. Odoni, C. Osorio</I><br>No required or recommended textbooks","title":"11.544J Transportation Systems Analysis: Performance and Optimization","time":"10:00 a.m. - 11:00 a.m.","location":"3-33","meets":"Tuesday,Thursday"}