{"id":"11.630","school":"MIT","subject":"Urban Studies and Planning","semester":"Fall","description":"Reviews and analyzes federal and state regulation of air and water pollution, hazardous wastes, and the production and use of toxic chemicals. Analyzes pollution as an economic problem and the failure of markets. Emphasizes use of legal mechanisms and alternative approaches (such as economic incentives and voluntary approaches) to control pollution and to encourage chemical accident and pollution prevention. Focuses on the major federal legislation, the underlying administrative system, and the common law in analyzing environmental policy, economic consequences, and the role of the courts. Discusses classical pollutants and toxic industrial chemicals, community right-to-know, and environmental justice. Also provides an introduction to basic legal skills. Students taking the graduate version are expected to explore the subject in greater depth.<br><I>N. Ashford, C. Caldart</I><br>No textbook information available","title":"11.630J Environmental Law, Policy, and Economics: Pollution Prevention and Control"}