{"id":"11.985","school":"MIT","subject":"Urban Studies and Planning","semester":"Fall","description":"<a name=\"11.985\"></a><p><h3>11.985 Summer Field Work</h3>  ()Prereq: NoneUnits arranged [P/D/F]Practical application of planning techniques over the summer with prior arrangement.<I>S. Wellford</I>No textbook information available</p><!--end--><a name=\"11.S940\"></a><a name=\"11.S941\"></a><a name=\"11.S942\"></a><a name=\"11.S943\"></a><a name=\"11.S944\"></a><p><h3>11.S940-11.S944 Special Subject: Urban Studies and Planning</h3>  ()  Prereq: Permission of instructorUnits arranged<b>11.S941:</b> URL: <a href=\"http://dusp.mit.edu/subject/fall-2014-11s941\">http://dusp.mit.edu/subject/fall-2014-11s941</a><b>11.S942:</b> URL: <a href=\"http://dusp.mit.edu/subject/fall-2014-11s942-0\">http://dusp.mit.edu/subject/fall-2014-11s942-0</a><b>11.S943:</b> URL: <a href=\"http://dusp.mit.edu/subject/fall-2014-11s943\">http://dusp.mit.edu/subject/fall-2014-11s943</a><b>11.S944:</b> URL: <a href=\"http://dusp.mit.edu/subject/fall-2014-11s944\">http://dusp.mit.edu/subject/fall-2014-11s944</a><b>11.S940:</b> <b>Lecture:</b> <i>R2-5</i> (<a href=\"http://whereis.mit.edu/map-jpg?mapterms=9\">9-450A</a>)<!--s--><b>11.S941:</b> <b>Lecture:</b> <i>T EVE (4-6 PM)</i> (<a href=\"http://whereis.mit.edu/map-jpg?mapterms=10\">10-401</a>)<!--s--><b>11.S942:</b> <b>Lecture:</b> <i>W2-5</i> (<a href=\"http://whereis.mit.edu/map-jpg?mapterms=9\">9-450A</a>)<!--s--><b>11.S943:</b> TBA. <!--s--><b>11.S944:</b> <b>Lecture:</b> <i>T3-5</i> (<a href=\"http://whereis.mit.edu/map-jpg?mapterms=5\">5-232</a>)<!--s-->For graduate students wishing to pursue further study in advanced areas of urban studies and city and regional planning not covered in regular subjects of instruction.<I>M. Kothari</I><b>11.S940:</b> <a href=\"javascript:PopUpHelp('http://sisapp.mit.edu/textbook/books.html?Term=2015FA&Subject=11.S940');\" >Textbooks (Fall 2014)</a></font><b>11.S941:</b> No textbook information available<b>11.S942:</b> No textbook information available<b>11.S943:</b> No textbook information available<b>11.S944:</b> <a href=\"javascript:PopUpHelp('http://sisapp.mit.edu/textbook/books.html?Term=2015FA&Subject=11.S944');\" >Textbooks (Fall 2014)</a></font></p><!--end--><a name=\"11.S945\"></a><a name=\"11.S946\"></a><a name=\"11.S947\"></a><a name=\"11.S948\"></a><a name=\"11.S949\"></a><p><h3>11.S945-11.S949 Special Subject: Urban Studies and Planning</h3>  ()  Prereq: Permission of instructorUnits arranged <i><b>11.S945 Cancelled</b></i> <!--s--><b>11.S946:</b> <b>Lecture:</b> <i>W9-11</i> (<a href=\"http://whereis.mit.edu/map-jpg?mapterms=9\">9-450B</a>)<!--s-->For graduate students wishing to pursue further study in advanced areas of urban studies and city and regional planning not covered in regular subjects of instruction.Staff<b>11.S945:</b> No textbook information available<b>11.S946:</b> No textbook information available</p><!--end--><a name=\"11.S950\"></a><a name=\"11.S951\"></a><a name=\"11.S952\"></a><a name=\"11.S953\"></a><a name=\"11.S954\"></a><a name=\"11.S955\"></a><a name=\"11.S956\"></a><a name=\"11.S957\"></a><p><h3>11.S950-11.S957 Special Seminar: Urban Studies and Planning</h3>  () Prereq: Permission of instructorUnits arranged [P/D/F]<b>11.S951:</b> URL: <a href=\"http://dusp.mit.edu/subject/fall-2014-11s951\">http://dusp.mit.edu/subject/fall-2014-11s951</a><b>11.S952:</b> URL: <a href=\"http://dusp.mit.edu/subject/fall-2014-11s952\">http://dusp.mit.edu/subject/fall-2014-11s952</a><b>11.S955:</b> URL: <a href=\"http://dusp.mit.edu/subject/fall-2014-11s955\">http://dusp.mit.edu/subject/fall-2014-11s955</a><b>11.S950:</b> <b>Lecture:</b> <i>T9-12</i> (<a href=\"http://whereis.mit.edu/map-jpg?mapterms=9\">9-451</a>)<!--s--><b>11.S951:</b> First class Sept 10. <b>Lecture:</b> <i>MW11-12.30</i> (<a href=\"http://whereis.mit.edu/map-jpg?mapterms=4\">4-144</a>)<!--s--><b>11.S952:</b> Ends Oct 17. <b>Lecture:</b> <i>T9-12</i> (<a href=\"http://whereis.mit.edu/map-jpg?mapterms=10\">10-485</a>)<!--s--><b>11.S955:</b> Meets 9/23 to 10/2. <b>Lecture:</b> <i>TR EVE (5-7 PM)</i> (<a href=\"http://whereis.mit.edu/map-jpg?mapterms=9\">9-451</a>)<!--s-->For graduate students wishing to pursue further study in advanced areas of urban studies and city and regional planning not covered in regular subjects of instructionStaff<b>11.S950:</b> No textbook information available<b>11.S951:</b> No textbook information available<b>11.S952:</b> No textbook information available<b>11.S955:</b> No textbook information available</p><!--end--><a name=\"11.S958\"></a><p><h3>11.S958 Special Seminar: Urban Studies and Planning</h3>  ()  Prereq: Permission of instructorUnits arranged [P/D/F]<a name=\"11.S959\"></a><h3>11.S959 Special Seminar: Urban Studies and Planning</h3>  ()  Prereq: Permission of instructorUnits arranged [P/D/F]For graduate students wishing to pursue further study in advanced areas of urban studies and city and regional planning not covered in regular subjects of instruction.Staff</p><!--end--><a name=\"11.S965\"></a><p><h3>11.S965 Special Subject: Real Estate</h3>  (, , , )  Prereq: Permission of instructorUnits arranged [P/D/F]TBA. <!--s-->No textbook information available<a name=\"11.S967\"></a><p><h3>11.S966, 11.S967 Special Subject: Real Estate</h3>  (, , , )  Prereq: Permission of instructorUnits arranged<b>11.S967:</b> TBA. <!--s--><b>11.S967:</b> No textbook information available<a name=\"11.S966\"></a><a name=\"11.S968\"></a><a name=\"11.S969\"></a><p><h3>11.S968, 11.S969 Special Seminar: Real Estate</h3>  (, , , ) ; first half of termPrereq: Permission of instructorUnits arranged [P/D/F]<b>11.S966:</b> TBA. <!--s--><b>11.S968:</b> TBA. <!--s--><b>11.S969:</b> Ends Oct 17. <b>Lecture:</b> <i>R3-5</i> (<a href=\"http://whereis.mit.edu/map-jpg?mapterms=9\">9-354</a>)<!--s-->Small group study of advanced subjects under staff supervision. For graduate students wishing to pursue further study in advanced areas of real estate not covered in regular subjects of instruction.<I>Staff</I><b>11.S966:</b> No textbook information available<b>11.S968:</b> No textbook information available<b>11.S969:</b> No required or recommended textbooks</p><!--end-->","title":"11.985 Summer Field Work","time":"2:00 p.m. - 3:00 p.m.","location":"9-450","meets":"Thursday"}