{"id":"11.S969","school":"MIT","subject":"Urban Studies and Planning","semester":"Fall","description":"Small group study of advanced subjects under staff supervision. For graduate students wishing to pursue further study in advanced areas of real estate not covered in regular subjects of instruction.<br><I>Staff</I><br><b>11.S966:</b> No textbook information available<br><b>11.S968:</b> No textbook information available<br><b>11.S969:</b> No required or recommended textbooks","title":"11.S968, 11.S969 Special Seminar: Real Estate","time":"3:00 p.m. - 4:00 p.m.","location":"9-35","meets":"Thursday"}