{"id":"12.006","school":"MIT","subject":"Earth, Atmospheric, and Planetary Sciences","semester":"Fall","description":"Introduction to nonlinear dynamics and chaos in dissipative systems. Forced and parametric oscillators. Phase space. Periodic, quasiperiodic, and aperiodic flows. Sensitivity to initial conditions and strange attractors. Lorenz attractor. Period doubling, intermittency, and quasiperiodicity. Scaling and universality. Analysis of experimental data: Fourier transforms, Poincare sections, fractal dimension, and Lyapunov exponents. Applications to mechanical systems, fluid dynamics, physics, geophysics, and chemistry. See 12.207J/18.354J for Nonlinear Dynamics: Continuum Systems.<br><I>R. Lagrange</I><br><a href=\"javascript:PopUpHelp('http://sisapp.mit.edu/textbook/books.html?Term=2015FA&Subject=12.006');\" >Textbooks (Fall 2014)</a></font>","title":"12.006J Nonlinear Dynamics: Chaos","time":"12:00 p.m. - 1:00 p.m.","location":"2-10","meets":"Tuesday,Thursday"}