{"id":"12.021","school":"MIT","subject":"Earth, Atmospheric, and Planetary Sciences","semester":"Fall","description":"<a name=\"12.021\"></a><p><h3>12.021 Earth Science, Energy, and the Environment</h3>  ()Prereq: <a href=\"./search.cgi?search=&cred=p1\" title=\"8.01, 8.01L, 8.011, 8.012\">Physics I (GIR)</a>, <a href=\"./search.cgi?search=&cred=m1\" title=\"18.01, 18.01A, 18.014\">Calculus I (GIR)</a>, <a href=\"./search.cgi?search=&cred=c\" title=\"3.091, 5.111, 5.112\">Chemistry (GIR)</a>Units: 3-1-8<b>Lecture:</b> <i>MWF1</i> (<a href=\"http://whereis.mit.edu/map-jpg?mapterms=8\">8-119</a>) <i><b>+final</b></i><!--s-->Provides understanding of the Earth System most relevant to production of our planet's natural energy resources, including the physics, chemistry, and biology of conventional and alternative energy sources. Includes a broad overview of traditional and alternative energy sources: hydrocarbons (conventional and unconventional), nuclear, geothermal, hydroelectric, and wind and tides, along with their potentials and limitations. Develops detailed knowledge of the formation, concentration, and production of fossil and nuclear fuels, as well as the waste products associated with their consumption. An examination of conventional and alternative energy sources includes the environmental issues associated with the exploitation of these resources, both regional and global.<I>B. H. Hager</I>No required or recommended textbooks</p><!--end--><a name=\"12.031A\"></a><p><h3>12.031AJ Fundamentals of Ecology I(New)</h3>  (); first half of term(Same subject as <A HREF=\"m1a.html#1.018A\">1.018AJ</A>, <A HREF=\"m7a.html#7.30A\">7.30AJ</A>)Prereq: NoneUnits: 2-0-4Ends Oct 24. <b>Lecture:</b> <i>TR11-12.30</i> (<a href=\"http://whereis.mit.edu/map-jpg?mapterms=48\">48-316</a>) <b>Recitation:</b> <i>M4</i> (<a href=\"http://whereis.mit.edu/map-jpg?mapterms=48\">48-316</a>) or <i>R4</i> (<a href=\"http://whereis.mit.edu/map-jpg?mapterms=48\">48-308</a>)<!--s-->Fundamentals of ecology, considering Earth as an integrated dynamic living system. Coevolution of the biosphere and geosphere, biogeochemical cycles, metabolic diversity, primary productivity, competition and the niche, trophic dynamics and food webs, population growth and limiting factors. Combination of 1.018A and 1.018B counts as REST subject.<I>S. Chisholm, M. Follows</I><a href=\"javascript:PopUpHelp('http://sisapp.mit.edu/textbook/books.html?Term=2015FA&Subject=12.031A');\" >Textbooks (Fall 2014)</a></font></p><!--end--><a name=\"12.031B\"></a><p><h3>12.031BJ Fundamentals of Ecology II(New)</h3>  (); second half of term(Same subject as <A HREF=\"m1a.html#1.018B\">1.018BJ</A>, <A HREF=\"m7a.html#7.30B\">7.30BJ</A>)Prereq: <a href=\"m1a.html#1.018A\">1.018A</a>Units: 2-0-4Begins Oct 27. <b>Lecture:</b> <i>TR11-12.30</i> (<a href=\"http://whereis.mit.edu/map-jpg?mapterms=48\">48-316</a>) <b>Recitation:</b> <i>M4</i> (<a href=\"http://whereis.mit.edu/map-jpg?mapterms=48\">48-316</a>) or <i>R4</i> (<a href=\"http://whereis.mit.edu/map-jpg?mapterms=48\">48-308</a>)<!--s-->Advanced topics in Ecology. Population modeling, global carbon cycle, climate change, geoengineering, theories of resource competition and mutualism, allometric scaling, ecological genomics, niche theory, human population growth. Applied ecology. Combination of 1.018A and 1.018B counts as REST subject.<I>S. Chisholm, M. Follows</I>No textbook information available</p><!--end-->","title":"12.021 Earth Science, Energy, and the Environment","time":"1:00 p.m. - 2:00 p.m.","location":"8-11","meets":"Monday,Wednesday,Friday"}