{"id":"12.097","school":"MIT","subject":"Earth, Atmospheric, and Planetary Sciences","semester":"Fall","description":"<a name=\"12.097\"></a><p><h3>12.097 Current Topics in Atmospheric Science and Oceanography</h3>  (, , ) Prereq: Permission of instructorUnits arranged [P/D/F]<b>Lecture:</b> <i>M2</i> (<a href=\"http://whereis.mit.edu/map-jpg?mapterms=54\">54-1623</a>) <b>Lab:</b> <i>W2-4</i> (<a href=\"http://whereis.mit.edu/map-jpg?mapterms=MCCORMICK\">MCCORMICK</a>)<!--s-->Laboratory or field work in atmospheric science and oceanography. To be arranged with department faculty. Consult with department Education Office.<I>EAPS Faculty</I>No required or recommended textbooks</p><!--end-->","title":"12.097 Current Topics in Atmospheric Science and Oceanography","time":"2:00 p.m. - 3:00 p.m.","location":"54-162","meets":"Monday"}