{"id":"12.003","school":"MIT","subject":"Earth, Atmospheric, and Planetary Sciences","semester":"Fall","description":"The laws of classical mechanics and thermodynamics are used to explore how the properties of fluids on a rotating Earth manifest themselves in, and help shape, the global patterns of atmospheric winds, ocean currents, and the climate of the Earth. Theoretical discussion focuses on the physical processes involved. Underlying mechanisms are illustrated through laboratory demonstrations, using a rotating table, and through analysis of atmospheric and oceanic data.<br><I>P. O'Gorman</I><br><a href=\"javascript:PopUpHelp('http://sisapp.mit.edu/textbook/books.html?Term=2015FA&Subject=12.003');\" >Textbooks (Fall 2014)</a></font>","title":"12.003 Introduction to Atmosphere, Ocean, and Climate Dynamics","time":"11:00 a.m. - 12:00 p.m.","location":"54-162","meets":"Monday,Wednesday,Friday"}