{"id":"12.102","school":"MIT","subject":"Earth, Atmospheric, and Planetary Sciences","semester":"Fall","description":"<a name=\"12.102\"></a><p><h3>12.102 Environmental Earth Science</h3>  () Not offered regularly; consult departmentPrereq: NoneUnits: 3-0-9The geologic record demonstrates that our environment has changed over a variety of time scales from seconds to billions of years. Explores the many ways in which geologic processes control and modify the Earth's environment. Topics include chemical and physical interactions between the solid Earth, its oceans and atmosphere; the effect of catastrophic events such as volcanic eruptions and earthquakes on the environment; geologic hazards; and our role in modifying the environment through Earth resource development. Serves as an introduction to 12.120, which addresses field applications of these principles in the American Southwest.<I>S. A. Bowring</I></p><!--end-->","title":"12.102 Environmental Earth Science"}