{"id":"12.104","school":"MIT","subject":"Earth, Atmospheric, and Planetary Sciences","semester":"Fall","description":"<a name=\"12.104\"></a><p><h3>12.104 Geochemistry of the Earth and Planets</h3>  ()Prereq: <a href=\"./search.cgi?search=&cred=m2\" title=\"18.02, 18.02A, 18.022, 18.023, 18.024\">Calculus II (GIR)</a>Units: 3-2-7<b>Lecture:</b> <i>TR9.30-11</i> (<a href=\"http://whereis.mit.edu/map-jpg?mapterms=54\">54-819</a>) <b>Lab:</b> <i>F9.30-11</i> (<a href=\"http://whereis.mit.edu/map-jpg?mapterms=54\">54-819</a>) <i><b>+final</b></i><!--s-->Focuses on low-temperature geochemistry and the Earth's biogeochemical cycles, including the biologic and inorganic chemical processes that create chemical variability and element partitioning among lithosphere, hydrosphere and atmosphere. Covers basic thermodynamics, aqueous chemistry, major and trace element geochemistry, and stable isotopic geochemistry.<I>S. Ono, D. McGee</I><a href=\"javascript:PopUpHelp('http://sisapp.mit.edu/textbook/books.html?Term=2015FA&Subject=12.104');\" >Textbooks (Fall 2014)</a></font></p><!--end-->","title":"12.104 Geochemistry of the Earth and Planets","time":"9:00 a.m. - 10:00 a.m.","location":"54-81","meets":"Tuesday,Thursday"}