{"id":"12.201","school":"MIT","subject":"Earth, Atmospheric, and Planetary Sciences","semester":"Fall","description":"Overview of basic topics in solid-earth geophysics, such as the Earth's rotation, gravity and magnetic field, seismology, and thermal structure. Formulation of physical principles presented in three one-hour lectures per week. Current applications discussed in an additional one-hour tutorial each week. Students taking graduate version complete different assignments.<br><I>G. Prieto</I><br>No required or recommended textbooks","title":"12.201 Essentials of Geophysics","time":"9:00 a.m. - 10:00 a.m.","location":"54-82","meets":"Tuesday,Thursday"}