{"id":"12.447","school":"MIT","subject":"Earth, Atmospheric, and Planetary Sciences","semester":"Fall","description":"<a name=\"12.447\"></a><p><h3>12.447 Strategies for Writing Successful Fellowship Proposals</h3>  ()Not offered regularly; consult departmentPrereq: Permission of instructorUnits: 3-0-0 [P/D/F] <i><b>Subject Cancelled</b></i>  <!--s-->Focuses on developing writing skills appropriate for preparing successful fellowship proposals. Includes writing practice, self-evaluation, and faculty feedback.<I>Staff</I></p><!--end-->","title":"12.447 Strategies for Writing Successful Fellowship Proposals"}