{"id":"12.443","school":"MIT","subject":"Earth, Atmospheric, and Planetary Sciences","semester":"Fall","description":"<a name=\"12.443\"></a><p><h3>12.442, 12.443 Collaborative Seminar in Planetary Science</h3>  (, )  Not offered regularly; consult departmentPrereq: Permission of instructorUnits arranged [P/D/F] <i><b>12.442 Cancelled</b></i>  <!--s-->Focuses on problems of current interest in planetary science; subject matter varies from term to term. Includes guest speakers from outside of EAPS. 12.443 is graded P/D/F.<I>Planetary Science Staff</I></p><!--end-->","title":"12.442, 12.443 Collaborative Seminar in Planetary Science"}