{"id":"12.444","school":"MIT","subject":"Earth, Atmospheric, and Planetary Sciences","semester":"Fall","description":"<a name=\"12.444\"></a><p><h3>12.444 MatLab, Statistics, Regression, Signal Processing</h3>  ()(Subject meets with <A HREF=\"m12a.html#12.012\">12.012</A>)Prereq: <a href=\"m18a.html#18.06\">18.06</a>Units: 3-0-9<b>Lecture:</b> <i>TR11-12.30</i> (<a href=\"http://whereis.mit.edu/map-jpg?mapterms=54\">54-824</a>)<!--s-->Introduces the basic tools needed for data analysis and interpretation in the Geosciences, as well as other sciences. Composed of four modules, targeted at introducing students to the basic concepts and applications in each module. MatLab: Principles and practice in its uses, script and function modules, basic approaches to solving problems. Statistics: Correlation, means, dispersion, precision, accuracy, distributions, central limit theorem, skewness, probability, Chi-Square, Gaussian and other common distributions used in hypothesis testing. Regression: Random and grid search methods, basic least squares and algorithms applicable to regression, inversion and parameter estimation. Signal Processing: Analog and digital signals, Z-transform, Fourier series, fast Fourier transforms, spectral analysis leakage and bias, digital filtering. Students taking the graduate version complete different assignments.<I>F. D. Morgan, T. A. Herring, S. Ravela</I>No textbook information available</p><!--end-->","title":"12.444 MatLab, Statistics, Regression, Signal Processing","time":"11:00 a.m. - 12:00 p.m.","location":"54-82","meets":"Tuesday,Thursday"}