{"id":"12.454","school":"MIT","subject":"Earth, Atmospheric, and Planetary Sciences","semester":"Fall","description":"A series of presentations on an advanced topic in the field of geology by the visiting William Otis Crosby lecturer. The Crosby lectureship is awarded to a distinguished international scientist each year to introduce new scientific perspectives to the MIT community. Subject content and structure vary from year to year.<br><I>Consult Department Education Office</I><br>","title":"12.453-12.454 Crosby Lectures in Geology"}