{"id":"12.445","school":"MIT","subject":"Earth, Atmospheric, and Planetary Sciences","semester":"Fall","description":"Concentrated instruction and practice in professional writing and presentation. Topics include review of various communication styles prevalent in the field; strategies for tailoring reports, technical papers, and presentations for specific audiences; and mechanics of organization and style. Weekly assignments in writing or speaking, with peer and instructor feedback. Limited to 6.<br><I>F. D. Morgan</I><br>No required or recommended textbooks","title":"12.445 Communication in the Earth, Atmospheric, and Planetary Sciences","time":"3:00 p.m. - 4:00 p.m.","location":"54-82","meets":"Wednesday"}