{"id":"12.458","school":"MIT","subject":"Earth, Atmospheric, and Planetary Sciences","semester":"Fall","description":"<a name=\"12.458\"></a><p><h3>12.458 Molecular Biogeochemistry</h3>  ()(Subject meets with <A HREF=\"m12a.html#12.158\">12.158</A>)Prereq: Permission of instructorUnits: 2-4-3 [P/D/F]<b>Lecture:</b> <i>MW2-3.30</i> (<a href=\"http://whereis.mit.edu/map-jpg?mapterms=E25\">E25-605</a>)<!--s-->Covers all aspects of molecular biosignatures, such as their pathways of lipid biosynthesis, the distribution patterns of lipid biosynthetic pathways with regard to phylogeny and physiology, isotopic contents, occurrence in modern organisms and environments, diagenetic pathways, analytical techniques and the occurrence of molecular fossils through the geological record. Students analyze in depth the recent literature on chemical fossils. Lectures provide background on the subject matter. Basic knowledge of organic chemistry required. Students taking graduate version complete additional assignments.<I>R. Summons</I>No textbook information available</p><!--end-->","title":"12.458 Molecular Biogeochemistry"}