{"id":"12.441","school":"MIT","subject":"Earth, Atmospheric, and Planetary Sciences","semester":"Fall","description":"<a name=\"12.441\"></a><p><h3>12.440, 12.441 Collaborative Seminar in Geology and Geophysics</h3>  (, ) Not offered regularly; consult departmentPrereq: Permission of instructorUnits arranged [P/D/F] <i><b>12.440 Cancelled</b></i>  <!--s-->Focuses on problems of current interest in geology and geophysics; subject matter varies from term to term. Includes guest speakers from outside of EAPS. 12.441 is graded P/D/F.<I>Geology and Geophysics Staff</I></p><!--end-->","title":"12.440, 12.441 Collaborative Seminar in Geology and Geophysics"}