{"id":"12.522","school":"MIT","subject":"Earth, Atmospheric, and Planetary Sciences","semester":"Fall","description":"<a name=\"12.522\"></a><p><h3>12.522 Geological Fluid Mechanics</h3>  () Prereq: <a href=\"m8a.html#8.03\">8.03</a>; <a href=\"m18a.html#18.076\">18.076</a> or <a href=\"m18a.html#18.085\">18.085</a>Units: 3-0-9TBA. <!--s-->Treats heat transfer and fluid mechanics in the Earth, low Reynolds number flows, convection instability, double diffusion, Non-Newtonian flows, flow in porous media, and the interaction of flows with accreting and deforming boundaries. Applications include: the flow under plates, postglacial rebound, diapirism, magma dynamics, and the mantle convection problem.<I>J. A. Whitehead (WHOI)</I>No textbook information available</p><!--end-->","title":"12.522 Geological Fluid Mechanics"}