{"id":"12.561","school":"MIT","subject":"Earth, Atmospheric, and Planetary Sciences","semester":"Fall","description":"<a name=\"12.561\"></a><p><h3>12.560-12.561 Advanced Seminar in Exploration Geophysics</h3>  (, , )  Not offered regularly; consult departmentPrereq: Permission of instructorUnits: 2-0-4 [P/D/F] <i><b>12.560 Cancelled</b></i>  <!--s--> <i><b>12.561 Cancelled</b></i>  <!--s-->Advanced seminar focusing on areas of current interest in exploration geophysics and seismology. 12.560 is letter-graded.<I>Geophysics Staff</I></p><!--end-->","title":"12.560-12.561 Advanced Seminar in Exploration Geophysics"}