{"id":"12.552","school":"MIT","subject":"Earth, Atmospheric, and Planetary Sciences","semester":"Fall","description":"<a name=\"12.552\"></a><p><h3>12.552 Advanced Seismology: Theory and Applications of Seismic Imaging</h3>  () Prereq: <a href=\"m12b.html#12.510\">12.510</a>Units: 3-0-9TBA. <!--s-->Introduces fundamental principles of seismic imaging used in both exploration and solid earth applications. Topics include ray theoretical approaches, scattering theory, and seismic waveform modeling. Through lectures, projects and student-led discussions of journal articles, the class covers the whole process of seismic imaging, from data preprocessing to model generation and geological interpretation of the results.<I>A. Malcolm</I>No textbook information available</p><!--end-->","title":"12.552 Advanced Seismology: Theory and Applications of Seismic Imaging"}