{"id":"12.691","school":"MIT","subject":"Earth, Atmospheric, and Planetary Sciences","semester":"Fall","description":"Original investigations, laboratory work, or fieldwork in planetary science. 12.690 is letter-graded.<br><I>Planetary Science Staff</I><br><b>12.690:</b> No textbook information available<br><b>12.691:</b> No textbook information available","title":"12.690-12.691 Current Research in Planetary Science</h3>  (, , , )  Prereq: Permission of instructorUnits arranged [P/D/F]<b>12.690:</b> TBA. <!--s--><b>12.691:</b> TBA. <!--s-->Original investigations, laboratory work, or fieldwork in planetary science. 12.690 is letter-graded.<I>Planetary Science Staff</I><b>12.690:</b> No textbook information available<b>12.691:</b> No textbook information available</p><!--end--><h3>Geological, Geophysical, and Chemical Oceanography"}