{"id":"12.721","school":"MIT","subject":"Earth, Atmospheric, and Planetary Sciences","semester":"Fall","description":"<a name=\"12.721\"></a><p><h3>12.721 Current Research in Marine Geology and Geophysics at Woods Hole</h3>  (, , )  Prereq: Permission of instructorUnits arranged [P/D/F]TBA. <!--s-->Original investigations, laboratory work, or fieldwork in marine geology and geophysics.<I>WHOI Staff</I>No textbook information available</p><!--end-->","title":"12.721 Current Research in Marine Geology and Geophysics at Woods Hole"}