{"id":"12.708","school":"MIT","subject":"Earth, Atmospheric, and Planetary Sciences","semester":"Fall","description":"<a name=\"12.708\"></a><p><h3>12.708 Advanced Seminar in Paleoclimatology</h3>  ()  Prereq: Permission of instructorUnits arranged [P/D/F]Meets at WHOI. TBA. <!--s-->Advanced seminar focusing on areas of current interest in paleoceanography and paleoclimatology. Includes discussion of current and classic literature. Topics vary from year to year.<I>D. Oppo, J. Marchal, O. Marchal (WHOI)</I>No required or recommended textbooks</p><!--end-->","title":"12.708 Advanced Seminar in Paleoclimatology"}