{"id":"12.736","school":"MIT","subject":"Earth, Atmospheric, and Planetary Sciences","semester":"Fall","description":"Original investigations, laboratory work, or fieldwork in chemical oceanography under the supervision of a faculty member in residence at MIT. For students in the MIT/WHOI Joint Program. 12.735 is letter-graded.<br><I>Chemical Oceanography Staff</I><br><b>12.735:</b> No textbook information available<br><b>12.736:</b> No textbook information available","title":"12.735-12.736 Current Research in Chemical Oceanography at MIT"}