{"id":"12.716","school":"MIT","subject":"Earth, Atmospheric, and Planetary Sciences","semester":"Fall","description":"<a name=\"12.716\"></a><p><h3>12.716 Igneous Processes at Oceanic Margins</h3>  ()  Prereq: <a href=\"m12c.html#12.710\">12.710</a>, <a href=\"m12c.html#12.711\">12.711</a>, or permission of instructorUnits: 3-2-4Meets at WHOI. TBA. <!--s-->Quantitative analysis of melting, melt transport, and igneous crustal accretion at oceanic spreading centers, rifted continental margins, and subduction-related arcs, applied to understanding variation in composition and volume of the Earth's crust in different tectonic environments. Theoretical methods for calculation of melt volume and composition, solid-liquid equilibria and reaction rates, and liquid density and viscosity combined with field, petrographic, geochemical, and computational techniques. Topics vary from year to year.<I>H. Dick, G. Gaetani  (WHOI)</I>No required or recommended textbooks</p><!--end-->","title":"12.716 Igneous Processes at Oceanic Margins"}