{"id":"12.761","school":"MIT","subject":"Earth, Atmospheric, and Planetary Sciences","semester":"Fall","description":"<a name=\"12.761\"></a><p><h3>12.760-12.761 Seminar in Marine Geology and Geophysics at MIT</h3>  (, )  Not offered regularly; consult departmentPrereq: Permission of instructorUnits arranged [P/D/F]Topics in marine geology and geophysics taught at MIT. Content varies from term to term. 12.760 is letter-graded.<I>Marine Geology and Geophysics Staff</I></p><!--end-->","title":"12.760-12.761 Seminar in Marine Geology and Geophysics at MIT"}