{"id":"12.731","school":"MIT","subject":"Earth, Atmospheric, and Planetary Sciences","semester":"Fall","description":"<a name=\"12.731\"></a><p><h3>12.730-12.731 Current Research in Marine Geology and Geophysics at MIT</h3>  (, , )  Prereq: Permission of instructorUnits arranged [P/D/F]<b>12.730:</b> TBA. <!--s--><b>12.731:</b> TBA. <!--s-->Original investigations, laboratory work, or fieldwork in marine geology and geophysics under the supervision of a faculty member in residence at MIT. For students in the MIT/WHOI Joint Program. 12.730 is letter-graded.<I>Marine Geology and Geophysics Staff</I><b>12.730:</b> No textbook information available<b>12.731:</b> No textbook information available</p><!--end-->","title":"12.730-12.731 Current Research in Marine Geology and Geophysics at MIT"}