{"id":"12.759","school":"MIT","subject":"Earth, Atmospheric, and Planetary Sciences","semester":"Fall","description":"<a name=\"12.759\"></a><p><h3>12.751-12.759 Seminar in Oceanography at Woods Hole</h3>  (, )  Not offered regularly; consult departmentPrereq: Permission of instructorUnits arranged [P/D/F]<b>12.752:</b> Meets at WHOI. TBA. <!--s--><b>12.754:</b> Meets at WHOI. TBA. <!--s--><b>12.756:</b> Meets at WHOI. TBA. <!--s-->Topics in marine geology and geophysics, physical, dynamical, and chemical oceanography. Content varies from term to term. 12.754, 12.755, and 12.756 are letter-graded.<I>WHOI Staff</I><b>12.752:</b> No required or recommended textbooks<b>12.754:</b> No required or recommended textbooks<b>12.756:</b> No required or recommended textbooks</p><!--end-->","title":"12.751-12.759 Seminar in Oceanography at Woods Hole"}