{"id":"12.722","school":"MIT","subject":"Earth, Atmospheric, and Planetary Sciences","semester":"Fall","description":"<a name=\"12.722\"></a><p><h3>12.722 Current Research in Chemical Oceanography at Woods Hole</h3>  (, , )  Prereq: Permission of instructorUnits arranged [P/D/F]TBA. <!--s-->Original investigations, laboratory work, or fieldwork in chemical oceanography.<I>WHOI Staff</I>No textbook information available</p><!--end-->","title":"12.722 Current Research in Chemical Oceanography at Woods Hole"}