{"id":"12.736","school":"MIT","subject":"Earth, Atmospheric, and Planetary Sciences","semester":"Fall","description":"<a name=\"12.736\"></a><p><h3>12.735-12.736 Current Research in Chemical Oceanography at MIT</h3>  (, , )  Prereq: Permission of instructorUnits arranged [P/D/F]<b>12.735:</b> TBA. <!--s--><b>12.736:</b> TBA. <!--s-->Original investigations, laboratory work, or fieldwork in chemical oceanography under the supervision of a faculty member in residence at MIT. For students in the MIT/WHOI Joint Program. 12.735 is letter-graded.<I>Chemical Oceanography Staff</I><b>12.735:</b> No textbook information available<b>12.736:</b> No textbook information available</p><!--end-->","title":"12.735-12.736 Current Research in Chemical Oceanography at MIT"}