{"id":"12.759","school":"MIT","subject":"Earth, Atmospheric, and Planetary Sciences","semester":"Fall","description":"Topics in marine geology and geophysics, physical, dynamical, and chemical oceanography. Content varies from term to term. 12.754, 12.755, and 12.756 are letter-graded.<br><I>WHOI Staff</I><br><b>12.752:</b> No required or recommended textbooks<br><b>12.754:</b> No required or recommended textbooks<br><b>12.756:</b> No required or recommended textbooks","title":"12.751-12.759 Seminar in Oceanography at Woods Hole"}