{"id":"12.808","school":"MIT","subject":"Earth, Atmospheric, and Planetary Sciences","semester":"Fall","description":"<a name=\"12.808\"></a><p><h3>12.808 Introduction to Observational Physical Oceanography</h3>  () Prereq: Permission of instructorUnits: 3-0-9Meets at WHOI. TBA. <!--s-->Results and techniques of observations of the ocean in the context of its physical properties and dynamical constraints. Emphasis on large-scale steady circulation and the time-dependent processes that contribute to it. Includes the physical setting of the ocean, atmospheric forcing, application of conservation laws, description of wind-driven and thermohaline circulation, eddy processes, and interpretive techniques.<I>Y. Kwon, S. Jayne (WHOI)</I><a href=\"javascript:PopUpHelp('http://sisapp.mit.edu/textbook/books.html?Term=2015FA&Subject=12.808');\" >Textbooks (Fall 2014)</a></font></p><!--end-->","title":"12.808 Introduction to Observational Physical Oceanography"}