{"id":"12.846","school":"MIT","subject":"Earth, Atmospheric, and Planetary Sciences","semester":"Fall","description":"<a name=\"12.846\"></a><p><h3>12.846J Global Environmental Science and Negotiations</h3>  ()(Same subject as <A HREF=\"mESDa.html#ESD.110\">ESD.110J</A>)(Subject meets with <A HREF=\"m12a.html#12.346\">12.346J</A>, <A HREF=\"mESDa.html#ESD.046\">ESD.046J</A>)Prereq: NoneUnits: 3-0-6<b>Lecture:</b> <i>T1.30-4.30</i> (<a href=\"http://whereis.mit.edu/map-jpg?mapterms=E51\">E51-385</a>)<!--s-->Practical introduction to the international environmental political arena, particularly designed for science and engineering students whose work is potentially relevant to global environmental issues. Covers basic issues in international politics, such as negotiations, North-South conflict, implementation and compliance, and trade. Emphasizes the roles and responsibilities of experts providing scientific assessment reports and in technical advisory bodies. Term projects focus on organizing and presenting scientific information in ways relevant for ongoing global policymaking. Students taking graduate version complete additional assignments.<I>N. Selin</I><a href=\"javascript:PopUpHelp('http://sisapp.mit.edu/textbook/books.html?Term=2015FA&Subject=12.846&Source=ESD.110');\" >Textbooks (Fall 2014)</a></font></p><!--end-->","title":"12.846J Global Environmental Science and Negotiations"}