{"id":"12.831","school":"MIT","subject":"Earth, Atmospheric, and Planetary Sciences","semester":"Fall","description":"Observed characteristics of the stratosphere: meteorology and distribution of chemical tracers. Climatological heat budget. Wave transport theory. Rossby wave propagation in winter. Rossby and gravity wave breaking. Impact on the mean circulation. Dynamics of the disturbed polar vortex. Equatorial waves in the stratosphere. Theory of the quasi-biennial oscillation. Transport of trace constituents. Modeling of the stratosphere; its meteorology; and chemical composition.<br><I>R. A. Plumb</I><br>No required or recommended textbooks","title":"12.831 Dynamics and Transport in the Stratosphere","time":"11:00 a.m. - 12:00 p.m.","location":"54-162","meets":"Tuesday,Thursday"}