{"id":"12.866","school":"MIT","subject":"Earth, Atmospheric, and Planetary Sciences","semester":"Fall","description":"<a name=\"12.866\"></a><p><h3>12.866 Theory of the General Circulation of the Ocean</h3>  () Prereq: <a href=\"m12c.html#12.800\">12.800</a>, <a href=\"m12c.html#12.801\">12.801</a>, <a href=\"m12c.html#12.802\">12.802</a>Units: 3-0-9TBA. <!--s-->A review of wind-driven circulation, and the development of the baroclinic theory of the wind-driven circulation. Potential vorticity homohenization and the ventilated thermocline. Wind-driven circulation with continuous stratification, subduction/obduction. Equatorial thermocline and its relation to ENSO. Decadal climate variability. Thermohaline circulation and variability. Abyssal circulation. Mixing and energetics of the oceanic general circulation.<I>R. X. Huang (WHOI)</I>No textbook information available</p><!--end-->","title":"12.866 Theory of the General Circulation of the Ocean"}