{"id":"12.830","school":"MIT","subject":"Earth, Atmospheric, and Planetary Sciences","semester":"Fall","description":"A detailed presentation of selected advanced topics in waves and instability in the atmosphere. The precise selection varies from year to year. Topics have included wave-mean flow interaction, the quasi-biennial oscillation, sudden warmings, critical-level behavior, wave overreflection, nonlinear equilibration, wave breaking, tropical waves, and stationary waves.<br><I>EAPS Staff</I><br>No textbook information available","title":"12.830 Topics in Waves and Instability"}