{"id":"12.862","school":"MIT","subject":"Earth, Atmospheric, and Planetary Sciences","semester":"Fall","description":"Introduction to the dynamics of flow over the continental shelf, emphasizing both theory and observations. Content varies somewhat according to student and staff interests. Possible topics include fronts, buoyant plumes, surface and bottom boundary layers, wind-driven upwelling, coastal-trapped waves, internal waves, quasi-steady flows,  high-latitude shelf processes, tides, and shelf-open ocean interactions.<br><I>WHOI Staff</I><br>No required or recommended textbooks","title":"12.862 Coastal Physical Oceanography"}