{"id":"12.805","school":"MIT","subject":"Earth, Atmospheric, and Planetary Sciences","semester":"Fall","description":"Introduction to standard data analysis methods, including time series analysis, objective mapping, and empirical orthogonal functions. Focuses on working with data in a computer laboratory setting. Emphasizes how statistical information can be used to improve experimental design. Some attention given to the instruments and algorithms used to acquire the data.<br><I>K. Brink</I><br><a href=\"javascript:PopUpHelp('http://sisapp.mit.edu/textbook/books.html?Term=2015FA&Subject=12.805');\" >Textbooks (Fall 2014)</a></font>","title":"12.805 Laboratory in Physical Oceanography"}