{"id":"12.830","school":"MIT","subject":"Earth, Atmospheric, and Planetary Sciences","semester":"Fall","description":"<a name=\"12.830\"></a><p><h3>12.830 Topics in Waves and Instability</h3>  () Prereq: <a href=\"m12c.html#12.803\">12.803</a>; <a href=\"m12c.html#12.802\">12.802</a> or <a href=\"m12c.html#12.810\">12.810</a>Units: 3-0-9<b>Lecture:</b> <i>TBA</i><!--s-->A detailed presentation of selected advanced topics in waves and instability in the atmosphere. The precise selection varies from year to year. Topics have included wave-mean flow interaction, the quasi-biennial oscillation, sudden warmings, critical-level behavior, wave overreflection, nonlinear equilibration, wave breaking, tropical waves, and stationary waves.<I>EAPS Staff</I>No textbook information available</p><!--end-->","title":"12.830 Topics in Waves and Instability"}