{"id":"12.842","school":"MIT","subject":"Earth, Atmospheric, and Planetary Sciences","semester":"Fall","description":"<a name=\"12.842\"></a><p><h3>12.842 Climate Physics and Chemistry</h3>  () (Subject meets with <A HREF=\"m12a.html#12.301\">12.301</A>)Prereq: <a href=\"./search.cgi?search=&cred=c\" title=\"3.091, 5.111, 5.112\">Chemistry (GIR)</a>, <a href=\"m18a.html#18.03\">18.03</a>, or permission of instructorUnits: 4-0-8<b>Lecture:</b> <i>MWF2</i> (<a href=\"http://whereis.mit.edu/map-jpg?mapterms=54\">54-823</a>)<!--s-->Introduction to climate studies, including beginnings of the solar system, time scales, and climate in human history; methods for detecting climate change, including proxies, ice cores, instrumental records, and time series analysis; physical and chemical processes in climate, including primordial atmosphere, ozone chemistry, carbon and oxygen cycles, and heat and water budgets; internal feedback mechanisms, including ice, aerosols, water vapor, clouds, and ocean circulation; climate forcing, including orbital variations, volcanism, plate tectonics, and solar variability; climate models and mechanisms of variability, including energy balance, coupled models, and global ocean and atmosphere models; and outstanding problems. Students taking the graduate version complete different assignments.<I>C. Wunsch, E. Boyle, K. Emanuel</I><a href=\"javascript:PopUpHelp('http://sisapp.mit.edu/textbook/books.html?Term=2015FA&Subject=12.842');\" >Textbooks (Fall 2014)</a></font></p><!--end-->","title":"12.842 Climate Physics and Chemistry","time":"2:00 p.m. - 3:00 p.m.","location":"54-82","meets":"Monday,Wednesday,Friday"}