{"id":"12.951","school":"MIT","subject":"Earth, Atmospheric, and Planetary Sciences","semester":"Fall","description":"<a name=\"12.951\"></a><p><h3>12.950, 12.951 Seminar in Physical Oceanography at MIT</h3>  (, )  Not offered regularly; consult departmentPrereq: Permission of instructorUnits arranged [P/D/F] <i><b>12.951 Cancelled</b></i>  <!--s-->Topics in physical and dynamical oceanography. Content varying from term to term. 12.950 is letter-graded.<I>Physical Oceanography Staff</I></p><!--end-->","title":"12.950, 12.951 Seminar in Physical Oceanography at MIT"}