{"id":"12.971","school":"MIT","subject":"Earth, Atmospheric, and Planetary Sciences","semester":"Fall","description":"<a name=\"12.971\"></a><p><h3>12.970, 12.971 Current Research in Physical Oceanography at Woods Hole</h3>  (, , )  Prereq: Permission of instructorUnits arranged [P/D/F]<b>12.970:</b> TBA. <!--s--><b>12.971:</b> Meets at WHOI. TBA. <!--s-->Original investigations, laboratory work, or field work on oceanographic problems. 12.970 is letter-graded.<I>Woods Hole Staff</I><b>12.970:</b> No textbook information available<b>12.971:</b> No textbook information available</p><!--end-->","title":"12.970, 12.971 Current Research in Physical Oceanography at Woods Hole"}