{"id":"12.IND","school":"MIT","subject":"Earth, Atmospheric, and Planetary Sciences","semester":"Fall","description":"Independent reading, laboratory, or fieldwork in Earth, Atmospheric, and Planetary Sciences. To be arranged by student and an appropriate EAPS faculty member. A written report may be required at the discretion of the advisor. Units arranged should reflect the project requirements.<br>Consult EAPS Education Office<br>No textbook information available","title":"12.IND Independent Study"}