{"id":"12.IND","school":"MIT","subject":"Earth, Atmospheric, and Planetary Sciences","semester":"Fall","description":"<a name=\"12.IND\"></a><p><h3>12.IND Independent Study</h3>  (, , , ) Not offered regularly; consult departmentPrereq: <a href=\"m12a.html#12.TIP\">12.TIP</a>Units arrangedIndependent reading, laboratory, or fieldwork in Earth, Atmospheric, and Planetary Sciences. To be arranged by student and an appropriate EAPS faculty member. A written report may be required at the discretion of the advisor. Units arranged should reflect the project requirements.Consult EAPS Education OfficeNo textbook information available</p><!--end-->","title":"12.IND Independent Study"}