{"id":"12.S593","school":"MIT","subject":"Earth, Atmospheric, and Planetary Sciences","semester":"Fall","description":"Organized lecture or laboratory subject on an aspect of the earth sciences, planetary sciences, or astronomy not normally covered in regularly scheduled subjects. 12.592 is letter-graded.<br><I>EAPS Staff</I><br><b>12.S593:</b> No textbook information available","title":"12.S592, 12.S593 Special Seminar in Earth, Atmospheric and Planetary Sciences","time":"2:00 p.m. - 3:00 p.m.","location":"54-162","meets":"Monday"}