{"id":"12.THG","school":"MIT","subject":"Earth, Atmospheric, and Planetary Sciences","semester":"Fall","description":"Program of research leading to the writing of an SM, PhD, or ScD thesis; to be arranged by the student and an appropriate MIT faculty member.<br>Consult Department Headquarters<br>Textbooks arranged individually","title":"12.THG Graduate Thesis</h3>  (, , )  Prereq: Permission of instructorUnits arrangedTBA. <!--s-->Program of research leading to the writing of an SM, PhD, or ScD thesis; to be arranged by the student and an appropriate MIT faculty member.Consult Department HeadquartersTextbooks arranged individually</p><!--end--><h3>Geology and Geochemistry"}