{"id":"12.TIP","school":"MIT","subject":"Earth, Atmospheric, and Planetary Sciences","semester":"Fall","description":"<a name=\"12.TIP\"></a><p><h3>12.TIP Thesis Preparation</h3>  (, )Prereq: NoneUnits: 2-0-4TBA. <!--s-->Definition of and early-stage work on the thesis project. Students develop a written research proposal and begin writing the supporting text of the thesis concurrent with conducting research for the thesis project. Supervision of the writing continues into the spring term which concludes with an oral presentation of the research results.<I>J. Connor</I>No textbook information available</p><!--end-->","title":"12.TIP Thesis Preparation"}