{"id":"14.03","school":"MIT","subject":"Economics","semester":"Fall","description":"Applies microeconomic theory to analysis of public policy. Builds from microeconomic model of consumer behavior; extends to operation of single and multiple markets and analysis of why markets sometimes fail. Empirical examples to evaluate theory, focusing on the casual effects of policy interventions on economic outcomes. Topics include minimum wages and employment, food stamps and consumer welfare, economics of risk and safety regulation, the value of education, and gains from international trade.<br>Fall: <I>D. Autor</I><br>Spring: <I>N. Agarwal</I><br>No required or recommended textbooks","title":"14.03 Microeconomic Theory and Public Policy"}