{"id":"14.01","school":"MIT","subject":"Economics","semester":"Fall","description":"Introduces microeconomic concepts and analysis, supply and demand analysis, theories of the firm and individual behavior, competition and monopoly, and welfare economics. Applications to problems of current economic policy. Taught in two formats - lecture/recitation and recitation only - each with 3 sessions per week. Same content and exams.<br>Fall: <I>J. Gruber</I><br>Spring: <I>J. Harris</I><br><a href=\"javascript:PopUpHelp('http://sisapp.mit.edu/textbook/books.html?Term=2015FA&Subject=14.01');\" >Textbooks (Fall 2014)</a></font>","title":"14.01 Principles of Microeconomics"}