{"id":"14.003","school":"MIT","subject":"Economics","semester":"Fall","description":"<a name=\"14.003\"></a><p><h3>14.003 Microeconomic Theory and Public Policy</h3>  (, )(Subject meets with <A HREF=\"m14a.html#14.03\">14.03</A>)Prereq: <a href=\"m14a.html#14.01\">14.01</a>Units: 4-0-8<b>Lecture:</b> <i>MW9.30-11</i> (<a href=\"http://whereis.mit.edu/map-jpg?mapterms=E25\">E25-111</a>) <b>Recitation:</b> <i>F9</i> (<a href=\"http://whereis.mit.edu/map-jpg?mapterms=66\">66-154</a>) or <i>F10</i> (<a href=\"http://whereis.mit.edu/map-jpg?mapterms=66\">66-154</a>) <i><b>+final</b></i><!--s-->Applies microeconomic theory to analysis of public policy. Builds from microeconomic model of consumer behavior; extends to operation of single and multiple markets and analysis of why markets sometimes fail. Empirical examples to evaluate theory, focusing on the casual effects of policy interventions on economic outcomes. Topics include minimum wages and employment, food stamps and consumer welfare, economics of risk and safety regulation, the value of education, and gains from international trade.  Graduate students are expected to complete additional assignments.Fall: <I>D. Autor</I>Spring: <I>N. Agarwal</I>No required or recommended textbooks</p><!--end--><a name=\"14.01\"></a><p><h3>14.01 Principles of Microeconomics</h3>  (, ) Prereq: NoneUnits: 3-0-9<b>Lecture:</b> <i>MW11</i> (<a href=\"http://whereis.mit.edu/map-jpg?mapterms=E25\">E25-111</a>) <b>Recitation:</b> <i>F10</i> (<a href=\"http://whereis.mit.edu/map-jpg?mapterms=5\">5-134</a>) or <i>F11</i> (<a href=\"http://whereis.mit.edu/map-jpg?mapterms=4\">4-149</a>, <a href=\"http://whereis.mit.edu/map-jpg?mapterms=56\">56-114</a>) or <i>F1</i> (<a href=\"http://whereis.mit.edu/map-jpg?mapterms=3\">3-442</a>) or <i>F3</i> (<a href=\"http://whereis.mit.edu/map-jpg?mapterms=3\">3-442</a>) or <i>MWF9</i> (<a href=\"http://whereis.mit.edu/map-jpg?mapterms=35\">35-310</a>) or <i>MWF10</i> (<a href=\"http://whereis.mit.edu/map-jpg?mapterms=35\">35-310</a>) or <i>MWF1</i> (<a href=\"http://whereis.mit.edu/map-jpg?mapterms=35\">35-308</a>) or <i>MWF2</i> (<a href=\"http://whereis.mit.edu/map-jpg?mapterms=35\">35-308</a>) <i><b>+final</b></i><!--s-->Introduces microeconomic concepts and analysis, supply and demand analysis, theories of the firm and individual behavior, competition and monopoly, and welfare economics. Applications to problems of current economic policy. Taught in two formats - lecture/recitation and recitation only - each with 3 sessions per week. Same content and exams.Fall: <I>J. Gruber</I>Spring: <I>J. Harris</I><a href=\"javascript:PopUpHelp('http://sisapp.mit.edu/textbook/books.html?Term=2015FA&Subject=14.01');\" >Textbooks (Fall 2014)</a></font></p><!--end--><a name=\"14.02\"></a><p><h3>14.02 Principles of Macroeconomics</h3>  (, ) Prereq: NoneUnits: 3-0-9<b>Lecture:</b> <i>MW2</i> (<a href=\"http://whereis.mit.edu/map-jpg?mapterms=10\">10-250</a>) <b>Recitation:</b> <i>F10</i> (<a href=\"http://whereis.mit.edu/map-jpg?mapterms=3\">3-333</a>) or <i>F11</i> (<a href=\"http://whereis.mit.edu/map-jpg?mapterms=3\">3-333</a>) or <i>F12</i> (<a href=\"http://whereis.mit.edu/map-jpg?mapterms=1\">1-190</a>) or <i>F1</i> (<a href=\"http://whereis.mit.edu/map-jpg?mapterms=1\">1-190</a>) or <i>MWF9</i> (<a href=\"http://whereis.mit.edu/map-jpg?mapterms=35\">35-308</a>) or <i>MWF10</i> (<a href=\"http://whereis.mit.edu/map-jpg?mapterms=35\">35-308</a>) or <i>MWF11</i> (<a href=\"http://whereis.mit.edu/map-jpg?mapterms=35\">35-308</a>)<!--s-->Provides an overview of macroeconomic issues: the determination of output, employment, unemployment, interest rates, and inflation. Monetary and fiscal policies are discussed. Important current policy debates such as the sub-prime crisis, social security, the public debt, and international economic issues are critically explored. Introduces basic models of macroeconomics and illustrates principles with the experience of the US and foreign economies. Taught in two formats - lecture/recitation and recitation only - each with 3 sessions per week. Same content and exams.Fall: <I>P. Willen</I>Spring: <I>J. Poterba</I><a href=\"javascript:PopUpHelp('http://sisapp.mit.edu/textbook/books.html?Term=2015FA&Subject=14.02');\" >Textbooks (Fall 2014)</a></font></p><!--end--><a name=\"14.03\"></a><p><h3>14.03 Microeconomic Theory and Public Policy</h3>  (, ) (Subject meets with <A HREF=\"m14a.html#14.003\">14.003</A>)Prereq: <a href=\"m14a.html#14.01\">14.01</a>Units: 4-0-8<b>Lecture:</b> <i>MW9.30-11</i> (<a href=\"http://whereis.mit.edu/map-jpg?mapterms=E25\">E25-111</a>) <b>Recitation:</b> <i>F9</i> (<a href=\"http://whereis.mit.edu/map-jpg?mapterms=66\">66-154</a>) or <i>F10</i> (<a href=\"http://whereis.mit.edu/map-jpg?mapterms=66\">66-154</a>) <i><b>+final</b></i><!--s-->Applies microeconomic theory to analysis of public policy. Builds from microeconomic model of consumer behavior; extends to operation of single and multiple markets and analysis of why markets sometimes fail. Empirical examples to evaluate theory, focusing on the casual effects of policy interventions on economic outcomes. Topics include minimum wages and employment, food stamps and consumer welfare, economics of risk and safety regulation, the value of education, and gains from international trade.Fall: <I>D. Autor</I>Spring: <I>N. Agarwal</I>No required or recommended textbooks</p><!--end--><a name=\"14.04\"></a><p><h3>14.04 Intermediate Microeconomic Theory</h3>  () Prereq: <a href=\"m14a.html#14.01\">14.01</a>, <a href=\"./search.cgi?search=&cred=m2\" title=\"18.02, 18.02A, 18.022, 18.023, 18.024\">Calculus II (GIR)</a>Units: 4-0-8<b>Lecture:</b> <i>MW2.30-4</i> (<a href=\"http://whereis.mit.edu/map-jpg?mapterms=E51\">E51-395</a>) <b>Recitation:</b> <i>F2</i> (<a href=\"http://whereis.mit.edu/map-jpg?mapterms=E25\">E25-117</a>) or <i>F3</i> (<a href=\"http://whereis.mit.edu/map-jpg?mapterms=E17\">E17-133</a>) <i><b>+final</b></i><!--s-->Analysis of consumer and producer decisions including analysis of competitive and monopolistic markets. Price-based partial and general equilibrium analysis. Introduction to game theory as a foundation for the strategic analysis of economic situations. Imperfect competition, dynamic games among firms. Failures of general equilibrium theory and their resolutions: externalities, public goods, incomplete information settings, signaling, screening, insurance, alternative market mechanisms, auctions, design of markets.<I>J. Toikka</I><a href=\"javascript:PopUpHelp('http://sisapp.mit.edu/textbook/books.html?Term=2015FA&Subject=14.04');\" >Textbooks (Fall 2014)</a></font></p><!--end--><a name=\"14.05\"></a><p><h3>14.05 Intermediate Macroeconomics</h3>  () Prereq: <a href=\"m14a.html#14.01\">14.01</a>, <a href=\"m14a.html#14.02\">14.02</a>Units: 4-0-8<b>Lecture:</b> <i>TR10.30-12</i> (<a href=\"http://whereis.mit.edu/map-jpg?mapterms=E51\">E51-395</a>) <b>Recitation:</b> <i>F10</i> (<a href=\"http://whereis.mit.edu/map-jpg?mapterms=E17\">E17-139</a>) or <i>F11</i> (<a href=\"http://whereis.mit.edu/map-jpg?mapterms=E17\">E17-133</a>)<!--s-->Uses the tools of macroeconomics to study various macroeconomic policy problems in depth. The problems range from economic growth in the long run to government finances in the intermediate run and economic stability in the short run. Many economic models used today are surveyed.  Requires a substantial research paper on the economics of long-run economic growth.<I>A. Simsek</I><a href=\"javascript:PopUpHelp('http://sisapp.mit.edu/textbook/books.html?Term=2015FA&Subject=14.05');\" >Textbooks (Fall 2014)</a></font></p><!--end--><a name=\"14.08\"></a><p><h3>14.08 Technical Topics in Economics</h3>  (, ) Prereq: <a href=\"m14a.html#14.01\">14.01</a>Units: 4-0-8TBA. <!--s-->Considers technical issues of current research interest in economics.Consult Department HeadquartersNo required or recommended textbooks</p><!--end--><a name=\"14.09\"></a><p><h3>14.09 Reading Seminar in Economics</h3>  (, , , ) Prereq: <a href=\"m14a.html#14.04\">14.04</a>, <a href=\"m14a.html#14.06\">14.06</a>Units arranged [P/D/F]TBA. <!--s-->Reading and discussion of particular topics in economics. Open to undergraduate students by arrangement with individual faculty members. Consult Department Headquarters.<I>A. Mikusheva</I>No textbook information available (Summer 2014); No required or recommended textbooks (Fall 2014)</p><!--end--><a name=\"14.10\"></a><p><h3>14.10 Reading Seminar in Economics</h3>  (, , , ) Prereq: <a href=\"m14a.html#14.04\">14.04</a>, <a href=\"m14a.html#14.06\">14.06</a>Units arrangedTBA. <!--s-->Reading and discussion of particular topics in economics. Open to undergraduate students by arrangement with individual faculty members. Consult Department Headquarters.<I>A. Mikusheva</I>No textbook information available (Summer 2014); No required or recommended textbooks (Fall 2014)</p><!--end--><a name=\"14.11\"></a><p><h3>14.11 Topics in Economics</h3>  ()  Prereq: <a href=\"m14a.html#14.01\">14.01</a>Units: 4-0-8<b>Lecture:</b> <i>TR9-10.30</i> (<a href=\"http://whereis.mit.edu/map-jpg?mapterms=4\">4-270</a>) <b>Recitation:</b> <i>F11</i> (<a href=\"http://whereis.mit.edu/map-jpg?mapterms=1\">1-190</a>) <i><b>+final</b></i><!--s-->Considers issues of current research interest in economics.<I>M. Hoffman, E. Yoeli</I>No textbook information available</p><!--end--><a name=\"14.12\"></a><p><h3>14.12 Economic Applications of Game Theory</h3>  () Prereq: <a href=\"m14a.html#14.01\">14.01</a>; <a href=\"m14a.html#14.03\">14.03</a>, <a href=\"m6a.html#6.041\">6.041</a> or permission of instructorUnits: 4-0-8<b>Lecture:</b> <i>TR2.30-4</i> (<a href=\"http://whereis.mit.edu/map-jpg?mapterms=E51\">E51-395</a>) <b>Recitation:</b> <i>F10</i> (<a href=\"http://whereis.mit.edu/map-jpg?mapterms=E17\">E17-136</a>) or <i>F2</i> (<a href=\"http://whereis.mit.edu/map-jpg?mapterms=E17\">E17-122</a>) or <i>F3</i> (<a href=\"http://whereis.mit.edu/map-jpg?mapterms=E17\">E17-122</a>)<!--s-->Analysis of strategic behavior in multi-person economic settings. Introduction to solution concepts, such as rationalizability, backwards induction, Nash equilibrium, subgame-perfect equilibrium, and sequential equilibrium, with a strong emphasis on the assumptions behind these solution concepts. Issues of incomplete information, such as signaling and reputation formation. Applications drawn from microeconomics and political economy.<I>M. Yildiz</I>No textbook information available</p><!--end-->","title":"14.003 Microeconomic Theory and Public Policy","time":"2:00 p.m. - 3:00 p.m.","location":"10-25","meets":"Monday,Wednesday"}