{"id":"14.05","school":"MIT","subject":"Economics","semester":"Fall","description":"Uses the tools of macroeconomics to study various macroeconomic policy problems in depth. The problems range from economic growth in the long run to government finances in the intermediate run and economic stability in the short run. Many economic models used today are surveyed.  Requires a substantial research paper on the economics of long-run economic growth.<br><I>A. Simsek</I><br><a href=\"javascript:PopUpHelp('http://sisapp.mit.edu/textbook/books.html?Term=2015FA&Subject=14.05');\" >Textbooks (Fall 2014)</a></font>","title":"14.05 Intermediate Macroeconomics"}