{"id":"14.122","school":"MIT","subject":"Economics","semester":"Fall","description":"<a name=\"14.122\"></a><p><h3>14.122 Microeconomic Theory II</h3>  () ; second half of termPrereq: <a href=\"m14a.html#14.121\">14.121</a>, permission of instructorUnits: 3-0-3Begins Oct 27. <b>Lecture:</b> <i>MW1-2.30</i> (<a href=\"http://whereis.mit.edu/map-jpg?mapterms=E51\">E51-395</a>) <b>Recitation:</b> <i>F1-2.30</i> (<a href=\"http://whereis.mit.edu/map-jpg?mapterms=E51\">E51-057</a>) <i><b>+final</b></i><!--s-->Introduction to game theory. Topics include normal form and extensive form games, and games with incomplete information. Enrollment limited.<I>G. Ellison</I><a href=\"javascript:PopUpHelp('http://sisapp.mit.edu/textbook/books.html?Term=2015FA&Subject=14.122');\" >Textbooks (Fall 2014)</a></font>","title":"14.122 Microeconomic Theory II"}