{"id":"14.284","school":"MIT","subject":"Economics","semester":"Fall","description":"<a name=\"14.284\"></a><p><h3>14.284 Advanced Topics in Organizational Economics II</h3>  () ; second half of termPrereq: <a href=\"m14a.html#14.282\">14.282</a>Units: 2-0-4Builds on the work done in 14.282 to develop more in-depth analysis of topics in the field.Consult Department Headquarters</p><!--end--><h2>Statistics and Econometrics</h2><a name=\"14.30\"></a><p><h3>14.30 Introduction to Statistical Methods in Economics</h3>  () (Subject meets with <A HREF=\"m14a.html#14.300\">14.300</A>)Prereq: <a href=\"./search.cgi?search=&cred=m2\" title=\"18.02, 18.02A, 18.022, 18.023, 18.024\">Calculus II (GIR)</a>Units: 4-0-8<b>Lecture:</b> <i>MW9-10.30</i> (<a href=\"http://whereis.mit.edu/map-jpg?mapterms=E51\">E51-372</a>) <b>Recitation:</b> <i>F9</i> (<a href=\"http://whereis.mit.edu/map-jpg?mapterms=E17\">E17-128</a>) <i><b>+final</b></i><!--s-->Self-contained introduction to probability and statistics with some economic applications.  Elements of probability theory, sampling theory, statistical estimation, and hypothesis testing. Students taking graduate version complete additional assignments. May not count toward HASS  requirement.Consult Department Headquarters<a href=\"javascript:PopUpHelp('http://sisapp.mit.edu/textbook/books.html?Term=2015FA&Subject=14.30');\" >Textbooks (Fall 2014)</a></font></p><!--end-->","title":"14.284 Advanced Topics in Organizational Economics II"}