{"id":"14.27","school":"MIT","subject":"Economics","semester":"Fall","description":"Uses theoretical economic models and empirical evidence to help understand the growth and future of e-commerce.  Economic models help frame class discussions of, among other topics, content provision, privacy, piracy, sales taxation, group purchasing, price search, and advertising on the internet.  Empirical project and paper required.<br><I>S. Ellison</I><br>No textbook information available","title":"14.27 Economics and E-Commerce"}