{"id":"14.271","school":"MIT","subject":"Economics","semester":"Fall","description":"<a name=\"14.271\"></a><p><h3>14.271 Industrial Organization I</h3>  () Prereq: <a href=\"m14a.html#14.04\">14.04</a>Units: 5-0-7<b>Lecture:</b> <i>MW9-10.30</i> (<a href=\"http://whereis.mit.edu/map-jpg?mapterms=E17\">E17-133</a>) <b>Recitation:</b> <i>F9-10.30</i> (<a href=\"http://whereis.mit.edu/map-jpg?mapterms=E17\">E17-133</a>) <i><b>+final</b></i><!--s-->Covers theoretical and empirical work dealing with the structure, behavior, and performance of firms and markets and core issues in antitrust. Topics include: the organization of the firm, monopoly, price discrimination, oligopoly, and auctions. Theoretical and empirical work are integrated in each area.<I>G. Ellison</I><a href=\"javascript:PopUpHelp('http://sisapp.mit.edu/textbook/books.html?Term=2015FA&Subject=14.271');\" >Textbooks (Fall 2014)</a></font>","title":"14.271 Industrial Organization I"}