{"id":"14.384","school":"MIT","subject":"Economics","semester":"Fall","description":"Studies theory and application of time series methods in econometrics, including spectral analysis, estimation with stationary and non-stationary processes, VARs, factor models, unit roots, cointegration, estimation of DSGE models, and Bayesian methods. Enrollment limited.<br><I>A. Mikusheva</I><br><a href=\"javascript:PopUpHelp('http://sisapp.mit.edu/textbook/books.html?Term=2015FA&Subject=14.384');\" >Textbooks (Fall 2014)</a></font>","title":"14.384 Time Series Analysis"}