{"id":"14.33","school":"MIT","subject":"Economics","semester":"Fall","description":"Exposes students to the process of conducting independent research in empirical economics and effectively communicating the results of the research. Emphasizes econometric analysis of an assigned economic question and culminates in each student choosing an original topic, performing appropriate analysis, and delivering oral and written project reports.<br>Fall: <I>H. Williams</I><br>Spring: <I>S. Ellison</I><br><a href=\"javascript:PopUpHelp('http://sisapp.mit.edu/textbook/books.html?Term=2015FA&Subject=14.33');\" >Textbooks (Fall 2014)</a></font>","title":"14.33 Research and Communication in Economics:  Topics, Methods, and Implementation"}