{"id":"14.300","school":"MIT","subject":"Economics","semester":"Fall","description":"<a name=\"14.300\"></a><p><h3>14.300 Introduction to Statistical Methods in Economics(New)</h3>  ()(Subject meets with <A HREF=\"m14a.html#14.30\">14.30</A>)Prereq: <a href=\"./search.cgi?search=&cred=m2\" title=\"18.02, 18.02A, 18.022, 18.023, 18.024\">Calculus II (GIR)</a>Units: 4-0-8<b>Lecture:</b> <i>MW9-10.30</i> (<a href=\"http://whereis.mit.edu/map-jpg?mapterms=E51\">E51-372</a>) <b>Recitation:</b> <i>F9</i> (<a href=\"http://whereis.mit.edu/map-jpg?mapterms=E17\">E17-128</a>) <i><b>+final</b></i><!--s-->Self-contained introduction to probability and statistics with some economic applications. Elements of probability theory, sampling theory, statistical estimation, and hypothesis testing. Graduate students are expected to complete additional assignments.Consult Department HeadquartersNo textbook information available</p><!--end--><a name=\"14.32\"></a><p><h3>14.32 Econometrics</h3>  (, )Prereq: <a href=\"m14a.html#14.30\">14.30</a>Units: 4-0-8<b>Lecture:</b> <i>MW9-10.30</i> (<a href=\"http://whereis.mit.edu/map-jpg?mapterms=E51\">E51-361</a>) <b>Recitation:</b> <i>F9</i> (<a href=\"http://whereis.mit.edu/map-jpg?mapterms=E17\">E17-122</a>) <i><b>+final</b></i><!--s-->Introduction to econometric models and techniques,  emphasizing regression. Advanced topics include instrumental variables, measurement error, and limited dependent variable models. Includes problem sets. May not count toward HASS requirement.Fall: <I>A. Mikusheva</I>Spring: <I>J. Angrist</I><a href=\"javascript:PopUpHelp('http://sisapp.mit.edu/textbook/books.html?Term=2015FA&Subject=14.32');\" >Textbooks (Fall 2014)</a></font></p><!--end--><a name=\"14.33\"></a><p><h3>14.33 Research and Communication in Economics:  Topics, Methods, and Implementation</h3>  (, ) Prereq: <a href=\"m14a.html#14.04\">14.04</a>, <a href=\"m14a.html#14.05\">14.05</a>, <a href=\"m14a.html#14.32\">14.32</a>Units: 3-4-5<b>Lecture:</b> <i>MW9-10.30</i> (<a href=\"http://whereis.mit.edu/map-jpg?mapterms=E17\">E17-136</a>) <b>Lab:</b> <i>TBA</i><!--s-->Exposes students to the process of conducting independent research in empirical economics and effectively communicating the results of the research. Emphasizes econometric analysis of an assigned economic question and culminates in each student choosing an original topic, performing appropriate analysis, and delivering oral and written project reports.Fall: <I>H. Williams</I>Spring: <I>S. Ellison</I><a href=\"javascript:PopUpHelp('http://sisapp.mit.edu/textbook/books.html?Term=2015FA&Subject=14.33');\" >Textbooks (Fall 2014)</a></font></p><!--end--><a name=\"14.36\"></a><p><h3>14.36 Advanced Econometrics</h3>  ()Prereq: <a href=\"m14a.html#14.30\">14.30</a>, <a href=\"m14a.html#14.32\">14.32</a>Units: 4-0-8Covers a range of topics including duration models, discrete choice models, differentiated product models, count models and other advanced models that are used in a wide variety of applications in applied microeconomics, financial economics, and business economics. Mastery of one or more techniques taught in class demonstrated through the completion of an econometrics paper.<I>A. Galichon</I></p><!--end-->","title":"14.300 Introduction to Statistical Methods in Economics"}