{"id":"14.384","school":"MIT","subject":"Economics","semester":"Fall","description":"<a name=\"14.384\"></a><p><h3>14.384 Time Series Analysis</h3>  () Prereq: <a href=\"m14a.html#14.382\">14.382</a> or permission of instructorUnits: 5-0-7<b>Lecture:</b> <i>TR9-10.30</i> (<a href=\"http://whereis.mit.edu/map-jpg?mapterms=E51\">E51-372</a>) <b>Recitation:</b> <i>F4-5.30</i> (<a href=\"http://whereis.mit.edu/map-jpg?mapterms=E51\">E51-361</a>)<!--s-->Studies theory and application of time series methods in econometrics, including spectral analysis, estimation with stationary and non-stationary processes, VARs, factor models, unit roots, cointegration, estimation of DSGE models, and Bayesian methods. Enrollment limited.<I>A. Mikusheva</I><a href=\"javascript:PopUpHelp('http://sisapp.mit.edu/textbook/books.html?Term=2015FA&Subject=14.384');\" >Textbooks (Fall 2014)</a></font></p><!--end-->","title":"14.384 Time Series Analysis"}