{"id":"14.440","school":"MIT","subject":"Economics","semester":"Fall","description":"<a name=\"14.440\"></a><p><h3>14.440J Advanced Financial Economics I</h3>  () (Same subject as <A HREF=\"m15b.html#15.440\">15.440J</A>)Prereq: <a href=\"m15b.html#15.416\">15.416</a>Units: 5-0-7<b>Lecture:</b> <i>TR10.30-12</i> (<a href=\"http://whereis.mit.edu/map-jpg?mapterms=E62\">E62-221</a>) <b>Recitation:</b> <i>M EVE (6-7.30 PM)</i> (<a href=\"http://whereis.mit.edu/map-jpg?mapterms=E51\">E51-372</a>) <i><b>+final</b></i><!--s-->Covers advanced topics in the theory of financial markets with a focus on continuous time models. Topics include multiperiod securities markets and martingales; pricing of contingent securities such as options; optimal consumption and portfolio problems of an individual; dynamic equilibrium theory and the intertemporal capital asset pricing model; term structure of interest rates; and equilibrium with asymmetric information, transaction costs, and borrowing constraints. Primarily for doctoral students in finance, economics, and accounting.<I>H. Chen, L. Kogan</I><a href=\"javascript:PopUpHelp('http://sisapp.mit.edu/textbook/books.html?Term=2015FA&Subject=14.440');\" >Textbooks (Fall 2014)</a></font>","title":"14.440J Advanced Financial Economics I"}