{"id":"14.471","school":"MIT","subject":"Economics","semester":"Fall","description":"<a name=\"14.471\"></a><p><h3>14.471 Public Economics I</h3>  () Prereq: <a href=\"m14a.html#14.04\">14.04</a>Units: 4-0-8<b>Lecture:</b> <i>MW2.30-4</i> (<a href=\"http://whereis.mit.edu/map-jpg?mapterms=E51\">E51-361</a>) <b>Recitation:</b> <i>F4</i> (<a href=\"http://whereis.mit.edu/map-jpg?mapterms=E17\">E17-122</a>)<!--s-->Theory and evidence on government taxation policy. Topics include tax incidence; optimal tax theory; the effect of taxation on labor supply and savings; taxation and corporate behavior; and tax expenditure policy.<I>J. Poterba, I. Werning</I>No required or recommended textbooks","title":"14.471 Public Economics I"}