{"id":"14.451","school":"MIT","subject":"Economics","semester":"Fall","description":"Provides an introduction to dynamic optimization methods, including discrete-time dynamic programming in non-stochastic and stochastic environments, and continuous time methods including the Pontryagin maximum principle.  Applications may include the Ramsey model, irreversible investment models, and consumption choices under uncertainty. Enrollment limited.<br><I>A. Simsek</I><br>No textbook information available","title":"14.451 Dynamic Optimization Methods with Applications"}