{"id":"14.451","school":"MIT","subject":"Economics","semester":"Fall","description":"<a name=\"14.451\"></a><p><h3>14.451 Dynamic Optimization Methods with Applications</h3>  () ; first half of termPrereq: <a href=\"m14a.html#14.06\">14.06</a>, permission of instructorUnits: 3-0-3Ends Oct 24. <b>Lecture:</b> <i>M EVE (4-7 PM)</i> (<a href=\"http://whereis.mit.edu/map-jpg?mapterms=E51\">E51-151</a>) <b>Recitation:</b> <i>F2.30-4</i> (<a href=\"http://whereis.mit.edu/map-jpg?mapterms=E51\">E51-151</a>)<!--s-->Provides an introduction to dynamic optimization methods, including discrete-time dynamic programming in non-stochastic and stochastic environments, and continuous time methods including the Pontryagin maximum principle.  Applications may include the Ramsey model, irreversible investment models, and consumption choices under uncertainty. Enrollment limited.<I>A. Simsek</I>No textbook information available</p><!--end-->","title":"14.451 Dynamic Optimization Methods with Applications"}