{"id":"14.770","school":"MIT","subject":"Economics","semester":"Fall","description":"<a name=\"14.770\"></a><p><h3>14.770 Introduction to Collective Choice and Political Economy</h3>  ()Prereq: NoneUnits: 4-0-8<b>Lecture:</b> <i>TR9-10.30</i> (<a href=\"http://whereis.mit.edu/map-jpg?mapterms=E51\">E51-395</a>) <b>Recitation:</b> <i>F11</i> (<a href=\"http://whereis.mit.edu/map-jpg?mapterms=56\">56-191</a>)<!--s-->Broad introduction to political economy. Covers topics from social choice theory to political agency models, including theories of voter turnout and comparison of political institutions.<I>B. Olken</I>No textbook information available</p><!--end-->","title":"14.770 Introduction to Collective Choice and Political Economy"}