{"id":"15.060","school":"MIT","subject":"Management","semester":"Fall","description":"Introduces students to the basic tools in using data to make informed management decisions. Covers introductory probability, decision analysis, basic statistics, regression, simulation, linear and nonlinear optimization, and discrete optimization. Computer spreadsheet exercises, cases, and examples drawn from marketing, finance, operations management, and other management functions. Restricted to first-year Sloan master's students.<br><I>D. Bertsimas, R. Freund, G. Perakis, A. S. Schulz</I><br><a href=\"javascript:PopUpHelp('http://sisapp.mit.edu/textbook/books.html?Term=2014SU&Subject=15.060');\" >Textbooks (Summer 2014)</a></font>; <a href=\"javascript:PopUpHelp('http://sisapp.mit.edu/textbook/books.html?Term=2015FA&Subject=15.060');\" >Textbooks (Fall 2014)</a></font>","title":"15.060 Data, Models, and Decisions"}