{"id":"15.081","school":"MIT","subject":"Management","semester":"Fall","description":"<a name=\"15.081\"></a><p><h3>15.081J Introduction to Mathematical Programming</h3>  () (Same subject as <A HREF=\"m6a.html#6.251\">6.251J</A>)Prereq: <a href=\"m18a.html#18.06\">18.06</a>Units: 4-0-8<b>Lecture:</b> <i>TR1-2.30</i> (<a href=\"http://whereis.mit.edu/map-jpg?mapterms=4\">4-237</a>) <b>Recitation:</b> <i>F12</i> (<a href=\"http://whereis.mit.edu/map-jpg?mapterms=32\">32-144</a>) or <i>F9</i> (<a href=\"http://whereis.mit.edu/map-jpg?mapterms=32\">32-144</a>) <i><b>+final</b></i><!--s-->Introduction to linear optimization and its extensions emphasizing both methodology and the underlying mathematical structures and geometrical ideas. Covers classical theory of linear programming as well as some recent advances in the field. Topics: simplex method; duality theory; sensitivity analysis; network flow problems; decomposition; integer programming; interior point algorithms for linear programming; and introduction to combinatorial optimization and NP-completeness.<I>J. N. Tsitsiklis, A. Schulz</I><a href=\"javascript:PopUpHelp('http://sisapp.mit.edu/textbook/books.html?Term=2015FA&Subject=15.081');\" >Textbooks (Fall 2014)</a></font></p><!--end-->","title":"15.081J Introduction to Mathematical Programming","time":"1:00 p.m. - 2:00 p.m.","location":"4-23","meets":"Tuesday,Thursday"}