{"id":"15.075","school":"MIT","subject":"Management","semester":"Fall","description":"Introduces statistical data analysis. Topics chosen from applied probability, sampling, estimation, hypothesis testing, linear regression, analysis of variance, categorical data analysis, and nonparametric statistics.<br><I>C. Rudin</I><br><a href=\"javascript:PopUpHelp('http://sisapp.mit.edu/textbook/books.html?Term=2015FA&Subject=15.075');\" >Textbooks (Fall 2014)</a></font>","title":"15.075J Statistical Thinking and Data Analysis"}