{"id":"15.054","school":"MIT","subject":"Management","semester":"Fall","description":"Overview of the global airline industry, focusing on recent industry performance, current issues and challenges for the future. Fundamentals of airline industry structure, airline economics, operations planning, safety, labor relations, airports and air traffic control, marketing, and competitive strategies, with an emphasis on the interrelationships among major industry stakeholders. Recent research findings of the MIT Global Airline Industry Program are showcased, including the impacts of congestion and delays, evolution of information technologies, changing human resource management practices, and competitive effects of new entrant airlines. Taught by faculty participants of the Global Airline Industry Program.<br><I>P. P. Belobaba, A. I. Barnett, C. Barnhart, R. J. Hansman, T. A. Kochan, A. R. Odoni</I><br><a href=\"javascript:PopUpHelp('http://sisapp.mit.edu/textbook/books.html?Term=2015FA&Subject=15.054');\" >Textbooks (Fall 2014)</a></font>","title":"15.054J The Airline Industry","time":"1:00 p.m. - 2:00 p.m.","location":"33-41","meets":"Monday,Wednesday"}