{"id":"15.002","school":"MIT","subject":"Management","semester":"Fall","description":"<a name=\"15.002\"></a><p><h3>15.002 Sloan Innovation Period Requirement</h3>  (, , , )Prereq: NoneUnits arranged [P/D/F]TBA. <!--s-->Units assigned to MBA students upon completion of the Sloan Innovation Period requirement. MBAs only.<I>T. Walor</I>No textbook information available (Summer 2014); No required or recommended textbooks (Fall 2014)</p><!--end-->","title":"15.002 Sloan Innovation Period Requirement"}