{"id":"15.068","school":"MIT","subject":"Management","semester":"Fall","description":"<a name=\"15.068\"></a><p><h3>15.068 Statistical Consulting</h3>  () Prereq: <a href=\"m15a.html#15.060\">15.060</a>Units: 3-0-6<b>Lecture:</b> <i>MW4-5.30</i> (<a href=\"http://whereis.mit.edu/map-jpg?mapterms=E51\">E51-315</a>)<!--s-->Addresses statistical issues as a consultant would face them: deciphering the client's question; finding appropriate data; performing a viable analysis; and presenting the results in compelling ways. Real-life cases and examples.<I>A. I. Barnett</I>No required or recommended textbooks</p><!--end-->","title":"15.068 Statistical Consulting"}