{"id":"15.085","school":"MIT","subject":"Management","semester":"Fall","description":"<a name=\"15.085\"></a><p><h3>15.085J Fundamentals of Probability</h3>  () (Same subject as <A HREF=\"m6b.html#6.436\">6.436J</A>)Prereq: <a href=\"./search.cgi?search=&cred=m2\" title=\"18.02, 18.02A, 18.022, 18.023, 18.024\">Calculus II (GIR)</a>Units: 4-0-8<b>Lecture:</b> <i>MW2.30-4</i> (<a href=\"http://whereis.mit.edu/map-jpg?mapterms=32\">32-141</a>) <b>Recitation:</b> <i>F3</i> (<a href=\"http://whereis.mit.edu/map-jpg?mapterms=66\">66-144</a>)<!--s-->Introduction to probability theory. Probability spaces and measures. Discrete and continuous random variables. Conditioning and independence. Multivariate normal distribution. Abstract integration, expectation, and related convergence results. Moment generating and  characteristic functions. Bernoulli and Poisson process. Finite-state  Markov chains. Convergence notions and their relations. Limit theorems. Familiarity with elementary notions in probability and real analysis is desirable.<I>J. N. Tsitsiklis, D. Gamarnik</I>No textbook information available</p><!--end-->","title":"15.085J Fundamentals of Probability","time":"2:00 p.m. - 3:00 p.m.","location":"32-14","meets":"Monday,Wednesday"}