{"id":"15.013","school":"MIT","subject":"Management","semester":"Fall","description":"<a name=\"15.013\"></a><p><h3>15.013 Industrial Economics for Strategic Decisions</h3>  () Prereq: <a href=\"m15a.html#15.010\">15.010</a> or <a href=\"m15a.html#15.011\">15.011</a>Units: 3-0-9<b>Lecture:</b> <i>MW10-11.30</i> (<a href=\"http://whereis.mit.edu/map-jpg?mapterms=E51\">E51-315</a>) or <i>MW1-2.30</i> (<a href=\"http://whereis.mit.edu/map-jpg?mapterms=E51\">E51-315</a>)<!--s-->Applies principles of industrial economics most relevant for corporate strategy to analysis of particular industries. Topics include market structure and its determinants; rational strategic behavior in small numbers situations; strategies for price and nonprice competition; dynamic pricing, output, and advertising decisions; entry and entry deterrence; competition with network externalities; investments under uncertainty; R&D and patent licensing; and the growth and evolution of industries.<I>R. Pindyck</I>No required or recommended textbooks</p><!--end-->","title":"15.013 Industrial Economics for Strategic Decisions"}