{"id":"15.011","school":"MIT","subject":"Management","semester":"Fall","description":"<a name=\"15.011\"></a><h3>15.011 Economic Analysis for Business Decisions</h3>  ()(Subject meets with <A HREF=\"m15a.html#15.016\">15.016</A>)Prereq: NoneUnits: 4-0-5<b>Lecture:</b> <i>TR2.30-4</i> (<a href=\"http://whereis.mit.edu/map-jpg?mapterms=E51\">E51-335</a>) <b>Recitation:</b> <i>F12</i> (<a href=\"http://whereis.mit.edu/map-jpg?mapterms=E51\">E51-151</a>) or <i>F1</i> (<a href=\"http://whereis.mit.edu/map-jpg?mapterms=E51\">E51-151</a>) <i><b>+final</b></i><!--s-->Introduces principles of microeconomic analysis as a framework for making more informed managerial decisions. Includes the analysis of competitive markets with supply and demand, sources of market power, pricing, anti-trust policy, as well as an overview of game theory and its application to competitive strategy. Students use the tools presented to analyze business and public policies. Students taking graduate version complete additional assignments. Intended primarily for non-MBA students.<I>J. Doyle</I><a href=\"javascript:PopUpHelp('http://sisapp.mit.edu/textbook/books.html?Term=2015FA&Subject=15.011');\" >Textbooks (Fall 2014)</a></font></p><!--end-->","title":"15.011 Economic Analysis for Business Decisions"}