{"id":"15.014","school":"MIT","subject":"Management","semester":"Fall","description":"Builds on 15.012 to establish an understanding of the development processes of societies and economies, the role of social entrepreneurship, and consequences for sustainability. Discusses current challenges that face emerging markets: health and the HIV epidemic, education and poverty, the emergence of financial and other markets, inflation and the role of commodity prices, macroeconomic management and the implications for policy. Across all dimensions, considers the roles of private and social entrepreneurs, as well as the public sector.<br><I>R. Rigobon</I><br>No required or recommended textbooks","title":"15.014 Applied Macro- and International Economics II"}