{"id":"15.128","school":"MIT","subject":"Management","semester":"Fall","description":"<a name=\"15.128\"></a><p><h3>15.128J Neurotechnology Ventures</h3>  () (Same subject as <A HREF=\"m9a.html#9.455\">9.455J</A>, <A HREF=\"m20a.html#20.454\">20.454J</A>, <A HREF=\"mMASa.html#MAS.883\">MAS.883J</A>)Prereq: Permission of instructorUnits: 2-0-7URL: <a href=\"http://neuro.media.mit.edu/classes/neuroven/\">http://neuro.media.mit.edu/classes/neuroven/</a><b>Lecture:</b> <i>R2-4</i> (<a href=\"http://whereis.mit.edu/map-jpg?mapterms=E15\">E15-341</a>)<!--s-->Special seminar focusing on envisioning, launching, and building start-ups that are commercializing innovations from neuroscience and neuroengineering.  Topics include neuroimaging, diagnostics, motor rehabilitation, affective computing, novel scientific tools, and novel therapeutics including neuropharmaceuticals, neuromodulation, neuroprosthetics, regenerative medicine, and more.  Each class is devoted to a specific topic area, often with invited speakers, exploring issues from the deeply technical through the market opportunity.  Working in small groups students prepare a business plan executive summary for a new neurotechnology start-up.<I>J. Bonsen, E. S. Boyden, R. Ellis-Behnke,</I>No required or recommended textbooks</p><!--end-->","title":"15.128J Neurotechnology Ventures"}