{"id":"15.220","school":"MIT","subject":"Management","semester":"Fall","description":"<a name=\"15.220\"></a><p><h3>15.220 Global Strategy and Organization</h3>  (); second half of termPrereq: NoneUnits: 3-0-3Begins Oct 27. <b>Lecture:</b> <i>MW1-2.30</i> (<a href=\"http://whereis.mit.edu/map-jpg?mapterms=E62\">E62-223</a>) or <i>MW2.30-4</i> (<a href=\"http://whereis.mit.edu/map-jpg?mapterms=E62\">E62-223</a>)<!--s-->Focuses on the international dimensions of strategy and organization, and provides a framework for formulating strategies in an increasingly complex world economy, and for making those strategies work effectively. Topics include the globalization of industries, the continuing role of country factors in competition, organization of multinational enterprises, building global networks, and the changing managerial tasks under conditions of globalization.<I>V. Karplus</I>No required or recommended textbooks</p><!--end-->","title":"15.220 Global Strategy and Organization"}