{"id":"15.280","school":"MIT","subject":"Management","semester":"Fall","description":"<a name=\"15.280\"></a><p><h3>15.280 Communication for Leaders</h3>  () Prereq: Permission of instructorUnits: 3-1-5Credit cannot also be received for <A HREF=\"m15c.html#15.710\">15.710</A><b>Lecture:</b> <i>TR1-2.30</i> (<a href=\"http://whereis.mit.edu/map-jpg?mapterms=E62\">E62-223</a>, <a href=\"http://whereis.mit.edu/map-jpg?mapterms=E51\">E51-372</a>) or <i>TR2.30-4</i> (<a href=\"http://whereis.mit.edu/map-jpg?mapterms=E51\">E51-372</a>, <a href=\"http://whereis.mit.edu/map-jpg?mapterms=E62\">E62-223</a>) or <i>TR4-5.30</i> (<a href=\"http://whereis.mit.edu/map-jpg?mapterms=E51\">E51-372</a>, <a href=\"http://whereis.mit.edu/map-jpg?mapterms=E62\">E62-223</a>, <a href=\"http://whereis.mit.edu/map-jpg?mapterms=E51\">E51-145</a>, <a href=\"http://whereis.mit.edu/map-jpg?mapterms=E51\">E51-325</a>) or <i>TR1-2.30</i> (<a href=\"http://whereis.mit.edu/map-jpg?mapterms=E51\">E51-325</a>, <a href=\"http://whereis.mit.edu/map-jpg?mapterms=E51\">E51-145</a>) or <i>TR2.30-4</i> (<a href=\"http://whereis.mit.edu/map-jpg?mapterms=E51\">E51-145</a>, <a href=\"http://whereis.mit.edu/map-jpg?mapterms=E51\">E51-325</a>) <b>Lab:</b> <i>TBA</i><!--s-->Students develop and polish communication strategies and methods through discussion, examples, and practice. Emphasizes writing and speaking skills necessary for effective leaders. Includes several oral and written assignments which are integrated with other subjects, and with career development activities, when possible. Schedule and curriculum coordinated with Organizational Processes.  Mandatory one hour recitation in small groups. Restricted to first-year Sloan graduate students.<I>N. Hartman, C. Kelly, R. Pittore, V. Healy-Tangney, K. Blackburn, M. Kazakoff, J.Yates</I><a href=\"javascript:PopUpHelp('http://sisapp.mit.edu/textbook/books.html?Term=2015FA&Subject=15.280');\" >Textbooks (Fall 2014)</a></font></p><!--end-->","title":"15.280 Communication for Leaders"}