{"id":"15.279","school":"MIT","subject":"Management","semester":"Fall","description":"Develops writing, speaking, teamwork, interpersonal, and cross-cultural communication skills necessary for management professionals. Assignments include creating persuasive memos, writing in response to cases, and giving presentations. Major project involves the production of a team report and presentation on a topic of interest to a professional audience. Instruction in written and oral communication provided.<br><I>L. Breslow</I><br><a href=\"javascript:PopUpHelp('http://sisapp.mit.edu/textbook/books.html?Term=2015FA&Subject=15.279');\" >Textbooks (Fall 2014)</a></font>","title":"15.279 Management Communication for Undergraduates"}