{"id":"15.279","school":"MIT","subject":"Management","semester":"Fall","description":"<a name=\"15.279\"></a><p><h3>15.279 Management Communication for Undergraduates</h3>  (, )Prereq: NoneUnits: 3-0-9<b>Lecture:</b> <i>TR11.30-1</i> (<a href=\"http://whereis.mit.edu/map-jpg?mapterms=E51\">E51-151</a>) or <i>TR2.30-4</i> (<a href=\"http://whereis.mit.edu/map-jpg?mapterms=E62\">E62-221</a>)<!--s-->Develops writing, speaking, teamwork, interpersonal, and cross-cultural communication skills necessary for management professionals. Assignments include creating persuasive memos, writing in response to cases, and giving presentations. Major project involves the production of a team report and presentation on a topic of interest to a professional audience. Instruction in written and oral communication provided.<I>L. Breslow</I><a href=\"javascript:PopUpHelp('http://sisapp.mit.edu/textbook/books.html?Term=2015FA&Subject=15.279');\" >Textbooks (Fall 2014)</a></font></p><!--end-->","title":"15.279 Management Communication for Undergraduates"}