{"id":"15.341","school":"MIT","subject":"Management","semester":"Fall","description":"Covers classic and contemporary theories and research related to individuals, groups, and organizations.  Designed primarily for doctoral students in the Sloan School of Management who wish to familiarize themselves with research by psychologists, sociologists, and management scholars in the area commonly known as micro organizational behavior. Topics may include motivation, decision making, negotiation, power, influence, group dynamics, and leadership.<br><I>J. Curhan</I><br>No required or recommended textbooks","title":"15.341 Individuals, Groups, and Organizations"}