{"id":"15.348","school":"MIT","subject":"Management","semester":"Fall","description":"<a name=\"15.348\"></a><p><h3>15.348 Doctoral Seminar in Research Methods II</h3>  () Prereq: <a href=\"m15b.html#15.347\">15.347</a> or permission of instructorUnits: 3-0-6<b>Lecture:</b> <i>R EVE (4-7 PM)</i> (<a href=\"http://whereis.mit.edu/map-jpg?mapterms=E62\">E62-346</a>)<!--s-->Builds on 15.347 to examine contemporary social research methods in depth.  Focuses on making students familiar with the most important quantitative methods (e.g., logit/probit models, models for ordinal and nominal outcomes, count models, event history models).<I>E. J. Castilla</I><a href=\"javascript:PopUpHelp('http://sisapp.mit.edu/textbook/books.html?Term=2015FA&Subject=15.348');\" >Textbooks (Fall 2014)</a></font></p><!--end-->","title":"15.348 Doctoral Seminar in Research Methods II"}