{"id":"15.370","school":"MIT","subject":"Management","semester":"Fall","description":"<a name=\"15.370\"></a><p><h3>15.370 Building an Entrepreneurial Venture: Advanced Tools and Techniques(New)</h3>  (, )(Subject meets with <A HREF=\"m15b.html#15.378\">15.378</A>)Prereq: 10.808, <a href=\"m15b.html#15.379\">15.379</a>, or permission of instructorUnits: 3-1-8<b>Lecture:</b> <i>M EVE (6-9 PM)</i> (<a href=\"http://whereis.mit.edu/map-jpg?mapterms=E40\">E40-160</a>)<!--s-->Project-based class in which students use entrepreneurial techniques to build innovation-driven ventures in a time-compressed but robust setting. Applies the fundamental concepts provided in other foundational entrepreneurship courses in greater depth and presents additional tools and techniques. Students apply these concepts to specific venture-development projects. Designed to help students who want to prototype their potential new venture. Includes designing, developing, and testing the underlying product/service for the new venture. Students taking graduate version complete additional assignments. Application required; consult instructor.<I>B. Aulet, J. Baum, E. Chen</I>No textbook information available</p><!--end-->","title":"15.370 Building an Entrepreneurial Venture: Advanced Tools and Techniques"}