{"id":"15.387","school":"MIT","subject":"Management","semester":"Fall","description":"<a name=\"15.387\"></a><p><h3>15.387 Entrepreneurial Sales</h3>  (, )Prereq: NoneUnits: 3-0-9<b>Lecture:</b> <i>TR4-5.30</i> (<a href=\"http://whereis.mit.edu/map-jpg?mapterms=E62\">E62-276</a>)<!--s-->Practical and tactical ins and outs of how to sell technical products to a sophisticated marketplace. How to build and manage a sales force; building compensation systems for a sales force, assigning territories, resolving disputes, and dealing with channel conflicts. Focus on selling to customers, whether through a direct salesforce, a channel salesforce, or building an OEM relationship. Half term course.<I>L. Shipley</I>No required or recommended textbooks</p><!--end-->","title":"15.387 Entrepreneurial Sales"}