{"id":"15.370","school":"MIT","subject":"Management","semester":"Fall","description":"Project-based class in which students use entrepreneurial techniques to build innovation-driven ventures in a time-compressed but robust setting. Applies the fundamental concepts provided in other foundational entrepreneurship courses in greater depth and presents additional tools and techniques. Students apply these concepts to specific venture-development projects. Designed to help students who want to prototype their potential new venture. Includes designing, developing, and testing the underlying product/service for the new venture. Students taking graduate version complete additional assignments. Application required; consult instructor.<br><I>B. Aulet, J. Baum, E. Chen</I><br>No textbook information available","title":"15.370 Building an Entrepreneurial Venture: Advanced Tools and Techniques(New)"}