{"id":"15.387","school":"MIT","subject":"Management","semester":"Fall","description":"Practical and tactical ins and outs of how to sell technical products to a sophisticated marketplace. How to build and manage a sales force; building compensation systems for a sales force, assigning territories, resolving disputes, and dealing with channel conflicts. Focus on selling to customers, whether through a direct salesforce, a channel salesforce, or building an OEM relationship. Half term course.<br><I>L. Shipley</I><br>No required or recommended textbooks","title":"15.387 Entrepreneurial Sales"}