{"id":"15.310","school":"MIT","subject":"Management","semester":"Fall","description":"<a name=\"15.310\"></a><p><h3>15.310 Managerial Psychology</h3>  (, )Prereq: NoneUnits: 2-1-6<b>Lecture:</b> <i>MW11</i> (<a href=\"http://whereis.mit.edu/map-jpg?mapterms=4\">4-163</a>) <b>Recitation:</b> <i>F11</i> (<a href=\"http://whereis.mit.edu/map-jpg?mapterms=E51\">E51-061</a>)<!--s-->Surveys social psychology and organization theory as interpreted in the context of the managerial environment. Covers a number of diverse topics, including motivation and reward systems, social influence, groups and teams, leadership, power, organizational design and culture, and networks and communication patterns. Similar in content to 15.311; shares lectures with 15.301. Preference to non-Course 15 students.Fall: <I>A. Yap</I>Spring: <I>J. Carroll</I><a href=\"javascript:PopUpHelp('http://sisapp.mit.edu/textbook/books.html?Term=2015FA&Subject=15.310');\" >Textbooks (Fall 2014)</a></font></p><!--end-->","title":"15.310 Managerial Psychology","time":"11:00 a.m. - 12:00 p.m.","location":"4-16","meets":"Monday,Wednesday"}