{"id":"15.305","school":"MIT","subject":"Management","semester":"Fall","description":"<a name=\"15.305\"></a><p><h3>15.305 Leadership and Management</h3>  (, )Prereq: Permission of instructorUnits: 3-0-6TBA. <!--s-->Explores leadership from the military perspective taught by professors of military science from the Army, Navy and Air Force. Survey of basic principles for successfully managing and leading people, particularly in public service and the military. Develops skills in topics such as oral and written communication techniques, planning, team building, motivation, ethics, decision-making, and managing change. Relies heavily on interactive experiential classes with case studies, student presentations, role plays, and discussion. Also appropriate for non-management science majors.Information: A. Cronin, D. AnconaNo textbook information available</p><!--end-->","title":"15.305 Leadership and Management"}