{"id":"15.379","school":"MIT","subject":"Management","semester":"Fall","description":"Covers the process of identifying and quantifying market opportunities, then conceptualizing, planning, and starting a new, technology-based enterprise. Topics include opportunity assessment, the value proposition, the entrepreneur, legal issues, entrepreneurial ethics, the business plan, the founding team, seeking customers, and raising funds. Students develop detailed business plans for a start-up. Intended for students who want to start their own business, further develop an existing business, be a member of a management team in a new enterprise, or better understand the entrepreneur and the entrepreneurial process. Meets with 15.390 when offered concurrently.<br><I>W. Aulet, C. Catalini</I><br>No textbook information available","title":"15.379 New Enterprises(New)"}