{"id":"15.395","school":"MIT","subject":"Management","semester":"Fall","description":"Examines opportunities and problems for entrepreneurs outside the US, including in Europe, Latin America, and Asia. Covers the linkages between the business environment, the institutional framework, and new venture creation. Students apply analytics of finance for start-ups in emerging markets. In addition to discussing a range of global entrepreneurial situations, student groups pick one particular cluster on which to focus and to understand what further development would entail. Classroom interactions are based primarily on case studies.<br><I>S. Johnson, V. Karplus</I><br>No required or recommended textbooks","title":"15.395 Global Entrepreneurship I: Entrepreneurship Without Borders"}