{"id":"15.342","school":"MIT","subject":"Management","semester":"Fall","description":"Provides an introduction to research in \"organizations and environments,\" an interdisciplinary domain of inquiry drawing primarily from sociology, and secondarily from economics, psychology, and political science. Seeks to understand organizational processes and outcomes in the surrounding economic, cultural, and institutional context in which they are situated. Also provides an introduction to the main groups that together form the Behavioral Policy Sciences (BPS) area of MIT/Sloan, including economic sociology, organization studies, work and employment, strategic management, global management, and technology, innovation, and entrepreneurship. Consists of four modules taught by faculty from each of the four BPS groups, as well as integrative sessions taught by the main instructor. Preference to first-year doctoral students in BPS.<br><I>R. Reagans</I><br>No required or recommended textbooks","title":"15.342 Organizations and Environments"}