{"id":"15.321","school":"MIT","subject":"Management","semester":"Fall","description":"<a name=\"15.321\"></a><p><h3>15.321 Improvisational Leadership: In-the-Moment Leadership Skills(New)</h3>  (, ); second half of termPrereq: NoneUnits: 3-0-3Begins Oct 27. <b>Lecture:</b> <i>T EVE (4-7 PM)</i> (<a href=\"http://whereis.mit.edu/map-jpg?mapterms=E62\">E62-233</a>)<!--s-->Designed to provide a practical understanding of the skills of improvisation and their application to leadership. Examines the essential elements of successful leadership, including creativity, emotional intelligence, adaptability, and the capacity to develop effective influence strategies and build strong teams. Cultivates students' ability to respond to the unexpected with confidence and agility. Each class offers a highly experiential learning laboratory where students practice a wide variety of improvised business scenarios, interactive exercises, and simulations.<I>D. Giardella</I>No required or recommended textbooks</p><!--end-->","title":"15.321 Improvisational Leadership: In-the-Moment Leadership Skills"}