{"id":"15.324","school":"MIT","subject":"Management","semester":"Fall","description":"Strengthens leadership capacities through feedback, reflection, and practice. Students use readings, role plays, experiential exercises, self-reflection, and reviews of their own videos, as well as focused coaching and feedback, to optimize their own leadership capabilities. Focuses on individual leadership growth. Culminates with submission of a written summary of students reflections and experiences around leadership from throughout the term.<br><I>P. Bentley</I><br>No required or recommended textbooks","title":"15.324 Practical leadership(New)"}