{"id":"15.373","school":"MIT","subject":"Management","semester":"Fall","description":"<a name=\"15.373\"></a><p><h3>15.373J Venture Engineering(New)</h3>  (, )(Same subject as <A HREF=\"m2c.html#2.912\">2.912J</A>)Prereq: Permission of instructorUnits: 3-0-9TBA. <!--s-->Develops the capability to move from testing ideas to assembling a venture as a system comprised of technological, human, social, regulatory, managerial, and financial processes and flows that affect costs, revenues, and value. Begins with a focus on leadership, addressing key issues involved in recruiting and building a founder team and its early employees. Fosters understanding of financial resource needs for the new enterprise and methods for raising funds. Students engage in a venture planning activity in which they must demonstrate their understanding of the concepts covered in class.<I>F. Murray</I>No textbook information available</p><!--end-->","title":"15.373J Venture Engineering"}