{"id":"15.375","school":"MIT","subject":"Management","semester":"Fall","description":"Seminar on founding, financing, and building entrepreneurial ventures in developing nations. Challenges students to craft enduring and economically viable solutions to the problems faced by these countries. Cases illustrate examples of both successful and failed businesses, and the difficulties in deploying and diffusing products and services through entrepreneurial action. Explores a range of established and emerging business models, as well as new business opportunities enabled by emerging technologies in MIT labs and beyond. Students develop a business plan executive summary suitable for submission in the MIT $100K Entrepreneurship Competition $1K Warm-Up.<br><I>A. Pentland, J. Bonsen</I><br>No textbook information available","title":"15.375J Development Ventures"}