{"id":"15.493","school":"MIT","subject":"Management","semester":"Fall","description":"Provides an overview of the investment management industry and an introduction to business fundamentals and valuation. Students read company analyst reports, write papers analyzing various companies, and complete an in-depth company analysis as a final paper. Includes presentations by outside speakers in the investment management industry. Class attendance is mandatory.<br><I>J. Shames</I><br><a href=\"javascript:PopUpHelp('http://sisapp.mit.edu/textbook/books.html?Term=2015FA&Subject=15.493');\" >Textbooks (Fall 2014)</a></font>","title":"15.493 Practice of Finance: Perspectives on Investment Management"}