{"id":"15.449","school":"MIT","subject":"Management","semester":"Fall","description":"<a name=\"15.449\"></a><p><h3>15.448-15.449 Seminar in Finance</h3>  (, )  Prereq: <a href=\"m15b.html#15.402\">15.402</a> or <a href=\"m15b.html#15.414\">15.414</a>Units arranged<b>15.448:</b> TBA. <!--s--><b>15.449:</b> TBA. <!--s-->Group study of current topics related to finance.<I>J. C. Cox</I><b>15.448:</b> No textbook information available<b>15.449:</b> No textbook information available</p><!--end-->","title":"15.448-15.449 Seminar in Finance"}