{"id":"15.496","school":"MIT","subject":"Management","semester":"Fall","description":"<a name=\"15.496\"></a><p><h3>15.496 Practice of Finance: Data Technologies for Quantitative Finance</h3>  () Prereq: <a href=\"m15b.html#15.401\">15.401</a>, <a href=\"m15b.html#15.414\">15.414</a>, or <a href=\"m15b.html#15.415\">15.415</a>Units: 4-0-5<b>Lecture:</b> <i>T EVE (4-6 PM)</i> (<a href=\"http://whereis.mit.edu/map-jpg?mapterms=E62\">E62-250</a>) <b>Recitation:</b> <i>F9-10.30</i> (<a href=\"http://whereis.mit.edu/map-jpg?mapterms=E51\">E51-151</a>)<!--s-->Introduces financial market data architecture and design, with applications to asset pricing, quantitative investment strategies, portfolio management, risk management, and high-frequency trading. Studies how data relationships are structured and how to use modern tools and technologies to manipulate, manage, and analyze financial data sets. Uses real-world data, applications, and cases to illustrate principles and provide practical experience.<I>P. Mende</I>No required or recommended textbooks</p><!--end--><h2>Accounting</h2>","title":"15.496 Practice of Finance: Data Technologies for Quantitative Finance"}