{"id":"15.496","school":"MIT","subject":"Management","semester":"Fall","description":"Introduces financial market data architecture and design, with applications to asset pricing, quantitative investment strategies, portfolio management, risk management, and high-frequency trading. Studies how data relationships are structured and how to use modern tools and technologies to manipulate, manage, and analyze financial data sets. Uses real-world data, applications, and cases to illustrate principles and provide practical experience.<br><I>P. Mende</I><br>No required or recommended textbooks","title":"15.496 Practice of Finance: Data Technologies for Quantitative Finance"}