{"id":"15.416","school":"MIT","subject":"Management","semester":"Fall","description":"Foundations of modern financial economics; individuals' consumption and portfolio decisions under uncertainty; valuation of financial securities. Topics include expected utility theory; stochastic dominance; mutual fund separation; portfolio frontiers; capital asset pricing model; arbitrage pricing theory; Arrow-Debreu economies; consumption and portfolio decisions; consumption beta models; spanning; options; market imperfections; no-trade theorems; rational expectations; financial signaling. Primarily for doctoral students in accounting, economics, and finance.<br><I>S. A. Ross</I><br><a href=\"javascript:PopUpHelp('http://sisapp.mit.edu/textbook/books.html?Term=2015FA&Subject=15.416');\" >Textbooks (Fall 2014)</a></font>","title":"15.416J Introduction to Financial Economics"}