{"id":"15.402","school":"MIT","subject":"Management","semester":"Fall","description":"<a name=\"15.402\"></a><p><h3>15.402 Finance Theory II</h3>  (, ) (Subject meets with <A HREF=\"m15b.html#15.412\">15.412</A>, <A HREF=\"m15b.html#15.S418\">15.S418</A>)Prereq: <a href=\"m15b.html#15.401\">15.401</a>Units: 3-0-6<b>Lecture:</b> <i>TR1-2.30</i> (<a href=\"http://whereis.mit.edu/map-jpg?mapterms=E51\">E51-315</a>) or <i>TR2.30-4</i> (<a href=\"http://whereis.mit.edu/map-jpg?mapterms=E51\">E51-315</a>) <i><b>+final</b></i><!--s-->Continuation of 15.401, concentrating on corporate financial management. Topics include capital budgeting, investment decisions and valuation; working capital management, security issues; dividend policy; optimal capital structure; and real options analysis. Students taking graduate version complete additional assignments.<I>P. Asquith, R. Iyer, A. Malenko</I><a href=\"javascript:PopUpHelp('http://sisapp.mit.edu/textbook/books.html?Term=2015FA&Subject=15.402');\" >Textbooks (Fall 2014)</a></font></p><!--end-->","title":"15.402 Finance Theory II"}