{"id":"15.416","school":"MIT","subject":"Management","semester":"Fall","description":"<a name=\"15.416\"></a><p><h3>15.416J Introduction to Financial Economics</h3>  () (Same subject as <A HREF=\"m14b.html#14.416\">14.416J</A>)Prereq: <a href=\"m14a.html#14.121\">14.121</a>, <a href=\"m14a.html#14.122\">14.122</a>Units: 4-0-8<b>Lecture:</b> <i>MW2.30-4</i> (<a href=\"http://whereis.mit.edu/map-jpg?mapterms=E51\">E51-151</a>)<!--s-->Foundations of modern financial economics; individuals' consumption and portfolio decisions under uncertainty; valuation of financial securities. Topics include expected utility theory; stochastic dominance; mutual fund separation; portfolio frontiers; capital asset pricing model; arbitrage pricing theory; Arrow-Debreu economies; consumption and portfolio decisions; consumption beta models; spanning; options; market imperfections; no-trade theorems; rational expectations; financial signaling. Primarily for doctoral students in accounting, economics, and finance.<I>S. A. Ross</I><a href=\"javascript:PopUpHelp('http://sisapp.mit.edu/textbook/books.html?Term=2015FA&Subject=15.416');\" >Textbooks (Fall 2014)</a></font></p><!--end--><a name=\"15.S418\"></a><p><h3>15.S418 Special Subject: Laboratory in Corporate Finance(New)</h3>  () (Subject meets with <A HREF=\"m15b.html#15.402\">15.402</A>, <A HREF=\"m15b.html#15.412\">15.412</A>)Prereq: NoneUnits: 4-6-5 <i><b>Subject Cancelled</b></i> <!--s-->Covers capital budgeting, investment decisions and valuation; working capital management, security issues; dividend policy; optimal capital structure; and real options analysis. Laboratory involves projects of an applied nature in which students either conduct an event study and analyze its impact on firm capital market value, or conduct a merger model between two firms of the student's choosing. Emphasizes use of research databases to test hypotheses. Instruction and practice in communication includes report writing, team projects, and oral and visual presentation. Licensed as an Institute Laboratory subject, and as a CI-M subject for Course 15 students, for 2014-15.<I>S. Myers</I></p><!--end-->","title":"15.416J Introduction to Financial Economics"}