{"id":"15.452","school":"MIT","subject":"Management","semester":"Fall","description":"Bridges the gap between finance theory and finance practice, and introduces students to the broader financial community. Students participate in a series of proseminars with industry guest speakers. Each guest, in collaboration with finance faculty, provides a problem and materials to a team of students. Each team then prepares a report and presents their analysis to the guest speaker and other students for evaluation and feedback. Not open to students from other institutions.<br><I>J. Parsons</I><br>No required or recommended textbooks","title":"15.452 Proseminar in Corporate Finance/Investment Banking"}