{"id":"15.576","school":"MIT","subject":"Management","semester":"Fall","description":"Examines the assumptions, concepts, theories, and methodologies that inform research into the social aspects of information technology. Extensive reading and discussion of research literature aimed at exploring micro, group, and macro level social phenomena surrounding the development, implementation, use and implications of information technology in organizations. Primarily for doctoral students.<br><I>W. J. Orlikowski</I><br>No required or recommended textbooks","title":"15.576 Research Seminar in Information Technology and Organizations: Social Perspectives"}