{"id":"15.539","school":"MIT","subject":"Management","semester":"Fall","description":"<a name=\"15.539\"></a><p><h3>15.539 Doctoral Seminar in Accounting</h3>  (, )  Prereq: <a href=\"m15b.html#15.515\">15.515</a>Units arranged<b>Lecture:</b> <i>T1-5</i> (<a href=\"http://whereis.mit.edu/map-jpg?mapterms=E51\">E51-085</a>)<!--s-->Designed primarily for doctoral students in accounting and related fields. The reading list consists of accounting research papers. Objective is to introduce research topics, methodologies, and developments in accounting, and train students to do independent research.<I>J. Weber</I>No textbook information available</p><!--end--><h2>Information Technologies</h2>","title":"15.539 Doctoral Seminar in Accounting"}