{"id":"15.567","school":"MIT","subject":"Management","semester":"Fall","description":"Analysis of the underlying economics of information with management implications. Studies effects of digitization and technology on industry, organizational structure, and business strategy. Examines pricing, bundling, and versioning of digital goods, including music, video, software, and communication services. Considers the managerial implications of social networks, search, targeted advertising, personalization, privacy, network externalities, open source, and alliances. Discusses key principles. Includes case studies, industry speakers, and a team project.<br><I>E. Brynjolfsson</I><br>No textbook information available","title":"15.567 The Economics of Information: Strategy, Structure and Pricing"}