{"id":"15.535","school":"MIT","subject":"Management","semester":"Fall","description":"<a name=\"15.535\"></a><p><h3>15.535 Business Analysis Using Financial Statements</h3>  (, ) Prereq: <a href=\"m15b.html#15.501\">15.501</a>, <a href=\"m15b.html#15.511\">15.511</a>, <a href=\"m15b.html#15.515\">15.515</a>, or <a href=\"m15b.html#15.516\">15.516</a>; <a href=\"m15b.html#15.401\">15.401</a>, <a href=\"m15b.html#15.411\">15.411</a>, or <a href=\"m15b.html#15.414\">15.414</a>Units: 3-0-6<b>Lecture:</b> <i>MW1-2.30</i> (<a href=\"http://whereis.mit.edu/map-jpg?mapterms=E51\">E51-335</a>) or <i>MW2.30-4</i> (<a href=\"http://whereis.mit.edu/map-jpg?mapterms=E51\">E51-335</a>)<!--s-->Primary learning objective is the strategic, financial, and accounting analysis of a company's profitability and riskiness by means of financial statement data.  A second, and related, learning objective is the valuation of a company using financial statement data. Concepts are applied to a number of decision making contexts, including securities analysis, credit analysis, merger analysis, and company performance assessment.<I>C. Noe</I><a href=\"javascript:PopUpHelp('http://sisapp.mit.edu/textbook/books.html?Term=2015FA&Subject=15.535');\" >Textbooks (Fall 2014)</a></font></p><!--end-->","title":"15.535 Business Analysis Using Financial Statements"}