{"id":"15.516","school":"MIT","subject":"Management","semester":"Fall","description":"See description under subject 15.501. If subject is oversubscribed, priority is given to Course 15 students.<br><I>N. Shroff</I><br>No required or recommended textbooks (Summer 2014); <a href=\"javascript:PopUpHelp('http://sisapp.mit.edu/textbook/books.html?Term=2015FA&Subject=15.516');\" >Textbooks (Fall 2014)</a></font>","title":"15.516 Corporate Financial Accounting","time":"1:00 p.m. - 2:00 p.m.","location":"1-19","meets":"Monday,Wednesday"}