{"id":"15.570","school":"MIT","subject":"Management","semester":"Fall","description":"Provides a detailed, applied perspective on the theory and practice of digital marketing and social media analytics in the age of big data. Covers concepts such as the difference between earned and paid media, predictive modeling for ad targeting and customer relationship management, measuring and managing product virality, viral product design, native advertising, and engaging the multichannel experience. Stresses the theory and practice of randomized experimentation, AB testing and the importance of causal inference for marketing strategy. Combines lectures, case studies, and guest speakers with relevant industry experience that speak directly to the topics at hand.<br><I>S. Aral</I><br>No textbook information available","title":"15.570 Digital Marketing and Social Media Analytics(New)"}