{"id":"15.515","school":"MIT","subject":"Management","semester":"Fall","description":"An intensive introduction to the preparation and interpretation of financial information. Adopts a decision-maker perspective of accounting by emphasizing the relation between accounting data and the underlying economic events generating them. Class sessions are a mixture of lecture and case discussion. Assignments include textbook problems, analysis of financial statements, and cases. Restricted to first-year Sloan master's students.<br><I>J. Core, R. Verdi</I><br><a href=\"javascript:PopUpHelp('http://sisapp.mit.edu/textbook/books.html?Term=2015FA&Subject=15.515');\" >Textbooks (Fall 2014)</a></font>","title":"15.515 Financial Accounting"}