{"id":"15.615","school":"MIT","subject":"Management","semester":"Fall","description":"<a name=\"15.615\"></a><p><h3>15.615 Basic Business Law for the Entrepreneur and Manager</h3>  (, )Prereq: NoneUnits: 3-0-6<b>Lecture:</b> <i>MW8.30-10</i> (<a href=\"http://whereis.mit.edu/map-jpg?mapterms=E51\">E51-149</a>)<!--s-->Broad-gauged introduction to business law designed to prepare managers to exercise judgment and leadership when confronting key law-sensitive issues of importance to their organizations and their own careers. Topics include contracts, liability, employment, changing jobs, intellectual property, business disputes, bankruptcy and reorganization, acquisitions, regulatory compliance, and corporate crime. The distinctive feature of 15.615 is an additional focus on the issues faced by entrepreneurs in organizing and financing a new venture.<I>J. Akula</I><a href=\"javascript:PopUpHelp('http://sisapp.mit.edu/textbook/books.html?Term=2015FA&Subject=15.615');\" >Textbooks (Fall 2014)</a></font></p><!--end-->","title":"15.615 Basic Business Law for the Entrepreneur and Manager"}