{"id":"15.678","school":"MIT","subject":"Management","semester":"Fall","description":"<a name=\"15.678\"></a><p><h3>15.678J Political Economy I: Theories of the State and the Economy</h3>  () (Same subject as <A HREF=\"m14b.html#14.781\">14.781J</A>, <A HREF=\"m17a.html#17.100\">17.100J</A>)Prereq: Permission of instructorUnits: 3-0-9<b>Lecture:</b> <i>T3-5</i> (<a href=\"http://whereis.mit.edu/map-jpg?mapterms=E51\">E51-361</a>) <b>Recitation:</b> <i>T EVE (5 PM)</i> (<a href=\"http://whereis.mit.edu/map-jpg?mapterms=E51\">E51-361</a>)<!--s-->Critical analysis of liberal, neoclassical, and Marxist perspectives on modern society. Alternative theories of economic growth, historical change, the state, classes, and ideology.<I>M. Piore, S. Berger</I><a href=\"javascript:PopUpHelp('http://sisapp.mit.edu/textbook/books.html?Term=2015FA&Subject=15.678');\" >Textbooks (Fall 2014)</a></font></p><!--end-->","title":"15.678J Political Economy I: Theories of the State and the Economy"}