{"id":"15.705","school":"MIT","subject":"Management","semester":"Fall","description":"<a name=\"15.705\"></a><p><h3>15.705 Organizations Lab</h3>  (, , , ) Prereq: Permission of instructor or <I>Coreq: <a href=\"m15c.html#15.716\">15.716</a></I>Units: 3-0-9<b>Lecture:</b> <i>TBA</i><!--s-->Preparation for an organizational change project. Emphasis on applying tools of organizational, operational, and systems analysis in order to affect change. Includes a focus on the challenges and opportunities presented by issues of leadership and organizational behavior. Each student leads a change project in his or her own organization, focusing on fixing a broken or ineffective process. Examples of possible initiatives include a strategic reorientation, organizational restructuring, introduction of a new technology, a worker participation program, etc. Restricted to Executive MBA students.Consult J. Hising DiFabioNo textbook information available</p><!--end-->","title":"15.705 Organizations Lab"}