{"id":"15.705","school":"MIT","subject":"Management","semester":"Fall","description":"Preparation for an organizational change project. Emphasis on applying tools of organizational, operational, and systems analysis in order to affect change. Includes a focus on the challenges and opportunities presented by issues of leadership and organizational behavior. Each student leads a change project in his or her own organization, focusing on fixing a broken or ineffective process. Examples of possible initiatives include a strategic reorientation, organizational restructuring, introduction of a new technology, a worker participation program, etc. Restricted to Executive MBA students.<br>Consult J. Hising DiFabio<br>No textbook information available","title":"15.705 Organizations Lab"}