{"id":"15.724","school":"MIT","subject":"Management","semester":"Fall","description":"Introduction to corporate finance and capital markets. Topics include project and company valuation, real options, measuring risk and return, stock pricing and the performance of trading strategies, corporate financing policy, the cost of capital, and risk management. Subject provides a broad overview of both theory and practice. Restricted to Executive MBA students.<br><I>N. Gregory, S. Myers</I><br><a href=\"javascript:PopUpHelp('http://sisapp.mit.edu/textbook/books.html?Term=2015FA&Subject=15.724');\" >Textbooks (Fall 2014)</a></font>","title":"15.724 Financial Management"}