{"id":"15.761","school":"MIT","subject":"Management","semester":"Fall","description":"Provides students with concepts, techniques and tools to design, analyze, and improve core operational capabilities, and apply them to a broad range of application domains and industries. Emphasizes the effect of uncertainty in decision-making, as well as the interplay between high-level financial objectives and operational capabilities. Covers topics in production control, risk pooling, quality management, process design, and revenue management. Underscores how these topics are integrated with the different functions of the firm (finance, marketing, R&D, etc.). Includes case studies and guest lectures. Simulation games demonstrate central concepts. Students taking graduate version complete additional assignments. Meets with 15.766 when offered concurrently. Summer section is primarily for Leaders for Global Operations students.<br><I>R. Levi, K. Zheng</I><br><a href=\"javascript:PopUpHelp('http://sisapp.mit.edu/textbook/books.html?Term=2014SU&Subject=15.761');\" >Textbooks (Summer 2014)</a></font>; <a href=\"javascript:PopUpHelp('http://sisapp.mit.edu/textbook/books.html?Term=2015FA&Subject=15.761');\" >Textbooks (Fall 2014)</a></font>","title":"15.761 Introduction to Operations Management"}