{"id":"15.708","school":"MIT","subject":"Management","semester":"Fall","description":"Helps students discover and develop new and effective ways of managing and working together across national borders; also helps accelerate development of the context awareness and integrative management skills needed to lead in a globalized world. Involves intensive team engagement with a firm where students integrate their understanding of the relevant global and national economic and institutional contexts, industry dynamics, the firm's strategic position and capabilities, and its management organization and processes to provide the management sponsor with insight and effective recommendations. Includes a week-long site visit for research. Restricted to Executive MBA students.<br>Consult J. Lehrich<br>No textbook information available","title":"15.708 Global Organizations Lab"}