{"id":"15.707","school":"MIT","subject":"Management","semester":"Fall","description":"Provides students with the evidence, concepts and models for understanding company performance in a global world and the issues facing executives in the early 21st century. Prepares students to manage effectively in todays interconnected world by understanding this changing environment, principles of global strategy, and the relation between global strategy and organization.  Focuses on the specificities of strategy and organization of the multinational company. Restricted to Executive MBA students.<br>Consult J. Hising DiFabio<br>No textbook information available","title":"15.707 Global Strategy"}