{"id":"15.769","school":"MIT","subject":"Management","semester":"Fall","description":"<a name=\"15.769\"></a><p><h3>15.769 Operations Strategy</h3>  (, ) Prereq: <a href=\"m15c.html#15.761\">15.761</a>, <a href=\"m15c.html#15.778\">15.778</a>, or permission of instructorUnits: 3-0-6<b>Lecture:</b> <i>TR4-5.30</i> (<a href=\"http://whereis.mit.edu/map-jpg?mapterms=E51\">E51-315</a>)<!--s-->Provides unifying framework for analyzing strategic issues in manufacturing and service operations. Covers decisions in technology, facilities, vertical integration, human resources and other strategic areas. Explores means of competition, such as cost, quality, speed, innovativeness, and how operations companies address growth. Presents students with an approach to make operations decisions in the era of outsourcing and globalization.<I>C. H. Fine, D. B. Rosenfield. Z. Ton</I><a href=\"javascript:PopUpHelp('http://sisapp.mit.edu/textbook/books.html?Term=2015FA&Subject=15.769');\" >Textbooks (Fall 2014)</a></font></p><!--end-->","title":"15.769 Operations Strategy"}