{"id":"15.702","school":"MIT","subject":"Management","semester":"Fall","description":"<a name=\"15.702\"></a><p><h3>15.702 Leading in a Global Context</h3>  (, , , )  Prereq: Permission of instructorUnits: 6-0-6<b>Lecture:</b> <i>TBA</i><!--s-->Intensive module on international management, combining the key perspectives of macroeconomics, global business, and global strategy. Focuses on the policy and economic environment of firms, as well as on the development of a truly global market in products, services, and capital, and its effect on competition for businesses and industries. Presents key insights into national economic strategies for development, and into the evolving rules and institutions governing the new international economic order. Develops an appreciation of the international dimensions of strategy and organization in an increasingly complex world economy. Restricted to Executive MBA students.Consult J. Hising DiFabioNo textbook information available</p><!--end-->","title":"15.702 Leading in a Global Context"}