{"id":"15.772","school":"MIT","subject":"Management","semester":"Fall","description":"Introduces concepts of supply chain design and operations with a focus on supply chains for products destined to improve quality of life in developing countries. Topics include demand estimation, facility location and operations planning, inventory management, and supply chain coordination and performance. Also covers issues specific to emerging markets, such as sustainable supply chains, how to couple product design with supply chain design and operation, and how to account for the value-adding role of a supply chain. Students conduct projects on supply chain design or improvement.<br><I>S. C. Graves</I><br><a href=\"javascript:PopUpHelp('http://sisapp.mit.edu/textbook/books.html?Term=2015FA&Subject=15.772');\" >Textbooks (Fall 2014)</a></font>","title":"15.772J D-Lab: Supply Chains","time":"1:00 p.m. - 2:00 p.m.","location":"1-13","meets":"Monday,Wednesday"}