{"id":"15.767","school":"MIT","subject":"Management","semester":"Fall","description":"<a name=\"15.767\"></a><p><h3>15.767 Healthcare Lab: Introduction to Healthcare Delivery in the United States</h3>  () Prereq: <a href=\"m15a.html#15.060\">15.060</a>, <a href=\"m15c.html#15.761\">15.761</a>; or permission of instructorUnits: 3-0-6<b>Lecture:</b> <i>MW10-11.30</i> (<a href=\"http://whereis.mit.edu/map-jpg?mapterms=E62\">E62-250</a>)<!--s-->Focuses on the current business challenges and opportunities of the US healthcare delivery industry, providing a broad perspective of their effects on various career paths, such as consulting, entrepreneurship, hospital management, pharmaceutical, biomedical and IT innovation. Provides students the opportunity to interact with outside speakers, including many top-level executives. Discussions based on practical examples from the ongoing healthcare-related work of Sloan faculty, particularly, projects with local hospitals. Students form teams and work directly with a US-based organization on an applied project, which includes an onsite visit during SIP week. Students can continue their onsite project under a different subject number during IAP with permission of the instructor and organization; consult instructor for information.<I>R. Levi, J. Wilkinson</I>No textbook information available</p><!--end-->","title":"15.767 Healthcare Lab: Introduction to Healthcare Delivery in the United States"}