{"id":"15.818","school":"MIT","subject":"Management","semester":"Fall","description":"<a name=\"15.818\"></a><p><h3>15.818 Pricing</h3>  ()Prereq: NoneUnits: 3-0-6Credit cannot also be received for <A HREF=\"m15c.html#15.726\">15.726</A><b>Lecture:</b> <i>TR8.30-10</i> (<a href=\"http://whereis.mit.edu/map-jpg?mapterms=E62\">E62-233</a>) or <i>TR10-11.30</i> (<a href=\"http://whereis.mit.edu/map-jpg?mapterms=E62\">E62-233</a>)<!--s-->Framework for understanding pricing strategies and analytics. Topics include economic value analysis, elasticities, customization, complementary products, pricing in platform markets, and anticipating competitive responses.<I>C. Tucker</I>No required or recommended textbooks</p><!--end-->","title":"15.818 Pricing"}