{"id":"15.810","school":"MIT","subject":"Management","semester":"Fall","description":"<a name=\"15.810\"></a><p><h3>15.810 Marketing Management</h3>  (, )Prereq: NoneUnits: 3-0-6Credit cannot also be received for <A HREF=\"m15c.html#15.732\">15.732</A>, <A HREF=\"m15c.html#15.809\">15.809</A>, <A HREF=\"m15c.html#15.812\">15.812</A><b>Lecture:</b> <i>MW1-2.30</i> (<a href=\"http://whereis.mit.edu/map-jpg?mapterms=E62\">E62-250</a>) or <i>MW2.30-4</i> (<a href=\"http://whereis.mit.edu/map-jpg?mapterms=E62\">E62-250</a>)<!--s-->Develops skills in marketing analysis and planning, and introduces key marketing ideas and phenomena, such as how to deliver benefits to customers. Presents a framework for marketing analysis and enhances problem solving and decision-making abilities in these areas. Material relevant to understanding, managing, and integrating marketing concepts in managerial situations, from entrepreneurial ventures to large multinational firms and to consulting.<I>J. R. Hauser</I>No required or recommended textbooks</p><!--end-->","title":"15.810 Marketing Management"}