{"id":"15.839","school":"MIT","subject":"Management","semester":"Fall","description":"<a name=\"15.839\"></a><p><h3>15.839 Workshop in Marketing</h3>  (, ) Prereq: Permission of instructorUnits arranged [P/D/F]<b>Lecture:</b> <i>M4-5.30</i> (<a href=\"http://whereis.mit.edu/map-jpg?mapterms=E62\">E62-550</a>)<!--s-->Presentations by faculty, doctoral students, and guest speakers of ongoing research relating to current issues in marketing. Topics: reports of research projects (proposed or in progress) and informal discussions of recent literature dealing with subjects of special interest to participants. Restricted to doctoral students.<I>Staff</I>No textbook information available</p><!--end-->","title":"15.839 Workshop in Marketing"}