{"id":"15.830","school":"MIT","subject":"Management","semester":"Fall","description":"<a name=\"15.830\"></a><p><h3>15.830 Enterprise Management Lab</h3>  (, )Prereq: None. <I>Coreq: <a href=\"m15c.html#15.810\">15.810</a>, <a href=\"m15c.html#15.761\">15.761</a>, or <a href=\"m15c.html#15.900\">15.900</a></I>Units: 3-0-3<b>Lecture:</b> <i>W EVE (4-7 PM)</i> (<a href=\"http://whereis.mit.edu/map-jpg?mapterms=E62\">E62-276</a>)<!--s-->Lays the foundation for the Enterprise Management (EM Lab)Track by developing students' ability to apply integrated management perspectives and practices in their roles within large organizations.  Lectures, faculty mentors and cross-functional teams equip students with tools and knowledge to implement this track vision through classroom and project-based activities.  Small teams of students deliver quality deliverables working on live integrative projects focused on marketing, operations, and/or Strategy sourced from large organizations, both for-profit and not-for-profit. Management guest speakers from Marketing, Operations and Strategy discuss their interrelated activities.  The overall goal is to promote an integrated mindset towards viewing and addressing business issues. Students must register for both the fall term and IAP. Restricted to MBA students in EM Track.<I>S. Chatterjee</I>No required or recommended textbooks</p><!--end-->","title":"15.830 Enterprise Management Lab"}