{"id":"15.871","school":"MIT","subject":"Management","semester":"Fall","description":"<a name=\"15.871\"></a><h3>15.871 Introduction to System Dynamics</h3>  (, ) ; first half of termPrereq: Permission of instructorUnits: 3-0-3Credit cannot also be received for <A HREF=\"m15c.html#15.736\">15.736</A>Ends Oct 17. <b>Lecture:</b> <i>MW1-2.30</i> (<a href=\"http://whereis.mit.edu/map-jpg?mapterms=E62\">E62-262</a>) or <i>MW2.30-4</i> (<a href=\"http://whereis.mit.edu/map-jpg?mapterms=E62\">E62-276</a>) or <i>MW1-2.30</i> (<a href=\"http://whereis.mit.edu/map-jpg?mapterms=E62\">E62-223</a>) or <i>MW2.30-4</i> (<a href=\"http://whereis.mit.edu/map-jpg?mapterms=E62\">E62-223</a>) <b>Recitation:</b> <i>F10-11.30</i> (<a href=\"http://whereis.mit.edu/map-jpg?mapterms=E62\">E62-250</a>) or <i>F2.30-4</i> (<a href=\"http://whereis.mit.edu/map-jpg?mapterms=E51\">E51-315</a>) or <i>F8.30-10</i> (<a href=\"http://whereis.mit.edu/map-jpg?mapterms=E62\">E62-250</a>) or <i>F2.30-4</i> (<a href=\"http://whereis.mit.edu/map-jpg?mapterms=E51\">E51-315</a>)<!--s-->Introduction to systems thinking and system dynamics modeling applied to strategy, organizational change, and policy design. Students use simulation models, management flight simulators, and case studies to develop conceptual and modeling skills for the design and management of high-performance organizations in a dynamic world. Case studies of successful applications of system dynamics in growth strategy, management of technology, operations, supply chains, product development, and others. Principles for effective use of modeling in the real world.Consult J. D. Sterman<a href=\"javascript:PopUpHelp('http://sisapp.mit.edu/textbook/books.html?Term=2015FA&Subject=15.871');\" >Textbooks (Fall 2014)</a></font></p><!--end-->","title":"15.871 Introduction to System Dynamics"}