{"id":"15.872","school":"MIT","subject":"Management","semester":"Fall","description":"<a name=\"15.872\"></a><p><h3>15.872 System Dynamics II</h3>  (, ) ; second half of termPrereq: <a href=\"m15c.html#15.871\">15.871</a>Units: 3-0-3Begins Oct 27. <b>Lecture:</b> <i>MW1-2.30</i> (<a href=\"http://whereis.mit.edu/map-jpg?mapterms=E62\">E62-262</a>) or <i>MW2.30-4</i> (<a href=\"http://whereis.mit.edu/map-jpg?mapterms=E62\">E62-276</a>) <b>Recitation:</b> <i>F10-11.30</i> (<a href=\"http://whereis.mit.edu/map-jpg?mapterms=E62\">E62-250</a>) or <i>F2.30-4</i> (<a href=\"http://whereis.mit.edu/map-jpg?mapterms=E51\">E51-315</a>)<!--s-->Continuation of 15.871, emphasizing tools and methods needed to apply systems thinking and simulation modeling successfully in complex real-world settings. Uses simulation models, management flight simulators, and case studies to deepen the conceptual and modeling skills introduced in 15.871.  Through models and case studies of successful applications students learn how to use qualitative and quantitative data to formulate and test models, and how to work effectively with senior executives to implement change successfully.  Prerequisite for further work in the field.<I>J. D. Sterman, H. Rahmandad, D. Keith</I>No textbook information available</p><!--end-->","title":"15.872 System Dynamics II"}