{"id":"15.999","school":"MIT","subject":"Management","semester":"Fall","description":"<a name=\"15.999\"></a><p><h3>15.999 Curricular Practical Training (CPT)</h3>  (, , ) Prereq: NoneUnits arranged [P/D/F]<b>15.999:</b> TBA. <!--s-->Students participate in off-campus work or internship experience and apply topics of management and/or culture to their experience. Requirements include mandatory attendance at one workshop and a written deliverable. Students must have a formal employment offer prior to enrolling. Restricted to MIT Sloan students who have been in legal F1 status for nine consecutive months and who wish to work in the United States in an area related to their field of study. Additional restrictions may apply.Consult Sloan Educational Services<b>15.999:</b> No textbook information available (Summer 2014); No required or recommended textbooks (Fall 2014)</p><!--end-->","title":"15.999 Curricular Practical Training (CPT)"}