{"id":"15.962","school":"MIT","subject":"Management","semester":"Fall","description":"<a name=\"15.962\"></a><p><h3>15.962 Pre-Thesis Research</h3>  (, , , )  Prereq: Permission of instructorUnits arrangedTBA. <!--s-->Pre-thesis research conducted under faculty supervision; advance approval of project proposal required. Restricted to PhD students.Consult H. RossNo textbook information available (Summer 2014); No required or recommended textbooks (Fall 2014)</p><!--end-->","title":"15.962 Pre-Thesis Research"}