{"id":"15.951","school":"MIT","subject":"Management","semester":"Fall","description":"<a name=\"15.951\"></a><h3>15.951 Independent Study in Management</h3>  (, , , ) Prereq: NoneUnits arrangedTBA. <!--s-->Advanced work, special investigation or application of a management topic, on an individual basis, under faculty supervision. May include readings, conferences, laboratory and fieldwork, and reports. Projects require prior approval, as well as a written proposal and a final report.<I>M. Hanlon</I>No required or recommended textbooks</p><!--end-->","title":"15.951 Independent Study in Management"}