{"id":"15.933","school":"MIT","subject":"Management","semester":"Fall","description":"<a name=\"15.933\"></a><p><h3>15.933 Strategic Opportunities in Energy</h3>  () ; first half of termPrereq: <a href=\"m15c.html#15.900\">15.900</a> or permission of instructorUnits: 4-0-2Ends Oct 17. <b>Lecture:</b> <i>MW EVE (4-6 PM)</i> (<a href=\"http://whereis.mit.edu/map-jpg?mapterms=E62\">E62-223</a>)<!--s-->Introduces the energy system in terms of sources and uses, market characteristics, and key metrics.  Provides frameworks for understanding the structure and dynamics of the sector and the drivers of the energy future.  Opportunities resulting from demand growth, supply challenges, environmental constraints, security of supply, technology breakthroughs, and regulation are analyzed from the perspectives of both established players and entrepreneurs.  Student teams engage in projects that evaluate a segment of the energy landscape and develop a strategic prospectus for a new business opportunity.<I>H. B. Weil, A. J. M. Meggs</I>No textbook information available</p><!--end-->","title":"15.933 Strategic Opportunities in Energy"}