{"id":"15.S12","school":"MIT","subject":"Management","semester":"Fall","description":"<a name=\"15.S12\"></a><h3>15.S10-15.S12 Special Seminar in Management</h3>  (, , , )  ; second half of termPrereq: Permission of instructorUnits arranged<b>15.S10:</b> <b>Lecture:</b> <i>T2.30-5.30</i> (<a href=\"http://whereis.mit.edu/map-jpg?mapterms=E51\">E51-149</a>)<!--s--><b>15.S11:</b> TBA. <!--s--><b>15.S12:</b> Begins Oct 27. <b>Lecture:</b> <i>R EVE (4-7 PM)</i> (<a href=\"http://whereis.mit.edu/map-jpg?mapterms=E62\">E62-221</a>) <i><b>+final</b></i><!--s--><b>15.S10:</b> No required or recommended textbooks<b>15.S11:</b> No textbook information available<b>15.S12:</b> No textbook information available","title":"15.S10-15.S12 Special Seminar in Management"}