{"id":"16.001","school":"MIT","subject":"Aeronautics and Astronautics","semester":"Fall","description":"<a name=\"16.001\"></a><p><h3>16.001 Unified Engineering I</h3>  () Prereq: <a href=\"./search.cgi?search=&cred=p2\" title=\"8.02, 8.021, 8.022\">Physics II (GIR)</a>; <I>Coreq: <a href=\"m18a.html#18.03\">18.03</a> or <a href=\"m18a.html#18.034\">18.034</a>; <a href=\"./search.cgi?search=&cred=c\" title=\"3.091, 5.111, 5.112\">Chemistry (GIR)</a></I>Units: 5-1-6<b>Lecture:</b> <i>MWF10</i> (<a href=\"http://whereis.mit.edu/map-jpg?mapterms=32\">32-141</a>) <b>Lab:</b> <i>TR10</i> (<a href=\"http://whereis.mit.edu/map-jpg?mapterms=4\">4-370</a>) <b>Recitation:</b> <i>TR9</i> (<a href=\"http://whereis.mit.edu/map-jpg?mapterms=33\">33-419</a>) or <i>TR11</i> (<a href=\"http://whereis.mit.edu/map-jpg?mapterms=33\">33-419</a>) <i><b>+final</b></i><!--s-->16.001 and 16.002 require simultaneous registration. Presents fundamental principles and methods of aerospace engineering, as well as their interrelationship and applications, through lectures, recitations, design problems, and labs. Materials and structures, including statics, analysis of trusses, the analysis of statically determinate and indeterminate systems, and the stress-strain behavior of materials. Fluid mechanics, including conservation laws for fluid flows, the integral momentum theorem and applications, potential flow, vorticity and circulation, and the characterization of airfoil performance. Thermodynamics, including the thermodynamic state of a system, work, heat and various forms of energy, the first law of thermodynamics, heat engines, reversible and irreversible processes, entropy, and the second law of thermodynamics. Signals and systems, including linear and time invariant systems, convolution, and transform analysis.<I>D. L. Darmofal, H. Balakrishnan, O. de Weck, R. Radovitzky, Z. S. Spakovszky</I><a href=\"javascript:PopUpHelp('http://sisapp.mit.edu/textbook/books.html?Term=2015FA&Subject=16.001');\" >Textbooks (Fall 2014)</a></font></p><!--end-->","title":"16.001 Unified Engineering I","time":"10:00 a.m. - 11:00 a.m.","location":"32-14","meets":"Monday,Wednesday,Friday"}