{"id":"16.004","school":"MIT","subject":"Aeronautics and Astronautics","semester":"Fall","description":"<a name=\"16.004\"></a><p><h3>16.004 Unified Engineering IV</h3>  ()Prereq: <a href=\"m16a.html#16.001\">16.001</a>, <a href=\"m16a.html#16.002\">16.002</a>Units: 5-1-616.003 and 16.004 require simultaneous registration. Presents fundamental principles and methods of aerospace engineering, as well as their interrelationship and applications, through lectures, recitations, design problems, and labs. Materials and Structures, including analysis of beam bending, buckling and torsion, material and structural failure, including plasticity, fracture, fatigue, and their physical causes. Fluid Mechanics, including thin airfoil theory, three-dimensional wing theory, lifting line theory, induced drag and optimal lift distributions, wing design, aircraft performance, compressible flows, shocks, supersonic airfoils, nozzles. Thermodynamics and Propulsion, including applications of the integral momentum theorem to aerospace propulsion systems, ideal and non-ideal cycle analysis, energy exchange in compressors and turbines, and an introduction to heat transfer. Applications of Signals and Systems to aerospace, including modulation, filtering, sampling, and navigation systems.<I>D. L. Darmofal, H. Balakrishnan, O.L. de Weck, E.M. Greitzer, R. Radovitzky</I></p><!--end--><h2>Core Undergraduate Subjects</h2><a name=\"16.06\"></a><p><h3>16.06 Principles of Automatic Control</h3>  ()Prereq: <a href=\"m16a.html#16.004\">16.004</a>Units: 3-1-8<b>Lecture:</b> <i>MW1</i> (<a href=\"http://whereis.mit.edu/map-jpg?mapterms=3\">3-270</a>) <b>Lab:</b> <i>F1</i> (<a href=\"http://whereis.mit.edu/map-jpg?mapterms=33\">33-319</a>) or <i>F2</i> (<a href=\"http://whereis.mit.edu/map-jpg?mapterms=33\">33-319</a>) <b>Recitation:</b> <i>T11</i> (<a href=\"http://whereis.mit.edu/map-jpg?mapterms=37\">37-212</a>) or <i>T2</i> (<a href=\"http://whereis.mit.edu/map-jpg?mapterms=37\">37-212</a>) <i><b>+final</b></i><!--s-->Introduction to design of feedback control systems. Properties and advantages of feedback systems. Time-domain and frequency-domain performance measures. Stability and degree of stability. Root locus method, Nyquist criterion, frequency-domain design, and some state space methods. Strong emphasis on the synthesis of classical controllers. Application to a variety of aerospace systems.  Hands-on experiments using simple robotic systems.<I>J. P. How, K. E. Willcox</I><a href=\"javascript:PopUpHelp('http://sisapp.mit.edu/textbook/books.html?Term=2015FA&Subject=16.06');\" >Textbooks (Fall 2014)</a></font></p><!--end--><a name=\"16.07\"></a><p><h3>16.07 Dynamics</h3>  ()Prereq: <a href=\"m16a.html#16.004\">16.004</a>Units: 4-0-8<b>Lecture:</b> <i>MWF11</i> (<a href=\"http://whereis.mit.edu/map-jpg?mapterms=37\">37-212</a>) <b>Recitation:</b> <i>R10</i> (<a href=\"http://whereis.mit.edu/map-jpg?mapterms=33\">33-418</a>) or <i>R11</i> (<a href=\"http://whereis.mit.edu/map-jpg?mapterms=33\">33-418</a>) <i><b>+final</b></i><!--s-->Fundamentals of Newtonian mechanics. Kinematics, particle dynamics, motion relative to accelerated reference frames, work and energy, impulse and momentum, systems of particles and rigid body dynamics. Applications to aerospace engineering including introductory topics in orbital mechanics, flight dynamics, inertial navigation and attitude dynamics.<I>W. W. Hoburg, S. E. Widnall</I>No required or recommended textbooks</p><!--end--><a name=\"16.09\"></a><p><h3>16.09 Statistics and Probability</h3>  ()Prereq: <a href=\"./search.cgi?search=&cred=m2\" title=\"18.02, 18.02A, 18.022, 18.023, 18.024\">Calculus II (GIR)</a>Units: 3-0-9Introduction to statistics and probability with applications to aerospace engineering.  Covers essential topics, such as sample space, discrete and continuous random variables, probability distributions, joint and conditional distributions, expectation, transformation of random variables, limit theorems, estimation theory, hypothesis testing, confidence intervals, statistical tests, and regression.<I>M. Z. Win</I></p><!--end--><h2>Mechanics and Physics of Fluids</h2>","title":"16.004 Unified Engineering IV","time":"1:00 p.m. - 2:00 p.m.","location":"3-27","meets":"Monday,Wednesday"}