{"id":"16.230","school":"MIT","subject":"Aeronautics and Astronautics","semester":"Fall","description":"<a name=\"16.230\"></a><p><h3>16.230J Plates and Shells: Static and Dynamic Analysis</h3>  () (Same subject as <A HREF=\"m2a.html#2.081\">2.081J</A>)Prereq: <a href=\"m2a.html#2.071\">2.071</a>, <a href=\"m2a.html#2.080\">2.080J</a>, or Permission of InstructorUnits: 3-1-8URL: <a href=\"http://web.mit.edu/16.230/home.html\">http://web.mit.edu/16.230/home.html</a>Stress-strain relations for plate and shell elements. Differential equations of equilibrium. Energy methods and approximate solutions. Bending and buckling of rectangular plates. Post-buckling and ultimate strength of cold formed sections and typical stiffened panels used in aerospace, civil, and mechanical engineering; offshore technology; and ship building. Geometry of curved surfaces. General theory of elastic, axisymmetric shells and their equilibrium equations. Buckling, crushing and bending strength of cylindrical shells with applications. Propagation of 1-D elastic waves in rods, geometrical and material dispersion. Plane, Rayleigh surface, and 3-D waves. 1-D plastic waves. Response of plates and shells to high-intensity loads. Dynamic plasticity and fracture. Application to crashworthiness and impact loading of structures.<I>T. Sapsis</I></p><!--end--><h2>Information and Control Engineering</h2><a name=\"16.30\"></a><p><h3>16.30 Feedback Control Systems</h3>  ()(Subject meets with <A HREF=\"m16a.html#16.31\">16.31</A>)Prereq: <a href=\"m16a.html#16.06\">16.06</a> or <a href=\"m6b.html#6.302\">6.302</a>Units: 4-1-7<b>Lecture:</b> <i>MWF11</i> (<a href=\"http://whereis.mit.edu/map-jpg?mapterms=33\">33-419</a>) <b>Recitation:</b> <i>F1</i> (<a href=\"http://whereis.mit.edu/map-jpg?mapterms=5\">5-134</a>) <i><b>+final</b></i><!--s-->Reviews classical control design using root locus and frequency domain methods (Nyquist diagrams and Bode plots). Studies state-space representation of dynamic systems, including model realizations, controllability, and observability. Introduces the state-space approach to control system analysis and synthesis, including full state feedback using pole placement, state estimation, and the design of dynamic control laws. Also covers performance limitations and robustness. Extensive use of computer-aided control design tools. Applications to various aerospace systems including navigation, guidance, and control of vehicles. Students taking the graduate version complete additional assignments.<I>S. Karaman</I><a href=\"javascript:PopUpHelp('http://sisapp.mit.edu/textbook/books.html?Term=2015FA&Subject=16.30');\" >Textbooks (Fall 2014)</a></font></p><!--end-->","title":"16.230J Plates and Shells: Static and Dynamic Analysis","time":"11:00 a.m. - 12:00 p.m.","location":"33-41","meets":"Monday,Wednesday,Friday"}