{"id":"16.301","school":"MIT","subject":"Aeronautics and Astronautics","semester":"Fall","description":"<a name=\"16.301\"></a><p><h3>16.301 Topics in Control, Dynamics, and Automation</h3>  (, , ) Not offered regularly; consult departmentPrereq: Permission of departmentUnits arrangedProvides credit for work on material in control and/or dynamics and/or automation outside of regularly scheduled subjects. Intended for study abroad under either the department's Year Abroad Program or the Cambridge-MIT Exchange Program. Credit may be used to satisfy specific SB degree requirements. Requires prior approval. Consult department.<I>K. E. Willcox</I></p><!--end--><a name=\"16.31\"></a><p><h3>16.31 Feedback Control Systems</h3>  () (Subject meets with <A HREF=\"m16a.html#16.30\">16.30</A>)Prereq: <a href=\"m16a.html#16.06\">16.06</a> or <a href=\"m6b.html#6.302\">6.302</a>Units: 3-1-8<b>Lecture:</b> <i>MWF11</i> (<a href=\"http://whereis.mit.edu/map-jpg?mapterms=33\">33-419</a>) <i><b>+final</b></i><!--s-->Graduate-level version of 16.30; see description under 16.30. Includes additional homework questions, laboratory experiments, and a term project beyond 16.30 with a particular focus on the material associated with state-space realizations of MIMO transfer function (matrices); MIMO zeros, controllability, and observability; stochastic processes and estimation; limitations on performance; design and analysis of dynamic output feedback controllers; and robustness of multivariable control systems.<I>S. Karaman</I>No textbook information available</p><!--end-->","title":"16.301 Topics in Control, Dynamics, and Automation","time":"11:00 a.m. - 12:00 p.m.","location":"33-41","meets":"Monday,Wednesday,Friday"}