{"id":"16.391","school":"MIT","subject":"Aeronautics and Astronautics","semester":"Fall","description":"<a name=\"16.391\"></a><p><h3>16.391J Statistics for Engineers and Scientists</h3>  () (Same subject as <A HREF=\"m6b.html#6.434\">6.434J</A>)Prereq: <a href=\"./search.cgi?search=&cred=m2\" title=\"18.02, 18.02A, 18.022, 18.023, 18.024\">Calculus II (GIR)</a>, <a href=\"m18a.html#18.06\">18.06</a>, <a href=\"m6b.html#6.431\">6.431</a>, or permission of instructorUnits: 3-0-9<b>Lecture:</b> <i>MW1-2.30</i> (<a href=\"http://whereis.mit.edu/map-jpg?mapterms=38\">38-166</a>)<!--s-->Provides a rigorous introduction to fundamentals of statistics motivated by engineering applications and emphasizing the informed use of modern statistical software.  Topics include sufficient statistics, exponential families, estimation, hypothesis testing, measures of performance, and notion of optimality.<I>M. Win, J. N. Tsitsiklis</I><a href=\"javascript:PopUpHelp('http://sisapp.mit.edu/textbook/books.html?Term=2015FA&Subject=16.391');\" >Textbooks (Fall 2014)</a></font></p><!--end-->","title":"16.391J Statistics for Engineers and Scientists","time":"1:00 p.m. - 2:00 p.m.","location":"38-16","meets":"Monday,Wednesday"}