{"id":"16.355","school":"MIT","subject":"Aeronautics and Astronautics","semester":"Fall","description":"<a name=\"16.355\"></a><p><h3>16.355J Concepts in the Engineering of Software</h3>  () (Same subject as <A HREF=\"mESDa.html#ESD.355\">ESD.355J</A>)Prereq: Permission of instructorUnits: 3-0-9<b>Lecture:</b> <i>F8.30-11.30</i> (<a href=\"http://whereis.mit.edu/map-jpg?mapterms=9\">9-057</a>)<!--s-->Reading and discussion on issues in the engineering of software systems and software development project design. Includes the present state of software engineering, what has been tried in the past, what worked, what did not, and why. Topics may differ in each offering, but are chosen from the software process and life cycle; requirements and  specifications; design principles; testing, formal analysis, and reviews; quality management and assessment; product and process metrics; COTS and reuse; evolution and maintenance; team organization and people management; and software engineering aspects of programming languages.<I>N. G. Leveson</I>No textbook information available</p><!--end--><a name=\"16.36\"></a><p><h3>16.36 Communication Systems and Networks</h3>  ()(Subject meets with <A HREF=\"m16a.html#16.363\">16.363</A>)Prereq: <a href=\"m16a.html#16.004\">16.004</a> or <a href=\"m6a.html#6.003\">6.003</a>; <a href=\"m16a.html#16.09\">16.09</a> or <a href=\"m6a.html#6.041\">6.041</a>Units: 3-0-9Introduces the fundamentals of digital communications and networking. Topics include elements of information theory, sampling and quantization, coding, modulation, signal detection and system performance in the presence of noise. Study of data networking includes multiple access, reliable packet transmission, routing and protocols of the internet. Concepts discussed in the context of aerospace communication systems: aircraft communications, satellite communications, and deep space communications. Students taking graduate version complete additional assignments.<I>E. H. Modiano</I></p><!--end-->","title":"16.355J Concepts in the Engineering of Software","time":"8:00 a.m. - 9:00 a.m.","location":"9-05","meets":"Friday"}