{"id":"16.322","school":"MIT","subject":"Aeronautics and Astronautics","semester":"Fall","description":"<a name=\"16.322\"></a><p><h3>16.322 Stochastic Estimation and Control</h3>  () Prereq: <a href=\"m16a.html#16.31\">16.31</a>; <a href=\"m6a.html#6.041\">6.041</a>, <a href=\"m6b.html#6.431\">6.431</a>, or <a href=\"m16a.html#16.09\">16.09</a>Units: 3-0-9<b>Lecture:</b> <i>TR2.30-4</i> (<a href=\"http://whereis.mit.edu/map-jpg?mapterms=33\">33-418</a>) <i><b>+final</b></i><!--s-->Estimation and control of dynamic systems. Brief review of probability and random variables. Classical and state-space descriptions of random processes and their propagation through linear systems. Frequency domain design of filters and compensators. The Kalman filter to estimate the states of dynamic systems. Conditions for stability of the filter equations.<I>S. R. Hall</I>No textbook information available</p><!--end-->","title":"16.322 Stochastic Estimation and Control","time":"2:00 p.m. - 3:00 p.m.","location":"33-41","meets":"Tuesday,Thursday"}