{"id":"16.401","school":"MIT","subject":"Aeronautics and Astronautics","semester":"Fall","description":"<a name=\"16.401\"></a><p><h3>16.401 Topics in Communication and Software</h3>  (, , ) Not offered regularly; consult departmentPrereq: Permission of departmentUnits arrangedProvides credit for  student work on undergraduate-level material in communications and/or software outside of regularly scheduled subjects. Intended for study abroad under either the department's Year Abroad Program or the Cambridge-MIT Exchange Program. Credit may be used to satisfy specific SB degree requirements. Requires prior approval. Consult department.<I>K. E. Willcox</I></p><!--end-->","title":"16.401 Topics in Communication and Software"}