{"id":"16.413","school":"MIT","subject":"Aeronautics and Astronautics","semester":"Fall","description":"<a name=\"16.413\"></a><p><h3>16.413 Principles of Autonomy and Decision Making</h3>  () (Subject meets with <A HREF=\"m16a.html#16.410\">16.410</A>)Prereq: <a href=\"m1a.html#1.00\">1.00</a>, <a href=\"m6a.html#6.0002\">6.0002</a>, <a href=\"m6a.html#6.01\">6.01</a>, or permission of instructorUnits: 3-0-9<b>Lecture:</b> <i>MW9.30-11</i> (<a href=\"http://whereis.mit.edu/map-jpg?mapterms=33\">33-419</a>) <b>Recitation:</b> <i>F10</i> (<a href=\"http://whereis.mit.edu/map-jpg?mapterms=33\">33-419</a>)<!--s-->Graduate-level version of 16.410; see description under 16.410.  Additional material on reasoning under uncertainty and machine learning, including hidden Markov models, graphical models and Bayesian networks, computational learning theory, reinforcement learning, decision tree learning and support vector machines.  Assignments include the application of autonomy algorithms to practical aerospace systems, as well as more advanced programming assignments.<I>J. A. Shah</I>No textbook information available</p><!--end-->","title":"16.413 Principles of Autonomy and Decision Making","time":"9:00 a.m. - 10:00 a.m.","location":"33-41","meets":"Monday,Wednesday"}