{"id":"16.459","school":"MIT","subject":"Aeronautics and Astronautics","semester":"Fall","description":"<a name=\"16.459\"></a><p><h3>16.459 Bioengineering Journal Article Seminar</h3>  (, ) Prereq: NoneUnits: 0-2-0URL: <a href=\"http://web.mit.edu/16.459/www/\">http://web.mit.edu/16.459/www/</a><b>Lecture:</b> <i>W4</i> (<a href=\"http://whereis.mit.edu/map-jpg?mapterms=33\">33-218</a>)<!--s-->Each term, the class selects a new set of professional journal articles on bioengineering topics of current research interest. Some papers are chosen because of particular content, others are selected because they illustrate important points of methodology. Each week, one student leads the discussion, evaluating the strengths, weaknesses, and importance of each paper. Subject may be repeated for credit a maximum of four terms. Letter grade given in the last term applies to all accumulated units of 16.459.<I>Staff</I>No textbook information available</p><!--end-->","title":"16.459 Bioengineering Journal Article Seminar","time":"4:00 p.m. - 5:00 p.m.","location":"33-21","meets":"Wednesday"}