{"id":"16.440","school":"MIT","subject":"Aeronautics and Astronautics","semester":"Fall","description":"<a name=\"16.440\"></a><p><h3>16.440J Research Seminar: Human, Remote and Autonomous Systems in Air, Sea, and Space</h3>  () (Same subject as <A HREF=\"mSTSb.html#STS.470\">STS.470J</A>)Prereq: <a href=\"m16a.html#16.400\">16.400</a>, <a href=\"m16a.html#16.453\">16.453</a>, or permission of instructorUnits: 3-0-9<b>Lecture:</b> <i>W9-12</i> (<a href=\"http://whereis.mit.edu/map-jpg?mapterms=5\">5-231</a>)<!--s-->Examines relationships between human-occupied, remotely operated, and autonomous systems in the extreme environments of the deep ocean, air, and spaceflight. Uses a mix of historical, sociological, and engineering perspectives, examines different forms of human presence in each type of system and how they relate to each other in time and space, including: physical hand-on-the stick flying, supervisory control, remote operation, systems design, programming autonomous systems, management. Emphasis on networks of people interacting in networks of organizations through networks of machines.<I>D. A. Mindell</I><a href=\"javascript:PopUpHelp('http://sisapp.mit.edu/textbook/books.html?Term=2015FA&Subject=16.440');\" >Textbooks (Fall 2014)</a></font></p><!--end-->","title":"16.440J Research Seminar: Human, Remote and Autonomous Systems in Air, Sea, and Space","time":"9:00 a.m. - 10:00 a.m.","location":"5-23","meets":"Wednesday"}