{"id":"16.453","school":"MIT","subject":"Aeronautics and Astronautics","semester":"Fall","description":"<a name=\"16.453\"></a><p><h3>16.453J Human Factors Engineering</h3>  () (Same subject as <A HREF=\"mESDa.html#ESD.773\">ESD.773J</A>)(Subject meets with <A HREF=\"m16a.html#16.400\">16.400</A>)Prereq: <a href=\"m6a.html#6.041\">6.041</a> or permission of instructorUnits: 3-1-8<b>Lecture:</b> <i>TR9.30-11</i> (<a href=\"http://whereis.mit.edu/map-jpg?mapterms=1\">1-390</a>)<!--s-->Provides a fundamental understanding of the human factors that must be considered in the design and engineering of complex aviation and space systems. Focuses on the derivation of human engineering design criteria from sensory, motor and cognitive sources. Students, individually and in teams, apply design principles from topic areas including displays, controls and ergonomics, manual control, the nature of human error, basic experimental design, and human-computer interaction. Includes aviation accident case presentations and interactive projects. Graduate students also complete an additional research-oriented project with a final written report and oral presentation.<I>L. A. Stirling</I><a href=\"javascript:PopUpHelp('http://sisapp.mit.edu/textbook/books.html?Term=2015FA&Subject=16.453');\" >Textbooks (Fall 2014)</a></font></p><!--end-->","title":"16.453J Human Factors Engineering","time":"9:00 a.m. - 10:00 a.m.","location":"1-39","meets":"Tuesday,Thursday"}