{"id":"16.410","school":"MIT","subject":"Aeronautics and Astronautics","semester":"Fall","description":"<a name=\"16.410\"></a><p><h3>16.410 Principles of Autonomy and Decision Making</h3>  ()(Subject meets with <A HREF=\"m16a.html#16.413\">16.413</A>)Prereq: <a href=\"m1a.html#1.00\">1.00</a> or <a href=\"m6a.html#6.0002\">6.0002</a>Units: 4-0-8<b>Lecture:</b> <i>MW9.30-11</i> (<a href=\"http://whereis.mit.edu/map-jpg?mapterms=33\">33-419</a>) <b>Recitation:</b> <i>F10</i> (<a href=\"http://whereis.mit.edu/map-jpg?mapterms=33\">33-419</a>)<!--s-->Survey of reasoning, optimization and decision making methodologies for creating highly autonomous systems and decision support aids.  Focus on principles, algorithms, and their application, taken from the disciplines of artificial intelligence and operations research.  Reasoning paradigms include logic and deduction, heuristic and constraint-based search, model-based reasoning, planning and execution, and machine learning.  Optimization paradigms include linear programming, integer programming, and dynamic programming. Decision-making paradigms include decision theoretic planning, and Markov decision processes. Students taking graduate version complete additional assignments.<I>J. A. Shah</I><a href=\"javascript:PopUpHelp('http://sisapp.mit.edu/textbook/books.html?Term=2015FA&Subject=16.410');\" >Textbooks (Fall 2014)</a></font></p><!--end-->","title":"16.410 Principles of Autonomy and Decision Making","time":"9:00 a.m. - 10:00 a.m.","location":"33-41","meets":"Monday,Wednesday"}