{"id":"16.511","school":"MIT","subject":"Aeronautics and Astronautics","semester":"Fall","description":"<a name=\"16.511\"></a><p><h3>16.511 Aircraft Engines and Gas Turbines</h3>  () Prereq: <a href=\"m16a.html#16.50\">16.50</a> or permission of instructorUnits: 3-0-9<b>Lecture:</b> <i>TR1-2.30</i> (<a href=\"http://whereis.mit.edu/map-jpg?mapterms=33\">33-422</a>)<!--s-->Covers fundamentals of jet propulsion with a focus on understanding and mitigating environmental impacts. Examines performance and characteristics of aircraft engines as determined by thermodynamic and fluid mechanic behavior of components: inlets, compressors, combustors, turbines, and nozzles. Discusses various engine types and suitability for different missions. Significant attention to environmental issues in engine design, including combustion, emissions, air quality, climate change, and noise. Also covers environmental trade spaces in engine design.<I>Z. S. Spakovszky</I><a href=\"javascript:PopUpHelp('http://sisapp.mit.edu/textbook/books.html?Term=2015FA&Subject=16.511');\" >Textbooks (Fall 2014)</a></font></p><!--end-->","title":"16.511 Aircraft Engines and Gas Turbines","time":"1:00 p.m. - 2:00 p.m.","location":"33-42","meets":"Tuesday,Thursday"}