{"id":"16.653","school":"MIT","subject":"Aeronautics and Astronautics","semester":"Fall","description":"<a name=\"16.653\"></a><p><h3>16.653 Management in Engineering</h3>  ()Engineering School-Wide Elective Subject. (Offered under: <A HREF=\"m2c.html#2.96\">2.96</A>, <A HREF=\"m6c.html#6.930\">6.930</A>, <A HREF=\"m10a.html#10.806\">10.806</A>, <A HREF=\"m16b.html#16.653\">16.653</A>)Prereq: NoneUnits: 3-1-8<b>Lecture:</b> <i>MW11-12.30</i> (<a href=\"http://whereis.mit.edu/map-jpg?mapterms=4\">4-270</a>) <b>Lab:</b> <i>M4</i> (<a href=\"http://whereis.mit.edu/map-jpg?mapterms=1\">1-150</a>) or <i>T10</i> (<a href=\"http://whereis.mit.edu/map-jpg?mapterms=1\">1-132</a>) or <i>R4</i> (<a href=\"http://whereis.mit.edu/map-jpg?mapterms=3\">3-370</a>) or <i>F1</i> (<a href=\"http://whereis.mit.edu/map-jpg?mapterms=3\">3-370</a>) or <i>F2</i> (<a href=\"http://whereis.mit.edu/map-jpg?mapterms=4\">4-237</a>)<!--s-->Introduction and overview of engineering management. Financial principles, management of innovation, technical strategy and best management practices. Case study method of instruction emphasizes participation in class discussion. Focus is on the development of individual skills and management tools. Restricted to juniors and seniors.<I>H. S. Marcus, J.-H. Chun</I>No textbook information available</p><!--end--><a name=\"16.68\"></a><p><h3>16.68 Modern Space Science and Engineering Seminar</h3>  ()Prereq: NoneUnits: 2-0-4 [P/D/F]Exposes students to the broad variety of scientific and technology experiments being carried out in space, and the complex engineering required to implement them. Fosters an appreciation for the interaction of science and engineering in the space enterprise. Specific topics vary from year to year.<I>J. A. Hoffman</I></p><!--end-->","title":"16.653 Management in Engineering","time":"11:00 a.m. - 12:00 p.m.","location":"4-27","meets":"Monday,Wednesday"}