{"id":"16.681","school":"MIT","subject":"Aeronautics and Astronautics","semester":"Fall","description":"<a name=\"16.681\"></a><p><h3>16.681 Topics in Aeronautics and Astronautics</h3>  (, , , ) Not offered regularly; consult departmentPrereq: NoneUnits arrangedOpportunity for study or laboratory project work not available elsewhere in the curriculum. Topics selected in consultation with the instructor.<I>Consult M. A. Stuppard</I>No textbook information available</p><!--end-->","title":"16.681 Topics in Aeronautics and Astronautics"}