{"id":"16.683","school":"MIT","subject":"Aeronautics and Astronautics","semester":"Fall","description":"<a name=\"16.683\"></a><p><h3>16.683 Seminar in Aeronautics and Astronautics</h3>  (, , ) Not offered regularly; consult departmentPrereq: NoneUnits: 2-0-0 [P/D/F]Speakers from campus and industry discuss current activities and advances in aeronautics and astronautics. Restricted to Course 16 students.Consult M. A. Stuppard</p><!--end-->","title":"16.683 Seminar in Aeronautics and Astronautics"}