{"id":"16.687","school":"MIT","subject":"Aeronautics and Astronautics","semester":"Fall","description":"<a name=\"16.687\"></a><p><h3>16.687 Selected Topics in Aeronautics and Astronautics</h3>  (, , , ) Prereq: NoneUnits arranged [P/D/F]TBA. <!--s-->Study by qualified students. Topics selected in consultation with the instructor.  Prior approval required.<I>Consult M. A. Stuppard</I>No textbook information available</p><!--end--><h2>Flight Transportation</h2>","title":"16.687 Selected Topics in Aeronautics and Astronautics"}