{"id":"16.885","school":"MIT","subject":"Aeronautics and Astronautics","semester":"Fall","description":"<a name=\"16.885\"></a><p><h3>16.885 Aircraft Systems Engineering</h3>  () Prereq: Permission of instructorUnits: 3-1-8<b>Lecture:</b> <i>TR2-4</i> (<a href=\"http://whereis.mit.edu/map-jpg?mapterms=33\">33-218</a>)<!--s-->Holistic view of the aircraft as a system, covering basic systems engineering, cost and weight estimation, basic aircraft performance, safety and reliability, life cycle topics, aircraft subsystems, risk analysis and management, and system realization. Small student teams retrospectively analyze an existing aircraft covering: key design drivers and decisions; aircraft attributes and subsystems; operational experience. Oral and written versions of the case study are delivered. Focuses on a systems engineering analysis of the Space Shuttle. Studies both design and operations of the shuttle, with frequent lectures by outside experts. Students choose specific shuttle systems for detailed analysis and develop new subsystem designs using state of the art technology.<I>R. J. Hansman, M. Drela</I>No required or recommended textbooks</p><!--end-->","title":"16.885 Aircraft Systems Engineering","time":"2:00 p.m. - 3:00 p.m.","location":"33-21","meets":"Tuesday,Thursday"}