{"id":"16.842","school":"MIT","subject":"Aeronautics and Astronautics","semester":"Fall","description":"<a name=\"16.842\"></a><p><h3>16.842 Fundamentals of Systems Engineering</h3>  ()Prereq: Permission of instructorUnits: 2-0-4<b>Lecture:</b> <i>F1-3</i> (<a href=\"http://whereis.mit.edu/map-jpg?mapterms=33\">33-218</a>)<!--s-->General introduction to systems engineering using the classical V-model. Topics include stakeholder analysis, requirements definition, system architecture and concept generation, trade-space exploration and concept selection, human factors, design definition and optimization, system integration and interface management, system safety, verification and validation, and commissioning and operations. Discusses the trade-offs between performance, life-cycle cost and system operability. Readings based on systems engineering standards. Individual homework assignments apply concepts from class and contain both aeronautical and astronautical applications. Prepares students for the systems field exam in the Department of Aeronautics and Astronautics.<I>N. G. Leveson</I>No textbook information available</p><!--end-->","title":"16.842 Fundamentals of Systems Engineering","time":"1:00 p.m. - 2:00 p.m.","location":"33-21","meets":"Friday"}