{"id":"16.810","school":"MIT","subject":"Aeronautics and Astronautics","semester":"Fall","description":"<a name=\"16.810\"></a><p><h3>16.810J Engineering Design and Rapid Prototyping</h3>  ()(Same subject as <A HREF=\"mESDa.html#ESD.035\">ESD.035J</A>)Prereq: <a href=\"m16a.html#16.01\">16.01</a>, <a href=\"m16a.html#16.02\">16.02</a> or <a href=\"m2a.html#2.001\">2.001</a>, <a href=\"m2a.html#2.002\">2.002</a> or permission of instructorUnits: 2-4-0Develops initial competency in engineering design by taking a holistic view. Conceiving, designing, manufacturing and testing a system component such as a complex structural part. Activities include hand sketching, CAD modeling, CAE analysis, CAM programming, and operation of CNC machining equipment. Focuses on the complementary roles of human creativity as well as the design process itself. Designs are executed by pairs of students who enter their products in a design competition. Enrollment may be limited.<I>O. de Weck</I></p><!--end--><a name=\"16.82\"></a><p><h3>16.82 Flight Vehicle Engineering</h3>  ()Prereq: Permission of instructorUnits: 3-3-6<b>Lecture:</b> <i>TR2-5</i> (<a href=\"http://whereis.mit.edu/map-jpg?mapterms=33\">33-419</a>)<!--s-->Design of an atmospheric flight vehicle to satisfy stated performance, stability, and control requirements. Emphasizes individual initiative, application of fundamental principles, and the compromises inherent in the engineering design process. Includes instruction and practice in written and oral communication, through team presentations and a written final report. Offered alternate Spring and Fall terms.<I>M. Drela, R. J. Hansman</I>No required or recommended textbooks</p><!--end-->","title":"16.810J Engineering Design and Rapid Prototyping","time":"2:00 p.m. - 3:00 p.m.","location":"33-41","meets":"Tuesday,Thursday"}