{"id":"16.981","school":"MIT","subject":"Aeronautics and Astronautics","semester":"Fall","description":"<a name=\"16.981\"></a><h3>16.981 Advanced Project</h3>  (, , )  Not offered regularly; consult departmentPrereq: Permission of instructorUnits arrangedStudy, original investigation, or lab project work by qualified students. Topics selected in consultation with instructor. Prior approval required.Consult M. A. StuppardNo textbook information available</p><!--end-->","title":"16.981 Advanced Project"}