{"id":"16.920","school":"MIT","subject":"Aeronautics and Astronautics","semester":"Fall","description":"<a name=\"16.920\"></a><p><h3>16.920J Numerical Methods for Partial Differential Equations</h3>  () (Same subject as <A HREF=\"m2a.html#2.097\">2.097J</A>, <A HREF=\"m6b.html#6.339\">6.339J</A>)Prereq: <a href=\"m18a.html#18.03\">18.03</a> or <a href=\"m18a.html#18.06\">18.06</a>Units: 3-0-9<b>Lecture:</b> <i>MW9.30-11</i> (<a href=\"http://whereis.mit.edu/map-jpg?mapterms=9\">9-354</a>)<!--s-->Covers the fundamentals of modern numerical techniques for a wide range of linear and nonlinear elliptic, parabolic, and hyperbolic partial differential and integral equations. Topics include mathematical formulations; finite difference, finite volume, finite element, and boundary element discretization methods; and direct and iterative solution techniques. The methodologies described form the foundation for computational approaches to engineering systems involving heat transfer, solid mechanics, fluid dynamics, and electromagnetics. Computer assignments requiring programming.<I>Q. Wang, J. K. White</I>No textbook information available</p><!--end-->","title":"16.920J Numerical Methods for Partial Differential Equations","time":"9:00 a.m. - 10:00 a.m.","location":"9-35","meets":"Monday,Wednesday"}