{"id":"1.058","school":"MIT","subject":"Civil and Environmental Engineering","semester":"Fall","description":"<a name=\"1.058\"></a><p><h3>1.058 Structural Dynamics & Vibrations</h3>  ()(Subject meets with <A HREF=\"m1c.html#1.581\">1.581J</A>, <A HREF=\"m2a.html#2.060\">2.060J</A>, <A HREF=\"m16a.html#16.221\">16.221J</A>)Prereq: Permission of instructorUnits: 3-1-8<b>Lecture:</b> <i>MWF10</i> (<a href=\"http://whereis.mit.edu/map-jpg?mapterms=1\">1-390</a>) <b>Recitation:</b> <i>W4</i> (<a href=\"http://whereis.mit.edu/map-jpg?mapterms=1\">1-390</a>)<!--s-->Single- and multiple-degree-of-freedom vibration problems, using matrix formulation and normal mode superposition methods. Time and frequency domain solution techniques including convolution and Fourier transforms. Applications to vibration isolation, damping treatment, and dynamic absorbers. Analysis of continuous systems by exact and approximate methods. Applications to buildings, ships, aircraft and offshore structures. Vibration measurement and analysis techniques. Students should possess basic knowledge in structural mechanics and in linear algebra. Students taking graduate version complete additional assignments.<I>E. Kausel</I>No textbook information available</p><!--end--><a name=\"1.060A\"></a><p><h3>1.060A Fluid Mechanics I(New)</h3>  (); first half of termPrereq: Permission of instructor or <I>Coreq: <a href=\"m18a.html#18.03\">18.03</a></I>Units: 2-1-3Mechanics principles for incompressible fluids. Review of hydrostatics. Conservation of mass, momentum and energy in fluid mechanics. Flow nets, velocity distributions in laminar and turbulent flows, groundwater flows. Momentum and energy principles in hydraulics, with emphasis on open channel flow and hydraulic structures.<I>R. Stocker</I></p><!--end--><a name=\"1.060B\"></a><p><h3>1.060B Fluid Mechanics II(New)</h3>  (); second half of termPrereq: <a href=\"m1a.html#1.060A\">1.060A</a>Units: 2-1-3Mechanics principles for incompressible fluids. Drag and lift forces. Analysis of pipe systems, pumps and turbines. Gradually varied flow in open channels, significance of the Froude number, backwater curves. Application of principles through open-ended studio exercises.<I>R. Stocker</I></p><!--end--><a name=\"1.061A\"></a><p><h3>1.061A Transport Processes in the Environment I(New)</h3>  (); first half of termPrereq: <a href=\"m1a.html#1.060A\">1.060A</a>Units: 2-1-3Ends Oct 17. <b>Lecture:</b> <i>MWF10</i> (<a href=\"http://whereis.mit.edu/map-jpg?mapterms=48\">48-316</a>) <b>Recitation:</b> <i>F11</i> (<a href=\"http://whereis.mit.edu/map-jpg?mapterms=48\">48-316</a>)<!--s-->Introduction to mass transport in environmental flows. Covers derivation and solution to the differential form of mass conservation, hydraulic models for environmental systems, residence time distribution, and molecular and turbulent diffusion for continuous and point sources. Meets with 1.61 first half of term.<I>H. Nepf</I>No required or recommended textbooks</p><!--end--><a name=\"1.061B\"></a><p><h3>1.061B Transport Processes in the Environment II(New)</h3>  (); second half of termPrereq: <a href=\"m1a.html#1.061A\">1.061A</a>Units: 2-1-3Begins Oct 20. <b>Lecture:</b> <i>MWF10</i> (<a href=\"http://whereis.mit.edu/map-jpg?mapterms=48\">48-316</a>) <b>Recitation:</b> <i>F11</i> (<a href=\"http://whereis.mit.edu/map-jpg?mapterms=48\">48-316</a>) <i><b>+final</b></i><!--s-->Continues mass transport in environmental flows, with emphasis on river and lake systems.  Studies dispersion, boundary layers, bed-water exchange, air-water exchange, and particle transport. Meets with 1.61 second half of term.<I>H. Nepf</I>No required or recommended textbooks</p><!--end-->","title":"1.058 Structural Dynamics & Vibrations","time":"10:00 a.m. - 11:00 a.m.","location":"1-39","meets":"Monday,Wednesday,Friday"}