{"id":"1.054","school":"MIT","subject":"Civil and Environmental Engineering","semester":"Fall","description":"Studies strength and deformation of concrete under various states of stress; failure criteria; concrete plasticity; and fracture mechanics concepts. Topics include fundamental behavior of reinforced concrete structural systems and their members; basis for design and code constraints; high-performance concrete materials and their use in innovative design solutions; and yield line theory for slabs. Uses behavior models and nonlinear analysis. Covers complex systems, including bridge structures, concrete shells, and containments. Students taking graduate version complete additional assignments.<br><I>O. Buyukozturk</I><br><a href=\"javascript:PopUpHelp('http://sisapp.mit.edu/textbook/books.html?Term=2015FA&Subject=1.054');\" >Textbooks (Fall 2014)</a></font>","title":"1.054 Mechanics and Design of Concrete Structures","time":"1:00 p.m. - 2:00 p.m.","location":"1-24","meets":"Monday,Wednesday"}