{"id":"1.053","school":"MIT","subject":"Civil and Environmental Engineering","semester":"Fall","description":"Introduction to the dynamics and vibrations of lumped-parameter models of mechanical systems. Kinematics. Force-momentum formulation for systems of particles and rigid bodies in planar motion. Work-energy concepts.  Virtual displacements and virtual work. Lagrange's equations for systems of particles and rigid bodies in planar motion. Linearization of equations of motion. Linear stability analysis of mechanical systems. Free and forced vibration of linear multi-degree of freedom models of mechanical systems; matrix eigenvalue problems.<br><I>J. K. Vandiver, N. C. Makris, N. M. Patrikalakis, T. Peacock, D. Gossard, K. Turitsyn</I><br><a href=\"javascript:PopUpHelp('http://sisapp.mit.edu/textbook/books.html?Term=2015FA&Subject=1.053');\" >Textbooks (Fall 2014)</a></font>","title":"1.053J Dynamics and Control I","time":"9:00 a.m. - 10:00 a.m.","location":"10-25","meets":"Tuesday,Thursday"}