{"id":"1.061B","school":"MIT","subject":"Civil and Environmental Engineering","semester":"Fall","description":"Continues mass transport in environmental flows, with emphasis on river and lake systems.  Studies dispersion, boundary layers, bed-water exchange, air-water exchange, and particle transport. Meets with 1.61 second half of term.<br><I>H. Nepf</I><br>No required or recommended textbooks","title":"1.061B Transport Processes in the Environment II(New)","time":"10:00 a.m. - 11:00 a.m.","location":"48-31","meets":"Monday,Wednesday,Friday"}