{"id":"1.061A","school":"MIT","subject":"Civil and Environmental Engineering","semester":"Fall","description":"Introduction to mass transport in environmental flows. Covers derivation and solution to the differential form of mass conservation, hydraulic models for environmental systems, residence time distribution, and molecular and turbulent diffusion for continuous and point sources. Meets with 1.61 first half of term.<br><I>H. Nepf</I><br>No required or recommended textbooks","title":"1.061A Transport Processes in the Environment I(New)","time":"10:00 a.m. - 11:00 a.m.","location":"48-31","meets":"Monday,Wednesday,Friday"}