{"id":"1.070A","school":"MIT","subject":"Civil and Environmental Engineering","semester":"Fall","description":"Water in the environment; Water resource systems; The hydrologic cycle at its role in the climate system; Surface water and energy balance; evaporation and transpiration through vegetation; Precipitation formation, infiltration, storm runoff, and flood processes; Groundwater aquifers, subsurface flow and the hydraulics of wells.<br><I>D. Entekhabi</I><br>No required or recommended textbooks","title":"1.070AJ Introduction to Hydrology and Water Resources(New)","time":"9:00 a.m. - 10:00 a.m.","location":"48-31","meets":"Tuesday,Thursday"}