{"id":"1.072","school":"MIT","subject":"Civil and Environmental Engineering","semester":"Fall","description":"<a name=\"1.072\"></a><p><h3>1.072 Groundwater Hydrology</h3>  ()(Subject meets with <A HREF=\"m1c.html#1.72\">1.72</A>)Prereq: <a href=\"m1a.html#1.061B\">1.061B</a>Units: 3-1-8<b>Lecture:</b> <i>MW2.30-4</i> (<a href=\"http://whereis.mit.edu/map-jpg?mapterms=48\">48-308</a>) <b>Recitation:</b> <i>TBA</i> <i><b>+final</b></i><!--s-->Presents the fundamentals of subsurface flow and transport, emphasizing the role of groundwater in the hydrologic cycle, the relation of groundwater flow to geologic structure, and the management of contaminated groundwater. Topics include Darcy equation, flow nets, mass conservation, the aquifer flow equation, heterogeneity and anisotropy, storage properties, regional circulation, unsaturated flow, recharge, stream-aquifer interaction, well hydraulics, flow through fractured rock, numerical models, groundwater quality, contaminant transport processes, dispersion, decay, and adsorption. Includes laboratory and computer demonstrations. Students taking graduate version complete additional assignments.<I>C. Harvey</I>No textbook information available</p><!--end-->","title":"1.072 Groundwater Hydrology","time":"2:00 p.m. - 3:00 p.m.","location":"48-30","meets":"Monday,Wednesday"}