{"id":"1.095","school":"MIT","subject":"Civil and Environmental Engineering","semester":"Fall","description":"<a name=\"1.095\"></a><p><h3>1.095 Teaching Practicum in Civil and Environmental Engineering</h3>  (, , , ) Prereq: Permission of instructorUnits arrangedTBA. <!--s-->Students work as unpaid laboratory, tutorial, or classroom assistants under supervision of a faculty member. Limited to Undergraduate Teaching Fellows and graders in Course 1.StaffNo textbook information available</p><!--end--><h2>Undergraduate Laboratory Subjects</h2>","title":"1.095 Teaching Practicum in Civil and Environmental Engineering"}