{"id":"1.125","school":"MIT","subject":"Civil and Environmental Engineering","semester":"Fall","description":"Software architecting and design of  software-intensive systems. Targeted at future CTOs who must understand both the business and technical issues involved in architecting enterprise-scale systems. Student teams confront technically challenging problems. Lectures and readings cover core database, XML, web server components and browser issues in a distributed web service environment. Enrollment limited.<br><I>J. Williams, A. Sanchez</I><br>No required or recommended textbooks","title":"1.125J Architecting & Engineering Software Systems","time":"12:00 p.m. - 1:00 p.m.","location":"9-05","meets":"Tuesday,Thursday"}