{"id":"1.204","school":"MIT","subject":"Civil and Environmental Engineering","semester":"Fall","description":"<a name=\"1.204\"></a><p><h3>1.204 Computer Modeling: From Human Mobility to Transportation Networks</h3>  () Prereq: <a href=\"m1a.html#1.001\">1.001</a>, <a href=\"m1a.html#1.010\">1.010</a>; or permission of instructorUnits: 3-0-9<b>Lecture:</b> <i>TR1-2.30</i> (<a href=\"http://whereis.mit.edu/map-jpg?mapterms=5\">5-134</a>)<!--s-->Introduces methods for modeling individual travels at a country scale. Reviews basic concepts of data analysis, modeling, and visualization techniques. Topics include data mining to identify the structure inherent in daily behavior; introduction to fractals, random walks and methods to analyze trajectories. Algorithms to model and characterize complex networks, and their applications to daily commuting, air travels, and roads. Includes weekly open laptop exercises based on the data sets and methods from the research papers covered in class. Exposes students to the current challenges and opportunities in networks applied to human mobility.<I>M. C. Gonzalez</I>No required or recommended textbooks</p><!--end-->","title":"1.204 Computer Modeling: From Human Mobility to Transportation Networks","time":"1:00 p.m. - 2:00 p.m.","location":"5-13","meets":"Tuesday,Thursday"}