{"id":"1.255","school":"MIT","subject":"Civil and Environmental Engineering","semester":"Fall","description":"<a name=\"1.255\"></a><p><h3>1.255 Transportation MEng Project</h3>  (, , ) Prereq: None. <I>Coreq: <a href=\"m1b.html#1.201\">1.201</a></I>Units: 5-0-10<b>Lecture:</b> <i>W10-12</i> (<a href=\"http://whereis.mit.edu/map-jpg?mapterms=1\">1-273</a>)<!--s-->Students work on projects related to ongoing MIT research programs with agencies, industries and government, such as  Transport for London, or related transportation projects in the Boston area. An in-depth planning and design study is carried out as a group effort. Students must register for 1.255 for the Fall term, IAP, and the Spring term. Preference to Course 1 MEng students.<I>Staff</I>No required or recommended textbooks</p><!--end-->","title":"1.255 Transportation MEng Project","time":"10:00 a.m. - 11:00 a.m.","location":"1-27","meets":"Wednesday"}