{"id":"1.252","school":"MIT","subject":"Civil and Environmental Engineering","semester":"Fall","description":"<a name=\"1.252\"></a><p><h3>1.252J Urban Transportation Planning</h3>  () (Same subject as <A HREF=\"m11c.html#11.540\">11.540J</A>, <A HREF=\"mESDa.html#ESD.225\">ESD.225J</A>)Prereq: Permission of instructorUnits: 3-0-9<b>Lecture:</b> <i>F2-5</i> (<a href=\"http://whereis.mit.edu/map-jpg?mapterms=5\">5-217</a>)<!--s-->Studies the history, policy, practice and politics of urban transportation. Covers the role of the federal, state, and local government and the MPO, public transit in the auto era, analysis of current trends and pattern breaks; analytical tools for transportation planning, traffic engineering and policy analysis; the contribution of transportation to air pollution, social costs and climate change; land use and transportation interactions; traffic and place making; bicycles, pedestrians, and traffic calming. Examples from the Boston area and from Bilbao.<I>Staff</I>No textbook information available</p><!--end-->","title":"1.252J Urban Transportation Planning","time":"2:00 p.m. - 3:00 p.m.","location":"5-21","meets":"Friday"}