{"id":"1.255","school":"MIT","subject":"Civil and Environmental Engineering","semester":"Fall","description":"Students work on projects related to ongoing MIT research programs with agencies, industries and government, such as  Transport for London, or related transportation projects in the Boston area. An in-depth planning and design study is carried out as a group effort. Students must register for 1.255 for the Fall term, IAP, and the Spring term. Preference to Course 1 MEng students.<br><I>Staff</I><br>No required or recommended textbooks","title":"1.255 Transportation MEng Project","time":"10:00 a.m. - 11:00 a.m.","location":"1-27","meets":"Wednesday"}