{"id":"1.264","school":"MIT","subject":"Civil and Environmental Engineering","semester":"Fall","description":"<a name=\"1.264\"></a><p><h3>1.264J Database, Internet, and Systems Integration Technologies</h3>  () (Same subject as <A HREF=\"mESDa.html#ESD.264\">ESD.264J</A>)Prereq: Permission of instructorUnits: 5-0-7<b>Lecture:</b> <i>MW12.30-2.30</i> (<a href=\"http://whereis.mit.edu/map-jpg?mapterms=1\">1-390</a>)<!--s-->Addresses information technology fundamentals, including project management and software processes, data modeling, UML, relational databases and SQL. Covers internet technologies, such as XML, web services, and service-oriented architectures. Provides an introduction to security and presents the fundamentals of telecommunications. Includes a project that involves requirements/design, data model, database implementation, website, security and data network. No prior programming experience required.<I>C. Cassa</I><a href=\"javascript:PopUpHelp('http://sisapp.mit.edu/textbook/books.html?Term=2015FA&Subject=1.264');\" >Textbooks (Fall 2014)</a></font></p><!--end-->","title":"1.264J Database, Internet, and Systems Integration Technologies","time":"12:00 p.m. - 1:00 p.m.","location":"1-39","meets":"Monday,Wednesday"}