{"id":"1.265","school":"MIT","subject":"Civil and Environmental Engineering","semester":"Fall","description":"<a name=\"1.265\"></a><p><h3>1.265J Global Supply Chain Management</h3>  () (Same subject as <A HREF=\"m2c.html#2.965\">2.965J</A>, <A HREF=\"m15c.html#15.765\">15.765J</A>, <A HREF=\"mESDa.html#ESD.265\">ESD.265J</A>)Prereq: <a href=\"m1b.html#1.260\">1.260</a>, <a href=\"m1b.html#1.261\">1.261</a>, <a href=\"m15c.html#15.761\">15.761</a>, <a href=\"m15c.html#15.778\">15.778</a>, or permission of instructorUnits: 2-0-4Focuses on the planning, processes, and activities of supply chain management for companies involved in international commerce. Students examine the end-to-end processes and operational challenges in managing global supply chains, such as the basics of global trade, international transportation, duty, taxes, trade finance and hedging, currency issues, outsourcing, cultural differences, risks and security, and green supply chains issues. Highly interactive format features student-led discussions, staged debates, and a mock trial. Includes assignments on case studies and sourcing analysis, as well as projects and a final exam.<I>B. Arntzen</I></p><!--end--><a name=\"1.27\"></a><p><h3>1.27 Studies in Transportation</h3>  (, , )  Prereq: Permission of instructorUnits arrangedTBA. <!--s-->Individual advanced study of a topic in transportation systems, selected with the approval of the instructor.<I>Staff</I>No required or recommended textbooks (Summer 2014); No textbook information available (Fall 2014)</p><!--end-->","title":"1.265J Global Supply Chain Management"}