{"id":"1.364","school":"MIT","subject":"Civil and Environmental Engineering","semester":"Fall","description":"Site characterization and geotechnical aspects of the design and construction of foundation systems. Topics include site investigation (with emphasis on <I>in situ</i> testing), shallow (footings and raftings) and deep (piles and caissons) foundations, excavation support systems, groundwater control, slope stability, soil improvement (compaction, soil reinforcement, etc.), and construction monitoring. Core requirement for Geotechnical MEng program.<br><I>A. Whittle</I><br>No required or recommended textbooks","title":"1.364 Advanced Geotechnical Engineering","time":"10:00 a.m. - 11:00 a.m.","location":"1-27","meets":"Monday,Wednesday"}