{"id":"1.37","school":"MIT","subject":"Civil and Environmental Engineering","semester":"Fall","description":"Application of testing principles to the measurement of fundamental aspects of soil behavior from classification to engineering properties. Emphasis on rigorous techniques to measure mechanical behavior under various boundary conditions. Exposure to error estimation, research devices, geotechnical field exploration, and <I>in situ</I> testing. Extensive laboratory experiments to explore geotechnical test equipment and techniques. Laboratory use of testing automation and electronic instrumentation. Experiments include data analysis, evaluation, and presentation.<br><I>J. Germaine</I><br>No required or recommended textbooks","title":"1.37 Geotechnical Measurements and Exploration","time":"12:00 p.m. - 1:00 p.m.","location":"5-23","meets":"Monday,Wednesday"}