{"id":"1.541","school":"MIT","subject":"Civil and Environmental Engineering","semester":"Fall","description":"<a name=\"1.541\"></a><p><h3>1.541 Mechanics and Design of Concrete Structures</h3>  () (Subject meets with <A HREF=\"m1a.html#1.054\">1.054</A>)Prereq: <a href=\"m1a.html#1.035\">1.035</a>Units: 3-0-9<b>Lecture:</b> <i>MW1-2.30</i> (<a href=\"http://whereis.mit.edu/map-jpg?mapterms=1\">1-246</a>)<!--s-->Studies strength and deformation of concrete under various states of stress; failure criteria; concrete plasticity; and fracture mechanics concepts. Topics include fundamental behavior of reinforced concrete structural systems and their members; basis for design and code constraints; high-performance concrete materials and their use in innovative design solutions; and yield line theory for slabs. Uses behavior models and nonlinear analysis. Covers complex systems, including bridge structures, concrete shells, and containments. Students taking graduate version complete additional assignments.<I>O. Buyukozturk</I><a href=\"javascript:PopUpHelp('http://sisapp.mit.edu/textbook/books.html?Term=2015FA&Subject=1.541');\" >Textbooks (Fall 2014)</a></font></p><!--end-->","title":"1.541 Mechanics and Design of Concrete Structures","time":"1:00 p.m. - 2:00 p.m.","location":"1-24","meets":"Monday,Wednesday"}