{"id":"1.561","school":"MIT","subject":"Civil and Environmental Engineering","semester":"Fall","description":"Presents a rational basis for the preliminary design of motion-sensitive structures. Topics include: analytical and numerical techniques for establishing the optimal stiffness distribution, the role of damping in controlling motion, tuned mass dampers, base isolation systems, and an introduction to active structural control. Examples illustrating the application of the motion-based design paradigm to building structures subjected to wind and seismic excitation are discussed.<br><I>J. J. Connor, Jr.</I><br>No required or recommended textbooks","title":"1.561 Motion-Based Design","time":"10:00 a.m. - 11:00 a.m.","location":"1-24","meets":"Wednesday,Friday"}