{"id":"1.573","school":"MIT","subject":"Civil and Environmental Engineering","semester":"Fall","description":"<a name=\"1.573\"></a><p><h3>1.573J Structural Mechanics</h3>  () (Same subject as <A HREF=\"m2a.html#2.080\">2.080J</A>)Prereq: <a href=\"m2a.html#2.002\">2.002</a>Units: 4-0-8URL: <a href=\"http://deslab.mit.edu/DesignLab/courses/13.10/1310.html\">http://deslab.mit.edu/DesignLab/courses/13.10/1310.html</a><b>Lecture:</b> <i>MW2.30-4</i> (<a href=\"http://whereis.mit.edu/map-jpg?mapterms=2\">2-105</a>) <b>Recitation:</b> <i>F9</i> (<a href=\"http://whereis.mit.edu/map-jpg?mapterms=5\">5-217</a>)<!--s-->Presents fundamental concepts of structural mechanics with applications to marine, civil, and mechanical structures. Covers residual stresses; thermal effects; analysis of beams, columns, tensioned beams, trusses, frames, arches, cables, and shafts of general shape and material, including composites; elastic buckling of columns; exact and approximate methods, energy methods, principle of virtual work, and introduction to computational structural mechanics.<I>T. Wierzbicki, J. J. Connor, Jr., H. Schmidt</I>No required or recommended textbooks</p><!--end-->","title":"1.573J Structural Mechanics","time":"2:00 p.m. - 3:00 p.m.","location":"2-10","meets":"Monday,Wednesday"}