{"id":"1.572","school":"MIT","subject":"Civil and Environmental Engineering","semester":"Fall","description":"<a name=\"1.572\"></a><p><h3>1.572 Structural Systems</h3>  () Prereq: Permission of instructorUnits: 3-0-6<b>Lecture:</b> <i>T EVE (4-7 PM)</i> (<a href=\"http://whereis.mit.edu/map-jpg?mapterms=5\">5-134</a>) <i><b>+final</b></i><!--s-->Designed to complement general structural analysis classes.  Provides an understanding of the full range of structures and structural forms, including how they are designed and built. Develops skills necessary for conceptual design work, such as how to visualize options and judge their relative advantages in a qualitative manner. Case studies demonstrate how to conceive a structural form and consider its various options, and to understand assembly and construction methods intrinsic to the real behavior of the final structure.<I>Staff</I>No textbook information available</p><!--end-->","title":"1.572 Structural Systems","time":"","location":"5-13","meets":"Tuesday"}