{"id":"1.581","school":"MIT","subject":"Civil and Environmental Engineering","semester":"Fall","description":"Single- and multiple-degree-of-freedom vibration problems, using matrix formulation and normal mode superposition methods. Time and frequency domain solution techniques including convolution and Fourier transforms. Applications to vibration isolation, damping treatment, and dynamic absorbers. Analysis of continuous systems by exact and approximate methods. Applications to buildings, ships, aircraft and offshore structures. Vibration measurement and analysis techniques. Students should possess basic knowledge in structural mechanics and in linear algebra. Students taking graduate version complete additional assignments.<br><I>E. Kausel, J. K. Vandiver</I><br>No textbook information available","title":"1.581J Structural Dynamics and Vibrations","time":"10:00 a.m. - 11:00 a.m.","location":"1-39","meets":"Monday,Wednesday,Friday"}