{"id":"1.61","school":"MIT","subject":"Civil and Environmental Engineering","semester":"Fall","description":"Introduces mass transport in environmental flows, with emphasis on river and lake systems. Covers derivation and solutions to the differential form of mass conservation equations. Topics include molecular and turbulent diffusion, boundary layers, dissolution, bed-water exchange, air-water exchange, and particle transport. Meets with 1.061A first half of term and 1.061B second half of term.<br><I>H. M. Nepf</I><br>No required or recommended textbooks","title":"1.61 Transport Processes in the Environment","time":"10:00 a.m. - 11:00 a.m.","location":"48-31","meets":"Monday,Wednesday,Friday"}