{"id":"1.66","school":"MIT","subject":"Civil and Environmental Engineering","semester":"Fall","description":"Individual study in advanced topics as arranged between individual students and staff. Choice of subjects from theoretical, experimental, and practical phases of hydromechanics, hydraulic engineering, water resources, hydrology, and environmental engineering.<br><I>Staff</I><br>No required or recommended textbooks (Summer 2014); No textbook information available (Fall 2014)","title":"1.66 Problems in Water Resources and Environmental Engineering"}