{"id":"1.685","school":"MIT","subject":"Civil and Environmental Engineering","semester":"Fall","description":"<a name=\"1.685\"></a><p><h3>1.685J Nonlinear Dynamics and Waves</h3>  () (Same subject as <A HREF=\"m2a.html#2.034\">2.034J</A>, <A HREF=\"m18a.html#18.377\">18.377J</A>)Prereq: Permission of instructorUnits: 3-0-9A unified treatment of nonlinear oscillations and wave phenomena with applications to mechanical, optical, geophysical, fluid, electrical and flow-structure interaction problems. Nonlinear free and forced vibrations; nonlinear resonances; self-excited oscillations; lock-in phenomena.  Nonlinear dispersive and nondispersive waves; resonant wave interactions; propagation of wave pulses and nonlinear Schrodinger equation.  Nonlinear long waves and breaking; theory of characteristics; the Korteweg-de Vries equation; solitons and solitary wave interactions.  Stability of shear flows.  Some topics and applications may vary from year to year.<I>T. R. Akylas, R. R. Rosales</I></p><!--end--><a name=\"1.69\"></a><p><h3>1.69 Introduction to Coastal Engineering</h3>  () Prereq: <a href=\"m1a.html#1.061B\">1.061B</a>Units: 4-0-8<b>Lecture:</b> <i>TR1-2.30</i> (<a href=\"http://whereis.mit.edu/map-jpg?mapterms=54\">54-823</a>) <i><b>+final</b></i><!--s-->Basic hydrodynamics of waves in deep and shallow water. Linear theory, dispersion, superposition, and spectral representation. Energy, energy transport, and dissipation by bottom friction. Refraction and diffraction by breakwaters. Some nonlinear aspects and wave breaking. Emphasizes physical interpretation of mathematical results and their engineering application. Storm surges, coastal circulation, and forecasting of wind-wave characteristics. Wind-wave statistics, wave forces on piles, and breakwater stability.<I>J. Trowbridge</I>No textbook information available</p><!--end-->","title":"1.685J Nonlinear Dynamics and Waves","time":"1:00 p.m. - 2:00 p.m.","location":"54-82","meets":"Tuesday,Thursday"}