{"id":"1.69","school":"MIT","subject":"Civil and Environmental Engineering","semester":"Fall","description":"Basic hydrodynamics of waves in deep and shallow water. Linear theory, dispersion, superposition, and spectral representation. Energy, energy transport, and dissipation by bottom friction. Refraction and diffraction by breakwaters. Some nonlinear aspects and wave breaking. Emphasizes physical interpretation of mathematical results and their engineering application. Storm surges, coastal circulation, and forecasting of wind-wave characteristics. Wind-wave statistics, wave forces on piles, and breakwater stability.<br><I>J. Trowbridge</I><br>No textbook information available","title":"1.69 Introduction to Coastal Engineering","time":"1:00 p.m. - 2:00 p.m.","location":"54-82","meets":"Tuesday,Thursday"}