{"id":"1.819","school":"MIT","subject":"Civil and Environmental Engineering","semester":"Fall","description":"Presents thought processes and quantitative tools, including life-cycle assessment (LCA) and the LEED and ENVSION rating systems, applicable to integrated design of buildings and horizontal infrastructure with the goal of minimizing the waste of materials, energy, and water. Readings, lectures, site visits, and assignments encourage systematic thinking and interdisciplinary collaboration to make sustainable design a reality. Includes a team project of students' choice, such as a conceptual design of a sustainable new building, a \"green\" retrofit, or a comparative LCA.<br><I>J. Connor, J. Ochsendorf</I><br>No required or recommended textbooks","title":"1.819J Design for Sustainability","time":"12:00 p.m. - 1:00 p.m.","location":"5-21","meets":"Thursday"}