{"id":"1.813","school":"MIT","subject":"Civil and Environmental Engineering","semester":"Fall","description":"Investigates sustainable development, taking a broad view to include not only a healthy economic base, but also a sound environment, stable employment, adequate purchasing power, distributional equity, national self-reliance, and maintenance of cultural integrity. Explores national, multinational, and international political and legal mechanisms to further sustainable development through transformation of the industrial state.   Addresses the importance of technological innovation and the financial crisis of 2008.<br><I>N. Ashford</I><br><a href=\"javascript:PopUpHelp('http://sisapp.mit.edu/textbook/books.html?Term=2015FA&Subject=1.813');\" >Textbooks (Fall 2014)</a></font>","title":"1.813J Technology, Globalization, and Sustainable Development"}