{"id":"1.819","school":"MIT","subject":"Civil and Environmental Engineering","semester":"Fall","description":"<a name=\"1.819\"></a><p><h3>1.819J Design for Sustainability</h3>  () (Same subject as <A HREF=\"m4d.html#4.447\">4.447J</A>)Prereq: Permission of instructorUnits: 2-0-4URL: <a href=\"http://architecture.mit.edu/subject/fall-2014-4447\">http://architecture.mit.edu/subject/fall-2014-4447</a><b>Lecture:</b> <i>R12.30-2.30</i> (<a href=\"http://whereis.mit.edu/map-jpg?mapterms=5\">5-217</a>)<!--s-->Presents thought processes and quantitative tools, including life-cycle assessment (LCA) and the LEED and ENVSION rating systems, applicable to integrated design of buildings and horizontal infrastructure with the goal of minimizing the waste of materials, energy, and water. Readings, lectures, site visits, and assignments encourage systematic thinking and interdisciplinary collaboration to make sustainable design a reality. Includes a team project of students' choice, such as a conceptual design of a sustainable new building, a \"green\" retrofit, or a comparative LCA.<I>J. Connor, J. Ochsendorf</I>No required or recommended textbooks</p><!--end--><a name=\"1.83\"></a><p><h3>1.83 Environmental Organic Chemistry</h3>  () (Subject meets with <A HREF=\"m1c.html#1.831\">1.831</A>)Prereq: <a href=\"m5b.html#5.60\">5.60</a>, <a href=\"m18a.html#18.03\">18.03</a>Units: 4-0-8<b>Lecture:</b> <i>MW1-2.30</i> (<a href=\"http://whereis.mit.edu/map-jpg?mapterms=48\">48-316</a>) <b>Recitation:</b> <i>F2</i> (<a href=\"http://whereis.mit.edu/map-jpg?mapterms=48\">48-316</a>) <i><b>+final</b></i><!--s-->Focuses on the processes affecting organic compounds in the environment.  Uses physical chemical properties to predict chemical transfers between environmental compartments (air, water, sediments, and biota). Uses molecular structure-reactivity relationships to estimate chemical, photochemical, and biochemical transformation rates. Resulting process models are combined to predict environmental concentrations (and related biological exposures) of anthropogenic and natural organic compounds.  Graduate students taking 1.83 for H-level credit have additional reading and homework emphasizing structure-activity relationships.<I>P. M. Gschwend</I><a href=\"javascript:PopUpHelp('http://sisapp.mit.edu/textbook/books.html?Term=2015FA&Subject=1.83');\" >Textbooks (Fall 2014)</a></font></p><!--end-->","title":"1.819J Design for Sustainability","time":"12:00 p.m. - 1:00 p.m.","location":"5-21","meets":"Thursday"}