{"id":"1.899","school":"MIT","subject":"Civil and Environmental Engineering","semester":"Fall","description":"<a name=\"1.899\"></a><p><h3>1.899 Career Reengineering Program and Professional Development Workshops</h3>  ()Prereq: Permission of instructorUnits: 1-0-0 [P/D/F]For students in the 10-month Career Reengineering Program sponsored by the School of Engineering. Limited to CRP fellows.StaffNo textbook information available</p><!--end--><h2>Special Studies</h2><a name=\"1.95\"></a><p><h3>1.95J Teaching College-Level Science and Engineering</h3>  ()(Same subject as <A HREF=\"m5b.html#5.95\">5.95J</A>, <A HREF=\"m6c.html#6.982\">6.982J</A>, <A HREF=\"m7a.html#7.59\">7.59J</A>, <A HREF=\"m8b.html#8.395\">8.395J</A>, <A HREF=\"m18a.html#18.094\">18.094J</A>)(Subject meets with <A HREF=\"m2c.html#2.978\">2.978</A>)Prereq: NoneUnits: 2-0-2 [P/D/F]<b>Lecture:</b> <i>R9-11</i> (<a href=\"http://whereis.mit.edu/map-jpg?mapterms=4\">4-149</a>)<!--s-->Participatory seminar focuses on the knowledge and skills necessary for teaching science and engineering in higher education. Topics include theories of adult learning; course development; promoting active learning, problemsolving, and critical thinking in students; communicating with a diverse student body; using educational technology to further learning; lecturing; creating effective tests and assignments; and assessment and evaluation. Students research and present a relevant topic of particular interest. Appropriate for both novices and those with teaching experience.<I>J. Rankin</I>No required or recommended textbooks</p><!--end-->","title":"1.899 Career Reengineering Program and Professional Development Workshops","time":"9:00 a.m. - 10:00 a.m.","location":"4-14","meets":"Thursday"}