{"id":"1.982","school":"MIT","subject":"Civil and Environmental Engineering","semester":"Fall","description":"<a name=\"1.982\"></a><p><h3>1.982 Research in Civil and Environmental Engineering</h3>  (, , , ) Prereq: NoneUnits arranged [P/D/F]TBA. <!--s-->For research assistants in the department, when assigned research is not used for thesis but is approved for academic credit. Credit for this subject may not be used for any degree granted by Course 1.Consult Department Academic Programs OfficeNo required or recommended textbooks</p><!--end-->","title":"1.982 Research in Civil and Environmental Engineering"}