{"id":"1.999","school":"MIT","subject":"Civil and Environmental Engineering","semester":"Fall","description":"<a name=\"1.999\"></a><p><h3>1.999 Undergraduate Studies in Civil and Environmental Engineering</h3>  (, , ) Prereq: NoneUnits arrangedTBA. <!--s-->Individual study, research, or laboratory investigations under faculty supervision.Consult Department Academic Programs OfficeNo textbook information available</p><!--end-->","title":"1.999 Undergraduate Studies in Civil and Environmental Engineering"}