{"id":"1.EPW","school":"MIT","subject":"Civil and Environmental Engineering","semester":"Fall","description":"Develops foundational skills for the world of practice in science, technology, and engineering. Sophomores receive classroom instruction, and one-on-one and small-group coaching in basics of professional identity building. They attend field trips to local employers and receive job interview practice, coached by industry volunteers. Over IAP, students attend a weeklong Team Training Camp of experiential learning modules - led by MIT faculty with the help of MIT alums and other senior professionals in business, engineering, and science where students participate in creative simulations, team problem-solving challenges, and oral presentations, and practice networking with employers. Enrollment limited.<br><I>Staff</I><br>No textbook information available","title":"1.EPW UPOP Engineering Practice Workshop"}