{"id":"1.S82","school":"MIT","subject":"Civil and Environmental Engineering","semester":"Fall","description":"Advanced study of topics not covered in the regular subject listings, particularly seminar, laboratory, and experimental subjects offered by permanent or visiting faculty. Addresses topics in environmental microbiology, ecological genomics, microbial evolution and population genetics, oceanography, biogeochemical processes, environmental organic chemistry and aquatic chemistry.<br><I>S. W. Chisholm, E. DeLong, M. F. Polz, R. Stocker, E. J. Alm, J. Thompson, P. M. Gschwend, H. F. Hemond</I><br>No textbook information available","title":"1.S82 Special Problems in Environmental Microbiology and Chemistry"}