{"id":"1.S979","school":"MIT","subject":"Civil and Environmental Engineering","semester":"Fall","description":"Graduate subjects taught experimentally; subjects offered by visiting faculty; and seminars on topics of current interest not included in the regular curriculum. 1.978 is taught P/D/F.<br>Consult Department Academic Programs Office<br>No textbook information available","title":"1.S979 Special Graduate Subject in Civil and Environmental Engineering","time":"","location":"48-31","meets":"Tuesday"}