{"id":"1.THG","school":"MIT","subject":"Civil and Environmental Engineering","semester":"Fall","description":"<a name=\"1.THG\"></a><p><h3>1.THG Graduate Thesis</h3>  (, , )  Prereq: Permission of instructorUnits arrangedTBA. <!--s-->Program of research leading to the writing of an SM, MEng, CE, PhD, or ScD thesis; to be arranged by the student and an appropriate MIT faculty member.Consult Department Academic Programs OfficeNo required or recommended textbooks</p><!--end-->","title":"1.THG Graduate Thesis"}