{"id":"1.URG","school":"MIT","subject":"Civil and Environmental Engineering","semester":"Fall","description":"<a name=\"1.URG\"></a><h3>1.URG Research in Civil and Environmental Engineering</h3>  (, , , ) Prereq: NoneUnits arrangedTBA. <!--s-->Individual research or laboratory study under faculty supervision. Also opportunities in ongoing research program.<I>Consult Department Academic Programs Office</I>No required or recommended textbooks (Summer 2014); Textbooks arranged individually (Fall 2014)</p><!--end-->","title":"1.URG Research in Civil and Environmental Engineering"}