{"id":"10.03","school":"MIT","subject":"Chemical Engineering","semester":"Fall","description":"Seminar examines how biopharmaceuticals, an increasingly important class of pharmaceuticals, are manufactured. Topics range from fundamental bioprocesses to new technologies to the economics of biomanufacturing. Also covers the impact of globalization on regulation and quality approaches as well as supply chain integrity. Students taking graduate version complete additional assignments.<br><I>J. C. Love, A. Sinskey, S. Springs</I><br>No required or recommended textbooks","title":"10.03 Advances in Biomanufacturing","time":"11:00 a.m. - 12:00 p.m.","location":"66-15","meets":"Tuesday,Thursday"}