{"id":"10.01","school":"MIT","subject":"Chemical Engineering","semester":"Fall","description":"Integrates classical readings that provide an overview of ethics with a survey of case studies that focus on ethical problems arising in the practice of engineering. Readings taken from a variety of sources, such as Aristotle, Machiavelli, Bacon, Hobbes, Locke, the Founding Fathers, and the Bible. Case studies include written analyses and films that address engineering disasters, biotechnology, court cases, ethical codes, and the ultimate scope and aims of engineering.<br><I>D. Doneson, B. L. Trout</I><br>No textbook information available","title":"10.01 Ethics for Engineers","time":"3:00 p.m. - 4:00 p.m.","location":"66-14","meets":"Monday"}