{"id":"10.10","school":"MIT","subject":"Chemical Engineering","semester":"Fall","description":"The diverse applications of chemical engineering are explored through example problems. Solutions require application of fundamental concepts of mass and energy conservation to batch and continuous systems, involving chemical and biological processes. Computer skills and the elements of engineering design are taught in the context of these example problems. The objective is to acquaint the student with the field of chemical engineering and to enable use of computer methods to solve chemical and biological engineering problems.<br><I>B. S. Johnston, P. T. Hammond, W. H. Dalzell</I><br><a href=\"javascript:PopUpHelp('http://sisapp.mit.edu/textbook/books.html?Term=2015FA&Subject=10.10');\" >Textbooks (Fall 2014)</a></font>","title":"10.10 Introduction to Chemical Engineering","time":"2:00 p.m. - 3:00 p.m.","location":"56-11","meets":"Monday,Wednesday,Friday"}