{"id":"10.213","school":"MIT","subject":"Chemical Engineering","semester":"Fall","description":"<a name=\"10.213\"></a><p><h3>10.213 Chemical and Biological Engineering Thermodynamics</h3>  ()Prereq: <a href=\"m5b.html#5.60\">5.60</a>, <a href=\"m10a.html#10.10\">10.10</a>Units: 4-0-8Thermodynamics of multicomponent, multiphase chemical and biological systems. Applications of first, second, and third laws of thermodynamics to open and closed systems. Properties of mixtures, including colligative properties, chemical reaction equilibrium, and phase equilibrium; non-ideal solutions; power cycles; refrigeration; separation systems.<I>K. K. Gleason, H. D. Sikes</I></p><!--end--><a name=\"10.22\"></a><p><h3>10.22 Molecular Engineering</h3>  ()Prereq: <a href=\"m5b.html#5.60\">5.60</a>, <a href=\"m10a.html#10.213\">10.213</a>Units: 3-0-9Introduces molecular concepts in relation to engineering thermodynamics. Includes topics in statistical mechanics, molecular description of gases and liquids, property estimation, description of equilibrium and dynamic properties of fluids from molecular principles, and kinetics of activated processes. Also covers some basic aspects of molecular simulation and applications in systems of engineering interest.<I>G. C. Rutledge, P. S. Doyle</I></p><!--end--><a name=\"10.25\"></a><p><h3>10.25 Industrial Chemistry and Chemical Process Pathways</h3>  () Prereq: <a href=\"./search.cgi?search=&cred=c\" title=\"3.091, 5.111, 5.112\">Chemistry (GIR)</a>, <a href=\"m10a.html#10.213\">10.213</a>, <a href=\"m10a.html#10.37\">10.37</a>Units: 3-0-6<b>Lecture:</b> <i>MWF12</i> (<a href=\"http://whereis.mit.edu/map-jpg?mapterms=66\">66-168</a>)<!--s-->Chemical and engineering principles involved in creation and operation of viable industrial processes. Topics: analysis of process chemistry by p-pathways (i.e., radical, ionic, and pericyclic reactions of organic syntheses) and d-pathways (i.e., catalysis by transition-metal complexes). Use of reaction mechanisms for inference of co-product formation, kinetics, and equilibria: process synthesis logic related to reaction selectivity, recycle, separations. Illustrations drawn from current and contemplated commercial practice.<I>P. S. Virk</I>No required or recommended textbooks</p><!--end--><a name=\"10.26\"></a><p><h3>10.26 Chemical Engineering Projects Laboratory</h3>  ()(Subject meets with <A HREF=\"m10a.html#10.27\">10.27</A>, <A HREF=\"m10a.html#10.29\">10.29</A>)Prereq: <a href=\"m2b.html#2.671\">2.671</a>, <a href=\"m3a.html#3.014\">3.014</a>, <a href=\"m5a.html#5.310\">5.310</a>, <a href=\"m7a.html#7.02\">7.02</a>, <a href=\"m12a.html#12.335\">12.335</a>, or <a href=\"m1a.html#1.106\">1.106</a> and <a href=\"m1a.html#1.107\">1.107</a>; <a href=\"m10a.html#10.302\">10.302</a>; or permission of instructorUnits: 3-8-4URL: <a href=\"http://web.mit.edu/10.26/www/\">http://web.mit.edu/10.26/www/</a>Projects in applied chemical engineering research. Students work in teams on one project for the term. Projects often suggested by local industry. Includes training in research planning and project management, execution of experimental work, data analysis, oral presentation skills and individual report writing, and team-building.<I>C. K. Colton, B. S. Johnston, B. D. Burrell, G. C. Rutledge</I></p><!--end--><a name=\"10.27\"></a><p><h3>10.27 Energy Engineering Projects Laboratory</h3>  ()(Subject meets with <A HREF=\"m10a.html#10.26\">10.26</A>, <A HREF=\"m10a.html#10.29\">10.29</A>)Prereq: <a href=\"m2b.html#2.671\">2.671</a>, <a href=\"m3a.html#3.014\">3.014</a>, <a href=\"m5a.html#5.310\">5.310</a>, <a href=\"m7a.html#7.02\">7.02</a>, <a href=\"m12a.html#12.335\">12.335</a>, or <a href=\"m1a.html#1.106\">1.106</a> and <a href=\"m1a.html#1.107\">1.107</a>; <a href=\"m10a.html#10.302\">10.302</a>; or permission of instructorUnits: 3-8-4Projects in applied energy engineering research. Students work in teams on one project for the term. Projects often suggested by local industry. Includes training in research planning and project management, execution of experimental work, data analysis, oral presentation skills and technical report writing, and team-building. Projects consider social science issues in addition to technical issues. Intended for students with diverse technical backgrounds. Preference to Energy Studies minors.<I>C. K. Colton, M. S. Strano, J. F. Hamel, W. A. Tisdale, G. Stephanopoulos</I></p><!--end--><a name=\"10.28\"></a><p><h3>10.28 Chemical-Biological Engineering Laboratory</h3>  ()Prereq: <a href=\"m5a.html#5.310\">5.310</a> or <a href=\"m10a.html#10.702\">10.702</a>; <a href=\"m7a.html#7.05\">7.05</a> or <a href=\"m5a.html#5.07\">5.07</a>; or permission of instructorUnits: 2-8-5URL: <a href=\"http://web.mit.edu/10.28/www\">http://web.mit.edu/10.28/www</a><b>Lecture:</b> <i>M3-5</i> (<a href=\"http://whereis.mit.edu/map-jpg?mapterms=66\">66-168</a>) <b>Lab:</b> <i>WF1-5</i> (<a href=\"http://whereis.mit.edu/map-jpg?mapterms=66\">66-0042</a>)<!--s-->Introduces the complete design of the bioprocess: from vector selection to production, separation, and characterization of recombinant products. Utilize concepts from many fields, such as, chemical and electrical engineering, and biology. Student teams work through parallel modules spanning microbial fermentation and animal cell culture. With the bioreactor at the core of the experiments, students study cell metabolism and biological pathways, kinetics of cell growth and product formation, oxygen mass transport, scale-up and techniques for the design of process control loops. Introduces novel bioreactors and powerful analytical instrumentation. Downstream processing and recombinant product purification also included. Enrollment limited.<I>J.-F. Hamel, Greg Stephanopoulos</I>No required or recommended textbooks</p><!--end--><a name=\"10.29\"></a><p><h3>10.29 Biological Engineering Projects Laboratory</h3>  ()(Subject meets with <A HREF=\"m10a.html#10.26\">10.26</A>, <A HREF=\"m10a.html#10.27\">10.27</A>)Prereq: <a href=\"m2b.html#2.671\">2.671</a>, <a href=\"m3a.html#3.014\">3.014</a>, <a href=\"m5a.html#5.310\">5.310</a>, <a href=\"m7a.html#7.02\">7.02</a>, <a href=\"m12a.html#12.335\">12.335</a>, or <a href=\"m1a.html#1.106\">1.106</a> and <a href=\"m1a.html#1.107\">1.107</a>; <a href=\"m10a.html#10.302\">10.302</a>; or permission of instructorUnits: 3-8-4Projects in applied biological engineering research. Students work in teams on one project for the term. Projects often suggested by local industry. Includes training in research planning and project management, execution of experimental work, data analysis, oral presentation skills and report writing, and team-building.<I>C. K. Colton, J. F. Hamel, D. G. Anderson</I></p><!--end-->","title":"10.213 Chemical and Biological Engineering Thermodynamics","time":"12:00 p.m. - 1:00 p.m.","location":"66-16","meets":"Monday,Wednesday,Friday"}