{"id":"10.291","school":"MIT","subject":"Chemical Engineering","semester":"Fall","description":"<a name=\"10.291\"></a><p><h3>10.291J Introduction to Sustainable Energy</h3>  ()(Same subject as <A HREF=\"m2b.html#2.650\">2.650J</A>, <A HREF=\"m22a.html#22.081\">22.081J</A>)(Subject meets with <A HREF=\"m1c.html#1.818\">1.818J</A>, <A HREF=\"m2b.html#2.65\">2.65J</A>, <A HREF=\"m10a.html#10.391\">10.391J</A>, <A HREF=\"m11c.html#11.371\">11.371J</A>, <A HREF=\"m22c.html#22.811\">22.811J</A>, <A HREF=\"mESDa.html#ESD.166\">ESD.166J</A>)Prereq: Permission of instructorUnits: 3-1-8<b>Lecture:</b> <i>TR3-5</i> (<a href=\"http://whereis.mit.edu/map-jpg?mapterms=32\">32-155</a>) <b>Recitation:</b> <i>F11</i> (<a href=\"http://whereis.mit.edu/map-jpg?mapterms=32\">32-144</a>)<!--s-->Assessment of current and potential future energy systems. Covers resources, extraction, conversion, and end-use technologies, with emphasis on meeting 21st-century regional and global energy needs in a sustainable manner. Examines various renewable and conventional energy production technologies, energy end-use practices and alternatives, and consumption practices in different countries. Investigates their attributes within a quantitative analytical framework for evaluation of energy technology system proposals. Emphasizes analysis of energy propositions within an engineering, economic and social context. Students taking graduate version complete additional assignments. Limited to juniors and seniors.<I>M. W. Golay</I><a href=\"javascript:PopUpHelp('http://sisapp.mit.edu/textbook/books.html?Term=2015FA&Subject=10.291');\" >Textbooks (Fall 2014)</a></font></p><!--end-->","title":"10.291J Introduction to Sustainable Energy","time":"3:00 p.m. - 4:00 p.m.","location":"32-15","meets":"Tuesday,Thursday"}