{"id":"10.333","school":"MIT","subject":"Chemical Engineering","semester":"Fall","description":"<a name=\"10.333\"></a><p><h3>10.333 Introduction to Modeling and Simulation</h3>  () Engineering School-Wide Elective Subject. (Offered under: <A HREF=\"m1a.html#1.021\">1.021</A>, <A HREF=\"m3a.html#3.021\">3.021</A>, <A HREF=\"m10a.html#10.333\">10.333</A>, <A HREF=\"m22a.html#22.00\">22.00</A>)Prereq: <a href=\"m18a.html#18.03\">18.03</a>, <a href=\"m3a.html#3.016\">3.016</a>, or permission of instructorUnits: 4-0-8<b>Lecture:</b> <i>TR3-4.30</i> (<a href=\"http://whereis.mit.edu/map-jpg?mapterms=4\">4-153</a>) <b>Recitation:</b> <i>M4</i> (<a href=\"http://whereis.mit.edu/map-jpg?mapterms=4\">4-145</a>) or <i>F9</i> (<a href=\"http://whereis.mit.edu/map-jpg?mapterms=4\">4-149</a>)<!--s-->Basic concepts of computer modeling and simulation in science and engineering. Uses techniques and software for simulation, data analysis and visualization. Continuum, mesoscale, atomistic and quantum methods used to study fundamental and applied problems in physics, chemistry, materials science, mechanics, engineering, and biology. Examples drawn from the disciplines above are used to understand or characterize complex structures and materials, and complement experimental observations.<I>M. Buehler, M. Demkowicz</I>No required or recommended textbooks</p><!--end--><a name=\"10.34\"></a><p><h3>10.34 Numerical Methods Applied to Chemical Engineering</h3>  () Prereq: Permission of instructorUnits: 3-0-6URL: <a href=\"http://web.mit.edu/10.34/www/\">http://web.mit.edu/10.34/www/</a><b>Lecture:</b> <i>MWF11</i> (<a href=\"http://whereis.mit.edu/map-jpg?mapterms=66\">66-110</a>) <i><b>+final</b></i><!--s-->Numerical methods for solving problems arising in heat and mass transfer, fluid mechanics, chemical reaction engineering, and molecular simulation. Topics: numerical linear algebra, solution of nonlinear algebraic equations and ordinary differential equations, solution of partial differential equations (e.g. Navier-Stokes), numerical methods in molecular simulation (dynamics, geometry optimization). All methods are presented within the context of chemical engineering problems. Familiarity with structured programming is assumed.<I>R. D. Braatz, J. W. Swan</I>No required or recommended textbooks</p><!--end--><a name=\"10.37\"></a><p><h3>10.37 Chemical Kinetics and Reactor Design</h3>  ()Prereq: <a href=\"m5b.html#5.60\">5.60</a>, <a href=\"m10a.html#10.301\">10.301</a>Units: 3-0-6URL: <a href=\"http://web.mit.edu/10.37/www/\">http://web.mit.edu/10.37/www/</a>Applies the concepts of reaction rate, stoichiometry and equilibrium to the analysis of chemical and biological reacting systems. Derivation of rate expressions from reaction mechanisms and equilibrium or steady state assumptions. Design of chemical and biochemical reactors via synthesis of chemical kinetics, transport phenomena, and mass and energy balances. Topics: chemical/biochemical pathways; enzymatic, pathway and cell growth kinetics; batch, plug flow and well-stirred reactors for chemical reactions and cultivations of microorganisms and mammalian cells; heterogeneous and enzymatic catalysis; heat and mass transport in reactors, including diffusion to and within catalyst particles and cells or immoblized enzymes.<I>K. D. Wittrup, Y. Roman</I></p><!--end-->","title":"10.333 Introduction to Modeling and Simulation","time":"3:00 p.m. - 4:00 p.m.","location":"4-15","meets":"Tuesday,Thursday"}