{"id":"10.34","school":"MIT","subject":"Chemical Engineering","semester":"Fall","description":"Numerical methods for solving problems arising in heat and mass transfer, fluid mechanics, chemical reaction engineering, and molecular simulation. Topics: numerical linear algebra, solution of nonlinear algebraic equations and ordinary differential equations, solution of partial differential equations (e.g. Navier-Stokes), numerical methods in molecular simulation (dynamics, geometry optimization). All methods are presented within the context of chemical engineering problems. Familiarity with structured programming is assumed.<br><I>R. D. Braatz, J. W. Swan</I><br>No required or recommended textbooks","title":"10.34 Numerical Methods Applied to Chemical Engineering","time":"11:00 a.m. - 12:00 p.m.","location":"66-11","meets":"Monday,Wednesday,Friday"}