{"id":"10.392","school":"MIT","subject":"Chemical Engineering","semester":"Fall","description":"<a name=\"10.392\"></a><p><h3>10.392J Fundamentals of Advanced Energy Conversion</h3>  () (Same subject as <A HREF=\"m2b.html#2.62\">2.62J</A>, <A HREF=\"m22b.html#22.40\">22.40J</A>)Prereq: <a href=\"m2a.html#2.006\">2.006</a>, or <a href=\"m2a.html#2.051\">2.051</a> and <a href=\"m2a.html#2.06\">2.06</a>, or permission of instructorUnits: 4-0-8Credit cannot also be received for <A HREF=\"m2b.html#2.60\">2.60</A>, <A HREF=\"m10a.html#10.390\">10.390</A>Fundamentals of thermodynamics, chemistry, and transport applied to energy systems. Analysis of energy conversion and storage in thermal, mechanical, chemical, and electrochemical processes in power and transportation systems, with emphasis on efficiency, performance and environmental impact. Applications to fuel reforming and alternative fuels, hydrogen, fuel cells and batteries, combustion, catalysis, combined and hybrid power cycles using fossil, nuclear and renewable resources. CO<SUB>2</SUB> separation and capture. Biomass energy. Meets with 2.60 when offered concurrently; students taking the graduate version complete additional assignments.<I>A. F. Ghoniem, W. Green, M. Kazimi</I></p><!--end--><a name=\"10.40\"></a><p><h3>10.40 Chemical Engineering Thermodynamics</h3>  () Prereq: <a href=\"m10a.html#10.213\">10.213</a>Units: 4-0-8<b>Lecture:</b> <i>TR9-11</i> (<a href=\"http://whereis.mit.edu/map-jpg?mapterms=66\">66-110</a>) <i><b>+final</b></i><!--s-->Basic postulates of classical thermodynamics. Application to transient open and closed systems. Criteria of stability and equilibria. Constitutive property models of pure materials and mixtures emphasizing molecular-level effects using the formalism of statistical mechanics. Phase and chemical equilibria of multicomponent systems. Applications emphasized through extensive problem work relating to practical cases.<I>D. Blankschtein</I><a href=\"javascript:PopUpHelp('http://sisapp.mit.edu/textbook/books.html?Term=2015FA&Subject=10.40');\" >Textbooks (Fall 2014)</a></font></p><!--end-->","title":"10.392J Fundamentals of Advanced Energy Conversion","time":"9:00 a.m. - 10:00 a.m.","location":"66-11","meets":"Tuesday,Thursday"}