{"id":"10.490","school":"MIT","subject":"Chemical Engineering","semester":"Fall","description":"<a name=\"10.490\"></a><p><h3>10.490 Integrated Chemical Engineering I</h3>  (); first half of termPrereq: <a href=\"m10a.html#10.37\">10.37</a>Units: 3-0-5Ends Nov 4. <b>Lecture:</b> <i>MTRF10</i> (<a href=\"http://whereis.mit.edu/map-jpg?mapterms=66\">66-168</a>) or <i>MTRF11</i> (<a href=\"http://whereis.mit.edu/map-jpg?mapterms=66\">66-168</a>)<!--s--><a href=\"javascript:PopUpHelp('http://sisapp.mit.edu/textbook/books.html?Term=2015FA&Subject=10.490');\" >Textbooks (Fall 2014)</a></font>","title":"10.490 Integrated Chemical Engineering I","time":"10:00 a.m. - 11:00 a.m.","location":"66-16","meets":"Monday,Tuesday,Thursday,Friday"}