{"id":"10.492","school":"MIT","subject":"Chemical Engineering","semester":"Fall","description":"<a name=\"10.492\"></a><p><h3>10.492 Integrated Chemical Engineering Topics I</h3>  (); second half of termPrereq: <a href=\"m10a.html#10.301\">10.301</a> and permission of instructorUnits: 2-0-2URL: <a href=\"http://web.mit.edu/cheme/\">http://web.mit.edu/cheme/</a>Begins Nov 6. <b>Lecture:</b> <i>MTRF10</i> (<a href=\"http://whereis.mit.edu/map-jpg?mapterms=66\">66-168</a>) or <i>MTRF11</i> (<a href=\"http://whereis.mit.edu/map-jpg?mapterms=66\">66-168</a>, <a href=\"http://whereis.mit.edu/map-jpg?mapterms=66\">66-144</a>)<!--s-->No required or recommended textbooks","title":"10.492 Integrated Chemical Engineering Topics I","time":"10:00 a.m. - 11:00 a.m.","location":"66-16","meets":"Monday,Tuesday,Thursday,Friday"}