{"id":"10.499","school":"MIT","subject":"Chemical Engineering","semester":"Fall","description":"<a name=\"10.499\"></a><p><h3>10.499J Tissue Engineering for Analysis, Prevention, and Treatment of Human Disease</h3>  ()(Same subject as <A HREF=\"m20a.html#20.360\">20.360J</A>)Prereq: <a href=\"m5a.html#5.07\">5.07</a> or <a href=\"m7a.html#7.05\">7.05</a>; <a href=\"m7a.html#7.03\">7.03</a>; <a href=\"m18a.html#18.03\">18.03</a>; <a href=\"m20a.html#20.110\">20.110</a> or <a href=\"m5b.html#5.60\">5.60</a>Units: 3-0-6Analysis of fundamental processes in tissue engineering with an emphasis on use of comparative animal models and in vitro tissue engineered models to understand human disease and develop therapies for human disease and for regenerating human tissues and organs.  using representative examples of metabolic tissue (e.g., liver) and connective tissue (e.g., bone). Design principles and engineering approaches (e.g., use of synthetic materials) for controlling receptor-mediated processes such as cell migration, growth, and differentiation. Mass transfer limitations in design of devices for cell encapsulation and in scaffold-guided regeneration. Guided organization of multicellular structures. Current clinical prospects.<I>Staff</I></p><!--end--><a name=\"10.50\"></a><p><h3>10.50 Analysis of Transport Phenomena</h3>  () Prereq: <a href=\"m10a.html#10.301\">10.301</a>, <a href=\"m10a.html#10.302\">10.302</a>Units: 4-0-8<b>Lecture:</b> <i>MWF1-2.30</i> (<a href=\"http://whereis.mit.edu/map-jpg?mapterms=66\">66-110</a>) <i><b>+final</b></i><!--s-->Unified treatment of heat transfer, mass transfer, and fluid mechanics, emphasizing scaling concepts in formulating models and analytical methods for obtaining solutions. Topics include conduction and diffusion, laminar flow regimes, convective heat and mass transfer, and simultaneous heat and mass transfer with chemical reaction or phase change.<I>W. M. Deen, M. Z. Bazant</I><a href=\"javascript:PopUpHelp('http://sisapp.mit.edu/textbook/books.html?Term=2015FA&Subject=10.50');\" >Textbooks (Fall 2014)</a></font></p><!--end--><a name=\"10.52\"></a><p><h3>10.52 Mechanics of Fluids</h3>  () Not offered regularly; consult departmentPrereq: <a href=\"m10a.html#10.50\">10.50</a>Units: 3-0-6Advanced subject in fluid and continuum mechanics. Content includes kinematics, macroscopic balances for linear and angular momentum, the stress tensor, creeping flows and the lubrication approximation, the boundary layer approximation, linear stability theory, and some simple turbulent flows.<I>Staff</I></p><!--end-->","title":"10.499J Tissue Engineering for Analysis, Prevention, and Treatment of Human Disease","time":"1:00 p.m. - 2:00 p.m.","location":"66-11","meets":"Monday,Wednesday,Friday"}