{"id":"10.40","school":"MIT","subject":"Chemical Engineering","semester":"Fall","description":"Basic postulates of classical thermodynamics. Application to transient open and closed systems. Criteria of stability and equilibria. Constitutive property models of pure materials and mixtures emphasizing molecular-level effects using the formalism of statistical mechanics. Phase and chemical equilibria of multicomponent systems. Applications emphasized through extensive problem work relating to practical cases.<br><I>D. Blankschtein</I><br><a href=\"javascript:PopUpHelp('http://sisapp.mit.edu/textbook/books.html?Term=2015FA&Subject=10.40');\" >Textbooks (Fall 2014)</a></font>","title":"10.40 Chemical Engineering Thermodynamics","time":"9:00 a.m. - 10:00 a.m.","location":"66-11","meets":"Tuesday,Thursday"}