{"id":"10.467","school":"MIT","subject":"Chemical Engineering","semester":"Fall","description":"Experiments broadly aimed at acquainting students with the range of properties of polymers, methods of synthesis, and physical chemistry. Examples: solution polymerization of acrylamide, bead polymerization of divinylbenzene, interfacial polymerization of nylon 6,10. Evaluation of networks by tensile and swelling experiments. Rheology of polymer solutions and suspensions. Physical properties of natural and silicone rubber. Preference to Course 10 seniors and juniors.<br><I>J. C. Love, D. G. Anderson</I><br>No required or recommended textbooks","title":"10.467 Polymer Science Laboratory","time":"1:00 p.m. - 2:00 p.m.","location":"66-16","meets":"Monday,Tuesday"}