{"id":"10.537","school":"MIT","subject":"Chemical Engineering","semester":"Fall","description":"Develops and applies scaling laws and the methods of continuum mechanics to biomechanical phenomena over a range of length scales. Topics include structure of tissues and the molecular basis for macroscopic properties; chemical and electrical effects on mechanical behavior; cell mechanics, motility and adhesion; biomembranes; biomolecular mechanics and molecular motors. Experimental methods for probing structures at the tissue, cellular, and molecular levels.<br><I>R. D. Kamm, K. Van Vliet</I><br>No required or recommended textbooks","title":"10.537J Molecular, Cellular, and Tissue Biomechanics","time":"10:00 a.m. - 11:00 a.m.","location":"9-15","meets":"Tuesday,Thursday"}