{"id":"10.568","school":"MIT","subject":"Chemical Engineering","semester":"Fall","description":"<a name=\"10.568\"></a><p><h3>10.568 Physical Chemistry of Polymers</h3>  (, ) Prereq: <a href=\"m5b.html#5.60\">5.60</a>, <a href=\"m10a.html#10.213\">10.213</a>, or <a href=\"m10a.html#10.40\">10.40</a>Units: 3-0-6<b>Lecture:</b> <i>TR11-12.30</i> (<a href=\"http://whereis.mit.edu/map-jpg?mapterms=24\">24-121</a>)<!--s-->Chain macromolecules as random coils (unperturbed, expanded) and as other shapes. Statistical thermodynamics of interpenetrating random coiling polymers in solution with application to phase separations, swelling of networks, depression of melting point. The isolated chain molecule in dilute solutions analyzed for mass or size by static methods (osmometry, light scattering, neutron scattering) and by dynamic methods (intrinsic viscosity, size exclusion chromatography, sedimentation). Introduction to chain dynamics and to rubber elasticity.<I>R. E. Cohen</I><a href=\"javascript:PopUpHelp('http://sisapp.mit.edu/textbook/books.html?Term=2015FA&Subject=10.568');\" >Textbooks (Fall 2014)</a></font></p><!--end-->","title":"10.568 Physical Chemistry of Polymers","time":"11:00 a.m. - 12:00 p.m.","location":"24-12","meets":"Tuesday,Thursday"}