{"id":"10.547","school":"MIT","subject":"Chemical Engineering","semester":"Fall","description":"<a name=\"10.547\"></a><p><h3>10.547J Principles and Practice of Drug Development</h3>  () (Same subject as <A HREF=\"m7a.html#7.547\">7.547J</A>, <A HREF=\"m15a.html#15.136\">15.136J</A>, <A HREF=\"mESDa.html#ESD.691\">ESD.691J</A>, <A HREF=\"mHSTb.html#HST.920\">HST.920J</A>)Prereq: Permission of instructorUnits: 3-0-6URL: <a href=\"http://hst-hu-mit.mit.edu/courses/HST920.shtml\">http://hst-hu-mit.mit.edu/courses/HST920.shtml</a><b>Lecture:</b> <i>R EVE (3-6 PM)</i> (<a href=\"http://whereis.mit.edu/map-jpg?mapterms=4\">4-163</a>)<!--s-->Description and critical assessment of the major issues and stages of developing a pharmaceutical or biopharmaceutical. Drug discovery, preclinical development, clinical investigation, manufacturing and regulatory issues considered for small and large molecules. Economic and financial considerations of the drug development process. Multidisciplinary perspective from faculty in clinical; life; and management sciences; as well as industry guests.<I>T. J. Allen, C. L. Cooney, S. N. Finkelstein, A. J. Sinskey, G. K. Raju</I>No required or recommended textbooks</p><!--end-->","title":"10.547J Principles and Practice of Drug Development","time":"","location":"4-16","meets":"Thursday"}