{"id":"10.637","school":"MIT","subject":"Chemical Engineering","semester":"Fall","description":"Addresses both the theory and application of first-principles computer simulations methods (i.e., quantum, chemical, or electronic structure), including Hartree-Fock theory, density functional theory, and correlated wavefunction methods. Covers enhanced sampling, ab initio molecular dynamics, and transition-path-finding approaches as well as errors and accuracy in total and free energies. Discusses applications such as the study and prediction of properties of chemical systems, including heterogeneous, molecular, and biological catalysts (enzymes), and physical properties of materials. Students taking graduate version complete additional assignments. Limited to 30.<br><I>H. J. Kulik</I><br>No required or recommended textbooks","title":"10.637 Quantum Chemical Simulation(New)","time":"4:00 p.m. - 5:00 p.m.","location":"26-16","meets":"Tuesday,Thursday"}