{"id":"10.668","school":"MIT","subject":"Chemical Engineering","semester":"Fall","description":"Concepts of statistical mechanics and thermodynamics applied to macromolecules: polymer conformations in melts, solutions, and gels; Rotational Isomeric State theory, Markov processes and molecular simulation methods applied to polymers; incompatibility and segregation in incompressible and compressible systems; molecular theory of viscoelasticity; relation to scattering and experimental measurements.<br><I>G. C. Rutledge, A. Alexander-Katz</I><br><a href=\"javascript:PopUpHelp('http://sisapp.mit.edu/textbook/books.html?Term=2015FA&Subject=10.668');\" >Textbooks (Fall 2014)</a></font>","title":"10.668J Statistical Mechanics of Polymers","time":"11:00 a.m. - 12:00 p.m.","location":"66-15","meets":"Tuesday,Thursday"}