{"id":"10.668","school":"MIT","subject":"Chemical Engineering","semester":"Fall","description":"<a name=\"10.668\"></a><p><h3>10.668J Statistical Mechanics of Polymers</h3>  () (Same subject as <A HREF=\"m3b.html#3.941\">3.941J</A>)Prereq: <a href=\"m10a.html#10.568\">10.568</a> or permission of instructorUnits: 3-0-9<b>Lecture:</b> <i>TR11-12.30</i> (<a href=\"http://whereis.mit.edu/map-jpg?mapterms=66\">66-154</a>)<!--s-->Concepts of statistical mechanics and thermodynamics applied to macromolecules: polymer conformations in melts, solutions, and gels; Rotational Isomeric State theory, Markov processes and molecular simulation methods applied to polymers; incompatibility and segregation in incompressible and compressible systems; molecular theory of viscoelasticity; relation to scattering and experimental measurements.<I>G. C. Rutledge, A. Alexander-Katz</I><a href=\"javascript:PopUpHelp('http://sisapp.mit.edu/textbook/books.html?Term=2015FA&Subject=10.668');\" >Textbooks (Fall 2014)</a></font></p><!--end-->","title":"10.668J Statistical Mechanics of Polymers","time":"11:00 a.m. - 12:00 p.m.","location":"66-15","meets":"Tuesday,Thursday"}