{"id":"10.792","school":"MIT","subject":"Chemical Engineering","semester":"Fall","description":"<a name=\"10.792\"></a><p><h3>10.792J Global Operations Leadership Seminar</h3>  (, ) (Same subject as <A HREF=\"m2c.html#2.890\">2.890J</A>, <A HREF=\"m15c.html#15.792\">15.792J</A>, <A HREF=\"m16b.html#16.985\">16.985J</A>)Prereq: NoneUnits arranged [P/D/F]<b>Lecture:</b> <i>M EVE (4-6 PM)</i> (<a href=\"http://whereis.mit.edu/map-jpg?mapterms=E62\">E62-262</a>)<!--s-->Integrative forum in which worldwide leaders in business, finance, government, sports, and education share their experiences and insights with students aspiring to run global operations. Students play a large role in managing the seminar. Preference to LGO students.<I>D. B. Rosenfield</I>No textbook information available</p><!--end-->","title":"10.792J Global Operations Leadership Seminar"}