{"id":"10.702","school":"MIT","subject":"Chemical Engineering","semester":"Fall","description":"<a name=\"10.702\"></a><p><h3>10.702J Introduction to Experimental Biology and Communication</h3>  (, ) (Same subject as <A HREF=\"m7a.html#7.02\">7.02J</A>)Prereq: <a href=\"./search.cgi?search=&cred=b\" title=\"7.012, 7.013, 7.014, 7.015, 7.016\">Biology (GIR)</a>Units: 4-8-61st mtg 9/4 mandatory. <b>Lecture:</b> <i>TR11</i> (<a href=\"http://whereis.mit.edu/map-jpg?mapterms=4\">4-270</a>) <b>Lab:</b> <i>TR1-5</i> (<a href=\"http://whereis.mit.edu/map-jpg?mapterms=68\">68-074</a>) or <i>WF1-5</i> (<a href=\"http://whereis.mit.edu/map-jpg?mapterms=68\">68-074</a>) <b>Recitation:</b> <i>M9-11</i> (<a href=\"http://whereis.mit.edu/map-jpg?mapterms=4\">4-253</a>) or <i>M1-3</i> (<a href=\"http://whereis.mit.edu/map-jpg?mapterms=4\">4-253</a>, <a href=\"http://whereis.mit.edu/map-jpg?mapterms=4\">4-146</a>) or <i>T9-11</i> (<a href=\"http://whereis.mit.edu/map-jpg?mapterms=4\">4-144</a>, <a href=\"http://whereis.mit.edu/map-jpg?mapterms=66\">66-156</a>) or <i>W9-11</i> (<a href=\"http://whereis.mit.edu/map-jpg?mapterms=68\">68-121</a>) or <i>R9-11</i> (<a href=\"http://whereis.mit.edu/map-jpg?mapterms=4\">4-146</a>) <i><b>+final</b></i><!--s-->Introduction to the experimental concepts and methods of molecular biology, biochemistry, and genetic analysis. Emphasis on experimental design, critical data analysis, and the development of written communications skills. 12 units may be applied to the General Institute Laboratory Requirement. Concurrent registration with 7.03 strongly recommended. Enrollment limited.Fall: <I>L. Boyer, P. Gupta, K. D. Wittrup</I>Spring: <I>M. Gehring,  T. Schwartz, K. D. Wittrup</I>No textbook information available</p><!--end--><a name=\"10.74\"></a><p><h3>10.74J Radiative Transfer</h3>  () (Same subject as <A HREF=\"m2b.html#2.58\">2.58J</A>)Prereq: <a href=\"m2b.html#2.51\">2.51</a>, <a href=\"m10a.html#10.302\">10.302</a>, or permission of instructorUnits: 3-0-9Principles of thermal radiation and their application to engineering heat and photon transfer problems. Quantum and classical models of radiative properties of materials, electromagnetic wave theory for thermal radiation, radiative transfer in absorbing, emitting, and scattering media, and coherent laser radiation. Applications cover laser-material interactions, imaging, infrared instrumentation, global warming, semiconductor manufacturing, combustion, furnaces, and high temperature processing.<I>G. Chen</I></p><!--end-->","title":"10.702J Introduction to Experimental Biology and Communication","time":"11:00 a.m. - 12:00 p.m.","location":"4-27","meets":"Tuesday,Thursday"}