{"id":"10.807","school":"MIT","subject":"Chemical Engineering","semester":"Fall","description":"Students work in teams to develop commercialization strategies for innovative research projects generated in MIT laboratories. Projects cover critical aspects of commercialization, from selecting the target application and market for the technology to developing an intellectual property strategy and performing a competitive analysis. Instruction provided in communication and teamwork skills, as well as analysis of the challenges and benefits of technology transfer. Includes lectures, guest speakers, and extensive team coaching. Designed primarily for students in engineering, science, and management. Applications, resumes, and a brief statement of interest are required prior to registration.<br><I>F. Murray, L. Perez-Breva, N. Afeyan</I><br>No required or recommended textbooks","title":"10.807J Innovation Teams","time":"Wednesday 4:00 p.m. - 5:00 p.m.; Friday 9:00 a.m. - 10:00 a.m.","location":"32-12","meets":"Wednesday,Friday"}