{"id":"10.990","school":"MIT","subject":"Chemical Engineering","semester":"Fall","description":"<a name=\"10.990\"></a><p><h3>10.990 Introduction to Chemical Engineering Research</h3>  ()Prereq: NoneUnits: 2-4-0 [P/D/F]<b>Lecture:</b> <i>TR2</i> (<a href=\"http://whereis.mit.edu/map-jpg?mapterms=66\">66-110</a>) <b>Lab:</b> <i>W3</i> (<a href=\"http://whereis.mit.edu/map-jpg?mapterms=66\">66-110</a>)<!--s-->Introduction to research in chemical engineering by faculty of chemical engineering department. Focus is on recent developments and research projects available to new graduate students.<I>K. F. Jensen, P. S. Doyle</I>No required or recommended textbooks</p><!--end-->","title":"10.990 Introduction to Chemical Engineering Research","time":"2:00 p.m. - 3:00 p.m.","location":"66-11","meets":"Tuesday,Thursday"}