{"id":"10.956","school":"MIT","subject":"Chemical Engineering","semester":"Fall","description":"<a name=\"10.956\"></a><p><h3>10.956 Seminar in Atomistic Simulation</h3>  (, ) Prereq: Permission of instructorUnits: 2-0-4 [P/D/F]<b>Lecture:</b> <i>F1-3</i> (<a href=\"http://whereis.mit.edu/map-jpg?mapterms=E17\">E17-502</a>)<!--s-->Seminar allows students to present their research to other students and staff. The research topics include electronic structure theory, computational chemistry techniques, and density functional theory with a focus on applications to catalysis and materials science.<I>H. J. Kulik</I>No required or recommended textbooks</p><!--end-->","title":"10.956 Seminar in Atomistic Simulation"}