{"id":"10.982","school":"MIT","subject":"Chemical Engineering","semester":"Fall","description":"In-depth discussion of fundamental physical relationships underlying techniques commonly used in the study of colloids and surfaces with a focus on recent advances and experimental applications. Topics have included the application of steady-state and time-resolved fluorescence spectroscopies, infrared spectroscopy, and scanning probe microscopies.<br><I>T. A. Hatton</I><br>No required or recommended textbooks","title":"10.982 Seminar in Experimental Colloid and Surface Chemistry","time":"","location":"66-36","meets":"Tuesday"}