{"id":"10.953","school":"MIT","subject":"Chemical Engineering","semester":"Fall","description":"<a name=\"10.953\"></a><p><h3>10.953 Seminar in Heterogeneous Catalysis</h3>  (, ) Prereq: NoneUnits: 2-0-4 [P/D/F]<b>Lecture:</b> <i>R12-2</i> (<a href=\"http://whereis.mit.edu/map-jpg?mapterms=E17\">E17-517</a>)<!--s-->Students present their research to other students and staff. Research topics include heterogeneous catalysis, design of catalytic materials, biomass conversion, biofuels, and CO<sub>2</sub> utilization.<I>Y. Roman</I>No required or recommended textbooks</p><!--end-->","title":"10.953 Seminar in Heterogeneous Catalysis"}