{"id":"10.969","school":"MIT","subject":"Chemical Engineering","semester":"Fall","description":"<a name=\"10.969\"></a><p><h3>10.969 Molecular Engineering Seminar</h3>  (, ) Prereq: Permission of instructorUnits: 2-0-4 [P/D/F]<b>Lecture:</b> <i>W12-2</i> (<a href=\"http://whereis.mit.edu/map-jpg?mapterms=E19\">E19-758</a>)<!--s-->Seminar allows students to present their research to other students and staff.  Research topics include molecular simulations techniques and applications, and molecular engineering of pharmaceutical and biopharmaceutical processes and formulations.<I>B. L. Trout</I>No required or recommended textbooks</p><!--end-->","title":"10.969 Molecular Engineering Seminar"}