{"id":"10.981","school":"MIT","subject":"Chemical Engineering","semester":"Fall","description":"<a name=\"10.981\"></a><p><h3>10.981 Seminar in Colloid and Interface Science</h3>  (, ) Prereq: Permission of instructorUnits: 2-0-4 [P/D/F]<b>Lecture:</b> <i>T2-4</i> (<a href=\"http://whereis.mit.edu/map-jpg?mapterms=66\">66-269</a>)<!--s-->Review of current topics in colloid and interface science. Topics include statistical mechanics and thermodynamics of micellar solutions, self-assembling systems, and microemulsions; solubilization of simple ions, amino acids, and proteins in reversed micelles; enzymatic reactions in reversed micelles; phase equilibria in colloidal systems; interfacial phenomena in colloidal systems; biomedical aspects of colloidal systems.<I>D. Blankschtein</I>No required or recommended textbooks</p><!--end-->","title":"10.981 Seminar in Colloid and Interface Science","time":"2:00 p.m. - 3:00 p.m.","location":"66-26","meets":"Tuesday"}