{"id":"10.967","school":"MIT","subject":"Chemical Engineering","semester":"Fall","description":"<a name=\"10.967\"></a><p><h3>10.967 Seminar in Protein-Polymer Materials Engineering</h3>  (, ) Prereq: Permission of instructorUnits: 2-0-4 [P/D/F]<b>Lecture:</b> <i>F9-11</i> (<a href=\"http://whereis.mit.edu/map-jpg?mapterms=E17\">E17-517</a>)<!--s-->Research seminar covers topics on protein-based polymeric materials. Specific topics include bioelectronic materials, protein-polymer hybrids, and nanostructured proteins and polymers.<I>B. D. Olsen</I>No required or recommended textbooks</p><!--end-->","title":"10.967 Seminar in Protein-Polymer Materials Engineering"}