{"id":"10.989","school":"MIT","subject":"Chemical Engineering","semester":"Fall","description":"<a name=\"10.989\"></a><p><h3>10.989 Seminar in Biotechnology</h3>  (, ) Prereq: Permission of instructorUnits: 2-0-4 [P/D/F]<b>Lecture:</b> <i>R12-2</i> (<a href=\"http://whereis.mit.edu/map-jpg?mapterms=66\">66-360</a>)<!--s-->Research seminars, presented by graduate students and visitors from industry and academia, covering a broad range of topics of current interest in biotechnology. Discussion focuses on generic questions with potential biotechnological applications and the quest for solutions through a coordinated interdisciplinary approach.<I>Gr. Stephanopoulos</I>No required or recommended textbooks</p><!--end-->","title":"10.989 Seminar in Biotechnology","time":"12:00 p.m. - 1:00 p.m.","location":"66-36","meets":"Thursday"}