{"id":"10.970","school":"MIT","subject":"Chemical Engineering","semester":"Fall","description":"<a name=\"10.970\"></a><p><h3>10.970 Seminar in Molecular Computation</h3>  (, ) Prereq: Permission of instructorUnits: 2-0-4 [P/D/F]<b>Lecture:</b> <i>W12-2</i> (<a href=\"http://whereis.mit.edu/map-jpg?mapterms=E17\">E17-517</a>)<!--s-->Seminar allows students to present their research to other students and staff. The research topics include computational chemistry techniques, kinetics, and catalysis. Focus is on molecular-level understanding of chemical change.<I>W. H. Green</I>No required or recommended textbooks</p><!--end-->","title":"10.970 Seminar in Molecular Computation"}