{"id":"10.958","school":"MIT","subject":"Chemical Engineering","semester":"Fall","description":"<a name=\"10.958\"></a><p><h3>10.958 Seminar in the Fluid Mechanics and Self-assembly of Soft Matter</h3>  (, ) Prereq: Permission of instructorUnits: 2-0-4 [P/D/F]<b>Lecture:</b> <i>M EVE (4-6 PM)</i> (<a href=\"http://whereis.mit.edu/map-jpg?mapterms=E17\">E17-517</a>)<!--s-->Covers topics related to low Reynolds number hydrodynamics and the statistical physics of particulate media.  Specifics include the kinetics of phase transitions in soft matter and the time-varying deformation of colloidal dispersions, glasses and gels.<I>J. W. Swan</I>No required or recommended textbooks</p><!--end-->","title":"10.958 Seminar in the Fluid Mechanics and Self-assembly of Soft Matter"}