{"id":"10.962","school":"MIT","subject":"Chemical Engineering","semester":"Fall","description":"<a name=\"10.962\"></a><p><h3>10.962 Seminar in Molecular Cell Engineering</h3>  (, ) Prereq: Permission of instructorUnits: 2-0-4 [P/D/F]<b>Lecture:</b> <i>T8.30-10.30</i> (<a href=\"http://whereis.mit.edu/map-jpg?mapterms=56\">56-614</a>)<!--s-->Weekly seminar with discussion of ongoing research and relevant literature by graduate students, postdoctoral fellows, and visiting scientists on issues at the interface of chemical engineering with molecular cell biology.  Emphasis is on quantitative aspects of physicochemical mechanisms involved in receptor/ligand interactions, receptor signal transduction processes, receptor-mediated cell behavioral responses, and applications of these in biotechnology and medicine.<I>D. A. Lauffenburger</I>No required or recommended textbooks</p><!--end-->","title":"10.962 Seminar in Molecular Cell Engineering","time":"8:00 a.m. - 9:00 a.m.","location":"56-61","meets":"Tuesday"}