{"id":"10.955","school":"MIT","subject":"Chemical Engineering","semester":"Fall","description":"<a name=\"10.955\"></a><p><h3>10.955 Seminar in Electrochemical Engineering</h3>  (, ) Prereq: Permission of instructorUnits: 2-0-4 [P/D/F]<b>Lecture:</b> <i>R EVE (4-6 PM)</i> (<a href=\"http://whereis.mit.edu/map-jpg?mapterms=66\">66-360</a>)<!--s-->Designed to allow students to present and discuss their research in the area of electrochemical engineering with a particular emphasis on energy storage and conversion (e.g., batteries, fuel cells, electroreactors).  Specific topics include active materials design, electroanalytical platform development, and integration of electrochemical and imaging techniques.<I>F. R. Brushett</I>No required or recommended textbooks</p><!--end-->","title":"10.955 Seminar in Electrochemical Engineering","time":"","location":"66-36","meets":"Thursday"}