{"id":"10.998","school":"MIT","subject":"Chemical Engineering","semester":"Fall","description":"Focuses on current topics related to crystallization science and technology in the chemical, pharmaceutical and food industries. Discusses fundamental work on nucleation, polymorphism, impurity crystal interactions and nano-crystal formation, along with industrial applications of crystallization.<br><I>A. S. Myerson</I><br>No required or recommended textbooks","title":"10.998 Seminar in Crystallization Science and Technology"}