{"id":"10.960","school":"MIT","subject":"Chemical Engineering","semester":"Fall","description":"<a name=\"10.960\"></a><p><h3>10.960J Student Seminar in Polymer Science and Technology</h3>  (, ) (Same subject as <A HREF=\"m3b.html#3.903\">3.903J</A>)Prereq: NoneUnits: 2-0-0 [P/D/F]<b>Lecture:</b> <i>W3-5</i> (<a href=\"http://whereis.mit.edu/map-jpg?mapterms=4\">4-231</a>)<!--s-->A series of seminars covering a broad spectrum of topics in polymer science and engineering, featuring both on- and off-campus speakers.<I>A. Alexander-Katz, R. E. Cohen, D. Irvine</I>No required or recommended textbooks</p><!--end-->","title":"10.960J Student Seminar in Polymer Science and Technology","time":"3:00 p.m. - 4:00 p.m.","location":"4-23","meets":"Wednesday"}