{"id":"10.981","school":"MIT","subject":"Chemical Engineering","semester":"Fall","description":"Review of current topics in colloid and interface science. Topics include statistical mechanics and thermodynamics of micellar solutions, self-assembling systems, and microemulsions; solubilization of simple ions, amino acids, and proteins in reversed micelles; enzymatic reactions in reversed micelles; phase equilibria in colloidal systems; interfacial phenomena in colloidal systems; biomedical aspects of colloidal systems.<br><I>D. Blankschtein</I><br>No required or recommended textbooks","title":"10.981 Seminar in Colloid and Interface Science","time":"2:00 p.m. - 3:00 p.m.","location":"66-26","meets":"Tuesday"}