{"id":"10.976","school":"MIT","subject":"Chemical Engineering","semester":"Fall","description":"Seminars on the state of the art in design, operations, and control of processing systems, with emphasis on computer-based tools. Discussions guided by the research interests of participating students. Topics include mathematical and numerical techniques, representational methodologies, and software development.<br><I>P. I. Barton</I><br>No required or recommended textbooks","title":"10.976 Process Design, Operations, and Control"}