{"id":"10.997","school":"MIT","subject":"Chemical Engineering","semester":"Fall","description":"<a name=\"10.997\"></a><p><h3>10.997 Theoretical and Computational Immunology Seminar</h3>  (, ) Prereq: Permission of instructorUnits: 2-0-4 [P/D/F]<b>Lecture:</b> <i>F12.30-3</i> (<a href=\"http://whereis.mit.edu/map-jpg?mapterms=E17\">E17-517</a>)<!--s-->Presentations and discussions of current literature and research in theoretical and computational immunology.  Topics include T cell biology, cell-cell recognition in immunology, polymers and membranes, and statistical mechanics.<I>Arup K. Chakraborty</I>No required or recommended textbooks</p><!--end-->","title":"10.997 Theoretical and Computational Immunology Seminar"}