{"id":"10.971","school":"MIT","subject":"Chemical Engineering","semester":"Fall","description":"<a name=\"10.971\"></a><p><h3>10.971 Seminar in Fluid Mechanics and Transport Phenomena</h3>  (, ) Prereq: Permission of instructorUnits: 2-0-4 [P/D/F]<b>Lecture:</b> <i>R EVE (5.30-7.30 PM)</i> (<a href=\"http://whereis.mit.edu/map-jpg?mapterms=E17\">E17-517</a>)<!--s-->Seminar series on current research on Newtonian and non-Newtonian fluid mechanics and transport phenomena, and applications to materials processing. Seminars given by guest speakers and research students.<I>P. S. Doyle, G. H. McKinley, J. W. Swan</I>No textbook information available</p><!--end-->","title":"10.971 Seminar in Fluid Mechanics and Transport Phenomena"}