{"id":"10.994","school":"MIT","subject":"Chemical Engineering","semester":"Fall","description":"<a name=\"10.994\"></a><p><h3>10.994 Molecular Bioengineering</h3>  (, ) Prereq: Permission of instructorUnits: 2-0-4 [P/D/F]<b>Lecture:</b> <i>R12-1.30</i> (<a href=\"http://whereis.mit.edu/map-jpg?mapterms=76\">76-261D</a>)<!--s-->Presentations and discussion by graduate students, postdoctoral fellows, and visiting scientists of current literature and research on the engineering of protein biopharmaceuticals. Topics include combinatorial library construction and screening strategies, antibody engineering, gene therapy, cytokine engineering, and immunotherapy engineering strategies.<I>K. D. Wittrup</I>No required or recommended textbooks</p><!--end-->","title":"10.994 Molecular Bioengineering","time":"12:00 p.m. - 1:00 p.m.","location":"76-261","meets":"Thursday"}