{"id":"10.985","school":"MIT","subject":"Chemical Engineering","semester":"Fall","description":"<a name=\"10.985\"></a><p><h3>10.985 Seminar in Materials Systems Engineering</h3>  (, ) Prereq: Permission of instructorUnits: 2-0-4 [P/D/F]<b>Lecture:</b> <i>M12-2</i> (<a href=\"http://whereis.mit.edu/map-jpg?mapterms=66\">66-360</a>)<!--s-->Focuses on the state of the art in the systems engineering of materials products and materials manufacturing processes. Addresses topics such as pharmaceuticals manufacturing, polymeric drug delivery systems, and nano- and microstructured materials. Discussions guided by the research interests of participating students. Includes techniques from applied mathematics and numerical methods, multiscale systems analysis, and control theory.<I>R. D. Braatz</I>No required or recommended textbooks</p><!--end-->","title":"10.985 Seminar in Materials Systems Engineering","time":"12:00 p.m. - 1:00 p.m.","location":"66-36","meets":"Monday"}