{"id":"10.961","school":"MIT","subject":"Chemical Engineering","semester":"Fall","description":"<a name=\"10.961\"></a><p><h3>10.961 Seminar in Advanced Air Pollution Research</h3>  (, ) Prereq: Permission of instructorUnits: 2-0-4 [P/D/F]TBA. <!--s-->Research seminars, presented by students engaged in thesis work in the field of air pollution. Particular emphasis given to atmospheric chemistry, mathematical modeling, and policy analysis.<I>G. J. McRae</I>No required or recommended textbooks</p><!--end-->","title":"10.961 Seminar in Advanced Air Pollution Research"}