{"id":"10.984","school":"MIT","subject":"Chemical Engineering","semester":"Fall","description":"Weekly seminar with lectures on current research by graduate students, postdoctoral fellows, and visiting scientists on topics related to biomedical applications of chemical engineering. Specific topics include polymeric controlled release technology, extracorporal reactor design, biomedical polymers, bioengineering aspects of pharmaceuticals, and biomaterials/tissue and cell interactions.<br><I>R. S. Langer</I><br>No required or recommended textbooks","title":"10.984 Biomedical Applications of Chemical Engineering","time":"","location":"76-15","meets":"Wednesday"}