{"id":"10.EPW","school":"MIT","subject":"Chemical Engineering","semester":"Fall","description":"<a name=\"10.EPW\"></a><p><h3>10.EPW UPOP Engineering Practice Workshop</h3>  (, )Engineering School-Wide Elective Subject. (Offered under: <A HREF=\"m1c.html#1.EPW\">1.EPW</A>, <A HREF=\"m2c.html#2.EPW\">2.EPW</A>, <A HREF=\"m3b.html#3.EPW\">3.EPW</A>, <A HREF=\"m6c.html#6.EPW\">6.EPW</A>, <A HREF=\"m10b.html#10.EPW\">10.EPW</A>, <A HREF=\"m16a.html#16.EPW\">16.EPW</A>, <A HREF=\"m20a.html#20.EPW\">20.EPW</A>, <A HREF=\"m22a.html#22.EPW\">22.EPW</A>)Prereq: NoneUnits: 1-0-0 [P/D/F]TBA. <!--s-->Develops foundational skills for the world of practice in science, technology, and engineering. Sophomores receive classroom instruction, and one-on-one and small-group coaching in basics of professional identity building. They attend field trips to local employers and receive job interview practice, coached by industry volunteers. Over IAP, students attend a weeklong Team Training Camp of experiential learning modules - led by MIT faculty with the help of MIT alums and other senior professionals in business, engineering, and science where students participate in creative simulations, team problem-solving challenges, and oral presentations, and practice networking with employers. Enrollment limited.<I>Staff</I>No required or recommended textbooks</p><!--end-->","title":"10.EPW UPOP Engineering Practice Workshop"}