{"id":"11.014","school":"MIT","subject":"Urban Studies and Planning","semester":"Fall","description":"<a name=\"11.014\"></a><p><h3>11.014J American Urban History II</h3>  ()  (Same subject as <A HREF=\"m21Ha.html#21H.218\">21H.218J</A>)Prereq: NoneUnits: 2-0-7<b>Lecture:</b> <i>W2-4</i> (<a href=\"http://whereis.mit.edu/map-jpg?mapterms=10\">10-401</a>)<!--s-->Seminar on the history of selected features of the physical environment of urban America. Among the features considered are parks, cemeteries, tenements, suburbs, zoos, skyscrapers, department stores, supermarkets, and amusement parks.<I>R. M. Fogelson</I>No required or recommended textbooks</p><!--end-->","title":"11.014J American Urban History II","time":"2:00 p.m. - 3:00 p.m.","location":"10-40","meets":"Wednesday"}