{"id":"11.015","school":"MIT","subject":"Urban Studies and Planning","semester":"Fall","description":"<a name=\"11.015\"></a><p><h3>11.015J Riots, Strikes, and Conspiracies in American History</h3>  ()  (Same subject as <A HREF=\"m21Ha.html#21H.226\">21H.226J</A>)Prereq: NoneUnits: 3-0-9<b>Lecture:</b> <i>TR2-3.30</i> (<a href=\"http://whereis.mit.edu/map-jpg?mapterms=4\">4-253</a>)<!--s-->Focuses on a series of short, complicated, traumatic events that shed light on American politics, culture, and society. Events studied may include the rendition of Anthony Burns in 1854, the most famous fugitive slave controversy in US history; the Homestead strike/lockout of 1892; the student uprisings at Columbia University in 1968; and the Attica prison uprising of 1971. Emphasis on finding ways to make sense of these events and on using them to understand larger processes of change in American history.<I>R. M. Fogelson</I><a href=\"javascript:PopUpHelp('http://sisapp.mit.edu/textbook/books.html?Term=2015FA&Subject=11.015');\" >Textbooks (Fall 2014)</a></font></p><!--end-->","title":"11.015J Riots, Strikes, and Conspiracies in American History","time":"2:00 p.m. - 3:00 p.m.","location":"4-25","meets":"Tuesday,Thursday"}