{"id":"11.192","school":"MIT","subject":"Urban Studies and Planning","semester":"Fall","description":"<a name=\"11.192\"></a><p><h3>11.191-11.192 Independent Study</h3>  (, , ) Prereq: NoneUnits arranged [P/D/F]<b>11.191:</b> TBA. <!--s--><b>11.192:</b> TBA. <!--s-->For undergraduates wishing to pursue further study in specialized areas of urban studies or city and regional planning not covered in regular subjects.Staff<b>11.191:</b> No textbook information available<b>11.192:</b> No required or recommended textbooks</p><!--end-->","title":"11.191-11.192 Independent Study"}