{"id":"11.129","school":"MIT","subject":"Urban Studies and Planning","semester":"Fall","description":"<a name=\"11.129\"></a><p><h3>11.129 Educational Theory and Practice I</h3>  () Prereq: None. <I>Coreq: <a href=\"m11a.html#11.124\">11.124</a></I>Units: 3-0-9URL: <a href=\"https://sites.google.com/site/miteducationaltheorypractice/\">https://sites.google.com/site/miteducationaltheorypractice/</a><b>Lecture:</b> <i>TR4-5.30</i> (<a href=\"http://whereis.mit.edu/map-jpg?mapterms=1\">1-134</a>)<!--s-->Concentrates on core set of skills and knowledge necessary for teaching in secondary schools. Topics include classroom management, student behavior and motivation, curriculum design, educational reform, and the teaching profession. Classroom observation is a key component. Assignments include readings from  educational literature, written reflections on classroom observations, practice teaching and constructing curriculum. The first of the three-course sequence necessary to complete the Teacher Education Program. Limited to 15; preference to juniors and seniors.<I>G. Schwanbeck</I>No textbook information available</p><!--end-->","title":"11.129 Educational Theory and Practice I","time":"4:00 p.m. - 5:00 p.m.","location":"1-13","meets":"Tuesday,Thursday"}