{"id":"11.205","school":"MIT","subject":"Urban Studies and Planning","semester":"Fall","description":"<a name=\"11.205\"></a><p><h3>11.205 Introduction to Spatial Analysis</h3>  (); partial termPrereq: NoneUnits: 2-2-2Credit cannot also be received for <A HREF=\"m11a.html#11.188\">11.188</A>Ends Oct 24. <b>Lecture:</b> <i>MW2.30-4</i> (<a href=\"http://whereis.mit.edu/map-jpg?mapterms=9\">9-354</a>) <b>Lab:</b> <i>M EVE (5-7 PM)</i> (<a href=\"http://whereis.mit.edu/map-jpg?mapterms=W31\">W31-301</a>) or <i>T EVE (5-7 PM)</i> (<a href=\"http://whereis.mit.edu/map-jpg?mapterms=W31\">W31-301</a>) or <i>W EVE (5-7 PM)</i> (<a href=\"http://whereis.mit.edu/map-jpg?mapterms=W31\">W31-301</a>) or <i>R EVE (5-7 PM)</i> (<a href=\"http://whereis.mit.edu/map-jpg?mapterms=W31\">W31-301</a>)<!--s-->Practical introduction to spatial analysis and geographic information systems (GIS).  Examines how geography is represented digitally and how nonrandom distributions of phenomena as diverse as poverty and scenic resources can be better understood by examining their spatial characteristics. Limited enrollment; preference to first-year MCP students.<I>S. Williams</I>No textbook information available</p><!--end-->","title":"11.205 Introduction to Spatial Analysis","time":"2:00 p.m. - 3:00 p.m.","location":"9-35","meets":"Monday,Wednesday"}