{"id":"11.233","school":"MIT","subject":"Urban Studies and Planning","semester":"Fall","description":"<a name=\"11.233\"></a><p><h3>11.233 Research Design for Policy Analysis and Planning</h3>  ()Prereq: Permission of instructorUnits: 3-0-9<b>Lecture:</b> <i>M10-1</i> (<a href=\"http://whereis.mit.edu/map-jpg?mapterms=10\">10-401</a>)<!--s-->Develops skills in research design for policy analysis and planning. Emphasizes the logic of the research process and its constituent elements. Topics include philosophy of science, question formulation, hypothesis generation and theory construction, data collection techniques (e.g. experimental, survey, interview), ethical issues in research, and research proposal preparation.<I>J. Carmin</I><a href=\"javascript:PopUpHelp('http://sisapp.mit.edu/textbook/books.html?Term=2015FA&Subject=11.233');\" >Textbooks (Fall 2014)</a></font></p><!--end-->","title":"11.233 Research Design for Policy Analysis and Planning","time":"10:00 a.m. - 11:00 a.m.","location":"10-40","meets":"Monday"}