{"id":"11.205","school":"MIT","subject":"Urban Studies and Planning","semester":"Fall","description":"Practical introduction to spatial analysis and geographic information systems (GIS).  Examines how geography is represented digitally and how nonrandom distributions of phenomena as diverse as poverty and scenic resources can be better understood by examining their spatial characteristics. Limited enrollment; preference to first-year MCP students.<br><I>S. Williams</I><br>No textbook information available","title":"11.205 Introduction to Spatial Analysis","time":"2:00 p.m. - 3:00 p.m.","location":"9-35","meets":"Monday,Wednesday"}