{"id":"11.202","school":"MIT","subject":"Urban Studies and Planning","semester":"Fall","description":"Introduces applications of microeconomic theory to planning problems including urban form and structure, government's role in urban settings and problems of housing finance.<br><I>A. Saiz</I><br><a href=\"javascript:PopUpHelp('http://sisapp.mit.edu/textbook/books.html?Term=2015FA&Subject=11.202');\" >Textbooks (Fall 2014)</a></font>","title":"11.202 Planning Economics","time":"11:00 a.m. - 12:00 p.m.","location":"9-35","meets":"Tuesday,Thursday"}