{"id":"11.203","school":"MIT","subject":"Urban Studies and Planning","semester":"Fall","description":"<a name=\"11.203\"></a><p><h3>11.203 Microeconomics</h3>  (); partial termPrereq: NoneUnits: 3-0-5Ends Oct 17. <b>Lecture:</b> <i>TR11-12.30</i> (<a href=\"http://whereis.mit.edu/map-jpg?mapterms=9\">9-354</a>)<!--s-->Introduces basic economic analysis for planning students including the functioning of markets, the allocation of scarce resources among competing uses, profit maximizing behavior in different market structures.  Course illustrates theory with contemporary economic issues.<I>A. Saiz</I><a href=\"javascript:PopUpHelp('http://sisapp.mit.edu/textbook/books.html?Term=2015FA&Subject=11.203');\" >Textbooks (Fall 2014)</a></font></p><!--end-->","title":"11.203 Microeconomics","time":"11:00 a.m. - 12:00 p.m.","location":"9-35","meets":"Tuesday,Thursday"}