{"id":"11.225","school":"MIT","subject":"Urban Studies and Planning","semester":"Fall","description":"<a name=\"11.225\"></a><p><h3>11.225 Argumentation and Communication</h3>  () Not offered regularly; consult departmentPrereq: NoneUnits: 2-0-4A writing practicum associated with 11.201 that focuses on helping students write and present their ideas in cogent, persuasive arguments and other analytical frameworks. Reading and writing assignments and other exercises stress the connections between clear thinking, critical reading, and effective writing.<I>C. Abbanat</I></p><!--end-->","title":"11.225 Argumentation and Communication"}