{"id":"11.363","school":"MIT","subject":"Urban Studies and Planning","semester":"Fall","description":"<a name=\"11.363\"></a><p><h3>11.363 Civil Society and the Environment</h3>  () Not offered regularly; consult departmentPrereq: Permission of instructorUnits: 3-0-9Examines the roles civil society actors play in national and international environmental policy and politics. Considers theories pertaining to the development and import of civil society, social movement development and mobilization, and collaboration between state and non-state actors. Case studies of civil society response to specific environmental issues illustrate theoretical issues and assess the impacts that these actors have on domestic, foreign, and international policy and planning outcomes.<I>J. Carmin</I></p><!--end-->","title":"11.363 Civil Society and the Environment"}