{"id":"11.332","school":"MIT","subject":"Urban Studies and Planning","semester":"Fall","description":"The design of urban environments. Strategies for change in large areas of cities, to be developed over time, involving different actors. Fitting forms into natural, man-made, historical, and cultural contexts; enabling desirable activity patterns; conceptualizing built form; providing infrastructure and service systems; guiding the sensory character of development. Involves architecture and planning students in joint work; requires individual designs or design and planning guidelines.<br><I>Architecture Design Staff</I><br>No required or recommended textbooks","title":"11.332J Urban Design Studio"}