{"id":"11.328","school":"MIT","subject":"Urban Studies and Planning","semester":"Fall","description":"Introduces methods of recording, evaluating, and representing the urban environment. Through visual observation, field analysis, measurements, interviews, and other means, students draw on their senses and develop their ability to deduce, conclude, question, and test conclusions about how the environment is used and valued. Using representational tools such as drawing, photographing, computer modeling and desktop publishing, students communicate what they observe along with their impressions and design ideas. Intended as a foundation for future studio work in urban design. Includes design-based projects.<br><I>S. Gray, M. A. Ocampo</I><br>No textbook information available","title":"11.328J Urban Design Skills: Observing, Interpreting, and Representing the City","time":"9:00 a.m. - 10:00 a.m.","location":"10-48","meets":"Friday"}