{"id":"11.371","school":"MIT","subject":"Urban Studies and Planning","semester":"Fall","description":"Assessment of current and potential future energy systems. Covers resources, extraction, conversion, and end-use technologies, with emphasis on meeting 21st-century regional and global energy needs in a sustainable manner. Examines various energy technologies in each fuel cycle stage for fossil (oil, gas, synthetic), nuclear (fission and fusion) and renewable (solar, biomass, wind, hydro, and geothermal) energy types, along with storage, transmission, and conservation issues. Emphasizes analysis of energy propositions within an engineering, economic and social context. Students taking graduate version complete additional assignments.<br><I>M. W. Golay</I><br><a href=\"javascript:PopUpHelp('http://sisapp.mit.edu/textbook/books.html?Term=2015FA&Subject=11.371');\" >Textbooks (Fall 2014)</a></font>","title":"11.371J Sustainable Energy","time":"3:00 p.m. - 4:00 p.m.","location":"32-15","meets":"Tuesday,Thursday"}