{"id":"11.345","school":"MIT","subject":"Urban Studies and Planning","semester":"Fall","description":"Researches the role of the entrepreneur in the built environment using case studies to outline different steps in developing real estate, construction, architectural and related enterprises in the built environment. Emphasizes strategic marketing and implementation of the plan in the development of these businesses. Addresses the progression of an idea, from an opportunity to a sustainable business. Guest lectures from entrepreneurs in the built environment outline the various entrepreneurial paths and characteristics they took to success. Team project consists of identifying an idea/opportunity and plan for developing a sustainable company.<br><I>J. F. Kennedy</I><br><a href=\"javascript:PopUpHelp('http://sisapp.mit.edu/textbook/books.html?Term=2015FA&Subject=11.345');\" >Textbooks (Fall 2014)</a></font>","title":"11.345J Entrepreneurship in Construction and Real Estate Development","time":"3:00 p.m. - 4:00 p.m.","location":"9-35","meets":"Thursday"}