{"id":"11.308","school":"MIT","subject":"Urban Studies and Planning","semester":"Fall","description":"<a name=\"11.308\"></a><p><h3>11.308J Ecological Urbanism Seminar</h3>  () (Same subject as <A HREF=\"m4b.html#4.213\">4.213J</A>)Prereq: Permission of instructorUnits: 3-0-9URL: <a href=\"http://architecture.mit.edu/subject/fall-2014-4213\">http://architecture.mit.edu/subject/fall-2014-4213</a><b>Lecture:</b> <i>M2-5</i> (<a href=\"http://whereis.mit.edu/map-jpg?mapterms=10\">10-401</a>)<!--s-->Examines the urban environment as a natural phenomenon, human habitat, medium of expression, and forum for action. Subject has two related, major themes: how ideas of nature influence the way cities are perceived, designed, built, and managed; and how natural processes and urban form interact and the consequences of these for human health safety and welfare. Enrollment limited.<I>A. Spirn</I><a href=\"javascript:PopUpHelp('http://sisapp.mit.edu/textbook/books.html?Term=2015FA&Subject=11.308');\" >Textbooks (Fall 2014)</a></font></p><!--end-->","title":"11.308J Ecological Urbanism Seminar","time":"2:00 p.m. - 3:00 p.m.","location":"10-40","meets":"Monday"}