{"id":"11.384","school":"MIT","subject":"Urban Studies and Planning","semester":"Fall","description":"<a name=\"11.384\"></a><p><h3>11.384 Preparation for Malaysia Sustainable Cities Fieldwork(New)</h3>  () ; partial termPrereq: Permission of instructorUnits: 0-0-3 [P/D/F]TBA. <!--s-->Under faculty supervision, students conduct independent research to familiarize themselves with the culture, economy, politics, geography, ecology, and history of Malaysia. Selection by application.<I>L. Susskind</I>No textbook information available</p><!--end-->","title":"11.384 Preparation for Malaysia Sustainable Cities Fieldwork"}