{"id":"11.332","school":"MIT","subject":"Urban Studies and Planning","semester":"Fall","description":"<a name=\"11.332\"></a><p><h3>11.332J Urban Design Studio</h3>  (, )  (Same subject as <A HREF=\"m4a.html#4.163\">4.163J</A>)Prereq: <a href=\"m4a.html#4.145\">4.145</a>, <a href=\"m4a.html#4.162\">4.162</a>, or permission of instructorUnits arrangedURL: <a href=\"http://architecture.mit.edu/subject/fall-2014-4163\">http://architecture.mit.edu/subject/fall-2014-4163</a><b>Design:</b> <i>TR EVE (1-6 PM)</i> (STUDIO)<!--s-->The design of urban environments. Strategies for change in large areas of cities, to be developed over time, involving different actors. Fitting forms into natural, man-made, historical, and cultural contexts; enabling desirable activity patterns; conceptualizing built form; providing infrastructure and service systems; guiding the sensory character of development. Involves architecture and planning students in joint work; requires individual designs or design and planning guidelines.<I>Architecture Design Staff</I>No required or recommended textbooks</p><!--end-->","title":"11.332J Urban Design Studio"}