{"id":"11.307","school":"MIT","subject":"Urban Studies and Planning","semester":"Fall","description":"<a name=\"11.307\"></a><p><h3>11.307 Beijing Urban Design Studio</h3>  () (Subject meets with <A HREF=\"m4a.html#4.166\">4.166</A>)Prereq: Permission of instructorUnits: 0-18-0<b>Design:</b> <i>TR EVE (1-6 PM)</i> (STUDIO)<!--s-->Design and development studio that involves architects and planners, working in teams on a contemporary design project of importance in Beijing, China. Students analyze conditions, explore alternatives, and synthesize architecture, city design, and implementation plans. Supplemented by lectures and brief study tours that expose students to history and contemporary issues of urbanism in China. Offered every other summer in residence at Tsinghua University, Beijing, involving students and faculty from both schools. Limited to 10.<I>D. Frenchman, J. Wampler, C. Zegras</I>No textbook information available</p><!--end-->","title":"11.307 Beijing Urban Design Studio"}