{"id":"11.354","school":"MIT","subject":"Urban Studies and Planning","semester":"Fall","description":"<a name=\"11.354\"></a><p><h3>11.354 Real Estate Products Seminar</h3>  ()Prereq: NoneUnits: 3-0-3<b>Lecture:</b> <i>T3.30-5</i> (<a href=\"http://whereis.mit.edu/map-jpg?mapterms=9\">9-354</a>) <i><b>+final</b></i><!--s-->Examines the fundamentals of real estate development products, including residential, hotel, office, research and development/lab, retail, and industrial uses. Includes faculty lectures, guest presentations, and field trips to local case study projects. Prepares MSRED candidates for the spring Real Estate Development Studio.<I>P. Roth</I>No required or recommended textbooks</p><!--end-->","title":"11.354 Real Estate Products Seminar","time":"3:00 p.m. - 4:00 p.m.","location":"9-35","meets":"Tuesday"}