{"id":"11.334","school":"MIT","subject":"Urban Studies and Planning","semester":"Fall","description":"Explores theories, practices, and emerging trends in the fields of landscape architecture and urbanism, such as systemic design, landscape urbanism, engineered nature, drosscapes, urban biodiversity, urban mobility, megaregions, and urban agriculture. Lectures, readings, and guest speakers present a wide array of multi-disciplinary topics, including current works from P-REX lab. Students conduct independent and group research that is future-oriented.<br><I>A. Berger</I><br>No required or recommended textbooks","title":"11.334J Advanced Seminar in Landscape and Urbanism","time":"9:00 a.m. - 10:00 a.m.","location":"10-48","meets":"Thursday"}