{"id":"11.354","school":"MIT","subject":"Urban Studies and Planning","semester":"Fall","description":"Examines the fundamentals of real estate development products, including residential, hotel, office, research and development/lab, retail, and industrial uses. Includes faculty lectures, guest presentations, and field trips to local case study projects. Prepares MSRED candidates for the spring Real Estate Development Studio.<br><I>P. Roth</I><br>No required or recommended textbooks","title":"11.354 Real Estate Products Seminar","time":"3:00 p.m. - 4:00 p.m.","location":"9-35","meets":"Tuesday"}