{"id":"11.377","school":"MIT","subject":"Urban Studies and Planning","semester":"Fall","description":"Explores the evolution of food production in the US and globally. Considers the science, economics, and politics behind the transition from pre-industrial to an industrial food system. Debates the costs and benefits of genetically modified food, organic agriculture, and local/regional food production. Focuses on the environmental sustainability and human-health consequences of different approaches, for both the developed and developing world.<br><I>J. Layzer</I><br>No required or recommended textbooks","title":"11.377 Food Systems and the Environment","time":"2:00 p.m. - 3:00 p.m.","location":"9-450","meets":"Tuesday"}