{"id":"11.483","school":"MIT","subject":"Urban Studies and Planning","semester":"Fall","description":"<a name=\"11.483\"></a><p><h3>11.483 Housing and Land Use in Rapidly Urbanizing Regions</h3>  () Prereq: Permission of instructorUnits: 3-0-9<b>Lecture:</b> <i>R EVE (6-8 PM)</i> (<a href=\"http://whereis.mit.edu/map-jpg?mapterms=9\">9-450B</a>)<!--s-->Studies current urban controversies over affordable housing, land redevelopment, and public space, with special attention to property rights. Reviews how law, economics, sociology and planning theories frame these issues and interplays them with spatial approaches of urban design and geography. Explores cases that use property rights strategies to increase economic growth and social justice, providing insight for future design and policymaking. Topics include land trusts for affordable housing, mixed-use public space, and critical cartography.<I>Y. Hong</I>No required or recommended textbooks</p><!--end-->","title":"11.483 Housing and Land Use in Rapidly Urbanizing Regions","time":"","location":"9-450","meets":"Thursday"}