{"id":"11.491","school":"MIT","subject":"Urban Studies and Planning","semester":"Fall","description":"<a name=\"11.491\"></a><p><h3>11.491J Economic Development and Policy Analysis</h3>  () Not offered regularly; consult department(Same subject as <A HREF=\"m17a.html#17.176\">17.176J</A>)Prereq: <a href=\"m11c.html#11.701\">11.701</a>Units: 3-0-9Examines the process of economic development to understand why some countries or regions within countries have increased their incomes and reduced their poverty faster than others.  Economic development is treated as a process of learning, as countries weigh theories and role models as guides for policy formulation and institution building.  Historical and empirical examination of three role models for development/underdevelopment, as formulated by the Third World's new intelligentsia that emerged after de-colonization: the OPEC development role model, the East Asian role model, and the Brazilian role model.<I>Staff</I></p><!--end-->","title":"11.491J Economic Development and Policy Analysis"}