{"id":"11.472","school":"MIT","subject":"Urban Studies and Planning","semester":"Fall","description":"<a name=\"11.472\"></a><p><h3>11.472J D-Lab: Development</h3>  ()(Same subject as <A HREF=\"mECa.html#EC.781\">EC.781J</A>)(Subject meets with <A HREF=\"m11a.html#11.025\">11.025J</A>, <A HREF=\"mECa.html#EC.701\">EC.701J</A>)Prereq: NoneUnits: 3-2-7<b>Lecture:</b> <i>MW3.30-5</i> (<a href=\"http://whereis.mit.edu/map-jpg?mapterms=N51\">N51-315M</a>) <b>Recitation:</b> <i>F3.30-5</i> (<a href=\"http://whereis.mit.edu/map-jpg?mapterms=N51\">N51-315M</a>)<!--s-->Issues in international development, appropriate technology and project implementation addressed through lectures, case studies, guest speakers and laboratory exercises. Students form project teams to partner with community organizations in developing countries, and formulate plans for an optional IAP site visit. (Previous field sites include Ghana, Brazil, Honduras and India.) Recitation sections focus on specific project implementation, and include cultural, social, political, environmental and economic overviews of the target countries as well as an introduction to the local languages. Enrollment limited by lottery; must attend first class session.<I>A. B. Smith, B. Sanyal</I>No textbook information available</p><!--end-->","title":"11.472J D-Lab: Development"}