{"id":"11.437","school":"MIT","subject":"Urban Studies and Planning","semester":"Fall","description":"<a name=\"11.437\"></a><p><h3>11.437 Financing Economic Development</h3>  ()(Subject meets with <A HREF=\"m11a.html#11.137\">11.137</A>)Prereq: NoneUnits: 3-0-9<b>Lecture:</b> <i>MW9.30-11</i> (<a href=\"http://whereis.mit.edu/map-jpg?mapterms=1\">1-242</a>)<!--s-->Focuses on financing tools and program models to support local economic development. Provides an overview of private capital markets and financing sources to understand capital market imperfections that constrain economic development, business accounting, financial statement analysis, federal economic development programs, and public finance tools. Covers policies and program models, including revolving loan funds, guarantee programs, venture capital funds, bank holding companies, community development loan funds and credit unions, micro enterprise funds, and the Community Reinvestment Act. Students taking graduate version complete additional assignments.<I>K. Seidman</I><a href=\"javascript:PopUpHelp('http://sisapp.mit.edu/textbook/books.html?Term=2015FA&Subject=11.437');\" >Textbooks (Fall 2014)</a></font></p><!--end-->","title":"11.437 Financing Economic Development","time":"9:00 a.m. - 10:00 a.m.","location":"1-24","meets":"Monday,Wednesday"}