{"id":"11.407","school":"MIT","subject":"Urban Studies and Planning","semester":"Fall","description":"Introduces a suite of tools representing the basic set of practices used in the development field. Presents a wealth creation framework that focuses on place, improving livelihoods, incentivizing collaboration, creating multiple forms of wealth, and promoting local ownership. Students work with web-based tools designed for use in a professional setting. Discussions are based on results from tools, their interpretation, and their meaning. Relevant to all students interested in the structure and function of local, state, national and international economic contexts. Students develop a series of memos as students they complete assignments.<br><I>A. Glasmeier</I><br>","title":"11.407 Economic Development Tools and Techniques"}