{"id":"11.488","school":"MIT","subject":"Urban Studies and Planning","semester":"Fall","description":"<a name=\"11.488\"></a><p><h3>11.488 Urban Development in Conflict Cities: Planning Challenges and Policy Innovations</h3>  () Prereq: Permission of InstructorUnits: 3-0-9<b>Lecture:</b> <i>T2-5</i> (<a href=\"http://whereis.mit.edu/map-jpg?mapterms=9\">9-450A</a>)<!--s-->Examines urban development challenges in conflict cities. Case studies used to examine the basic infrastructural, governance, social, and economic dilemmas facing citizens and local officials. First half of course focuses on the national and transnational context in which urban conflict is likely to persist; the impacts of conflict on social, political, economic, and institutional capacities of citizens, markets, and states, both local and national; and the growing involvement of multilateral development agencies in identifying urban conflict as a barrier to economic growth. Course ends with a focus on policy innovations, and examination of potential planning, design, and policy solutions.<I>J. Samper Escobar</I>No textbook information available</p><!--end-->","title":"11.488 Urban Development in Conflict Cities: Planning Challenges and Policy Innovations","time":"2:00 p.m. - 3:00 p.m.","location":"9-450","meets":"Tuesday"}