{"id":"11.522","school":"MIT","subject":"Urban Studies and Planning","semester":"Fall","description":"Advanced research seminar enhances computer and analytic skills developed in other subjects in this sequence. Students present a structured discussion of journal articles representative of their current research interests involving urban information systems and complete a short research project. Suggested research projects include topics related to ongoing UIS Group research.<br><I>J. Ferreira</I><br>No textbook information available","title":"11.522 Research Seminar on Urban Information Systems","time":"","location":"9-45","meets":"Monday"}