{"id":"11.520","school":"MIT","subject":"Urban Studies and Planning","semester":"Fall","description":"<a name=\"11.520\"></a><p><h3>11.520 Workshop on Geographic Information Systems</h3>  () ; partial termPrereq: <a href=\"m11b.html#11.205\">11.205</a> or permission of instructorUnits: 2-2-2Begins Oct 27. <b>Lecture:</b> <i>MW2.30-4</i> (<a href=\"http://whereis.mit.edu/map-jpg?mapterms=9\">9-354</a>) <b>Lab:</b> <i>M EVE (5-7 PM)</i> (<a href=\"http://whereis.mit.edu/map-jpg?mapterms=W31\">W31-301</a>) or <i>T EVE (5-7 PM)</i> (<a href=\"http://whereis.mit.edu/map-jpg?mapterms=W31\">W31-301</a>) or <i>W EVE (5-7 PM)</i> (<a href=\"http://whereis.mit.edu/map-jpg?mapterms=W31\">W31-301</a>) or <i>R EVE (5-7 PM)</i> (<a href=\"http://whereis.mit.edu/map-jpg?mapterms=W31\">W31-301</a>)<!--s-->An introduction to geographic information systems (GIS) as applied to urban and regional planning, community development, and local government. Emphasis on learning GIS technology and spatial analysis techniques through extensive hands-on exercises using real-world data sets such as the US census of population and housing. Includes a small project on an urban planning problem involving the selection of appropriate methods, the use of primary and secondary data, computer-based modeling, and spatial analysis. Enrollment limited; preference to MCP students.<I>S. Williams</I>No textbook information available</p><!--end-->","title":"11.520 Workshop on Geographic Information Systems","time":"2:00 p.m. - 3:00 p.m.","location":"9-35","meets":"Monday,Wednesday"}