{"id":"11.520","school":"MIT","subject":"Urban Studies and Planning","semester":"Fall","description":"An introduction to geographic information systems (GIS) as applied to urban and regional planning, community development, and local government. Emphasis on learning GIS technology and spatial analysis techniques through extensive hands-on exercises using real-world data sets such as the US census of population and housing. Includes a small project on an urban planning problem involving the selection of appropriate methods, the use of primary and secondary data, computer-based modeling, and spatial analysis. Enrollment limited; preference to MCP students.<br><I>S. Williams</I><br>No textbook information available","title":"11.520 Workshop on Geographic Information Systems","time":"2:00 p.m. - 3:00 p.m.","location":"9-35","meets":"Monday,Wednesday"}