{"id":"11.601","school":"MIT","subject":"Urban Studies and Planning","semester":"Fall","description":"<a name=\"11.601\"></a><p><h3>11.601 Introduction to Environmental Policy and Planning</h3>  ()Prereq: NoneUnits: 3-0-9<b>Lecture:</b> <i>TR9.30-11</i> (<a href=\"http://whereis.mit.edu/map-jpg?mapterms=56\">56-167</a>)<!--s-->Required introductory subject for graduate students pursuing environmental policy and planning as their specialization in the MCP Program. Also open to other graduate students interested in environmental policymaking and the practice of environmental planning. Taught comparatively, with numerous references to examples from around the world. Four major areas of focus: National Environmental Policymaking, Environmental Ethics, Environmental Forecasting and Analysis Techniques, and Strategies for Collaborative Decision-making.<I>L. Susskind</I><a href=\"javascript:PopUpHelp('http://sisapp.mit.edu/textbook/books.html?Term=2015FA&Subject=11.601');\" >Textbooks (Fall 2014)</a></font></p><!--end-->","title":"11.601 Introduction to Environmental Policy and Planning","time":"9:00 a.m. - 10:00 a.m.","location":"56-16","meets":"Tuesday,Thursday"}