{"id":"11.701","school":"MIT","subject":"Urban Studies and Planning","semester":"Fall","description":"Studies interaction between planners and institutions at different scales, from local to global/transnational. Emphasizes a historical and institutional approaches to development planning. Includes an overview of theories of development, state, organizational arrangements, and implementation mechanisms. Covers current topics in development planning, such as decentralization, participatory planning, urban-rural linkages, corruption, legal institutions and post-conflict development. Analyzes various roles planners play in different institutional contexts. Restricted to first-year MCP and SPURS students.<br><I>B. Rajagopal</I><br>No textbook information available","title":"11.701 Introduction to International Development Planning","time":"9:00 a.m. - 10:00 a.m.","location":"9-450","meets":"Tuesday,Thursday"}