{"id":"11.909","school":"MIT","subject":"Urban Studies and Planning","semester":"Fall","description":"<a name=\"11.909\"></a><p><h3>11.909 Graduate Tutorial</h3>  () Prereq: NoneUnits arranged [P/D/F]TBA. <!--s-->Planned programs of instruction for a minimum of three students on a planning topic not covered in regular subjects of instruction. Registration subject to prior arrangement with appropriate faculty member.StaffNo textbook information available</p><!--end-->","title":"11.909 Graduate Tutorial"}