{"id":"11.908","school":"MIT","subject":"Urban Studies and Planning","semester":"Fall","description":"<a name=\"11.908\"></a><h3>11.908 Urban Fieldwork</h3>  (, , ) Prereq: NoneUnits arrangedTBA. <!--s-->Practical application of planning techniques to towns, cities, and regions, including problems of replanning, redevelopment, and renewal of existing communities. Includes internships, under staff supervision, in municipal and state agencies and departments.StaffNo required or recommended textbooks</p><!--end-->","title":"11.908 Urban Fieldwork"}