{"id":"11.910","school":"MIT","subject":"Urban Studies and Planning","semester":"Fall","description":"<a name=\"11.910\"></a><p><h3>11.910 Doctoral Tutorial</h3>  () Prereq: NoneUnits arranged [P/D/F]Selected dates. <b>Lecture:</b> <i>R11-12.30</i> (<a href=\"http://whereis.mit.edu/map-jpg?mapterms=9\">9-450B</a>)<!--s-->Planned programs of instruction for a minimum of three students on a planning topic not covered in regular subjects of instruction. Registration subject to prior arrangement with appropriate faculty member.<I>L. Vale, J. Zhao</I>No textbook information available</p><!--end-->","title":"11.910 Doctoral Tutorial","time":"11:00 a.m. - 12:00 p.m.","location":"9-450","meets":"Thursday"}