{"id":"11.S944","school":"MIT","subject":"Urban Studies and Planning","semester":"Fall","description":"For graduate students wishing to pursue further study in advanced areas of urban studies and city and regional planning not covered in regular subjects of instruction.<br><I>M. Kothari</I><br><b>11.S940:</b> <a href=\"javascript:PopUpHelp('http://sisapp.mit.edu/textbook/books.html?Term=2015FA&Subject=11.S940');\" >Textbooks (Fall 2014)</a></font><br><b>11.S941:</b> No textbook information available<br><b>11.S942:</b> No textbook information available<br><b>11.S943:</b> No textbook information available<br><b>11.S944:</b> <a href=\"javascript:PopUpHelp('http://sisapp.mit.edu/textbook/books.html?Term=2015FA&Subject=11.S944');\" >Textbooks (Fall 2014)</a></font>","title":"11.S940-11.S944 Special Subject: Urban Studies and Planning","time":"2:00 p.m. - 3:00 p.m.","location":"9-450","meets":"Thursday"}