{"id":"11.THT","school":"MIT","subject":"Urban Studies and Planning","semester":"Fall","description":"<a name=\"11.THT\"></a><p><h3>11.THTJ Thesis Research Design Seminar</h3>  () (Same subject as <A HREF=\"m4g.html#4.THT\">4.THTJ</A>)Prereq: NoneUnits: 3-0-9<b>Lecture:</b> <i>TR8-9.30</i> (<a href=\"http://whereis.mit.edu/map-jpg?mapterms=9\">9-450A</a>)<!--s-->Designed for students writing a thesis in Urban Studies and Planning or Architecture. Develop research topics, review relevant research and scholarship, frame research questions and arguments, choose an appropriate methodology for analysis, and draft introductory and methodology sections.<I>C. Abbanat</I><a href=\"javascript:PopUpHelp('http://sisapp.mit.edu/textbook/books.html?Term=2015FA&Subject=11.THT');\" >Textbooks (Fall 2014)</a></font></p><!--end-->","title":"11.THTJ Thesis Research Design Seminar","time":"8:00 a.m. - 9:00 a.m.","location":"9-450","meets":"Tuesday,Thursday"}