{"id":"12.099","school":"MIT","subject":"Earth, Atmospheric, and Planetary Sciences","semester":"Fall","description":"<a name=\"12.099\"></a><p><h3>12.099 Current Topics in Planetary Science</h3>  (, , ) Prereq: Permission of instructorUnits arranged [P/D/F]<b>Lecture:</b> <i>M EVE (4-6 PM)</i> (<a href=\"http://whereis.mit.edu/map-jpg?mapterms=2\">2-105</a>)<!--s-->Laboratory or field work in planetary science. To be arranged with department faculty. Consult with department Education Office.<I>EAPS Faculty</I>No textbook information available</p><!--end--><h3>Geology and Geochemistry</h3>","title":"12.099 Current Topics in Planetary Science","time":"","location":"2-10","meets":"Monday"}