{"id":"12.010","school":"MIT","subject":"Earth, Atmospheric, and Planetary Sciences","semester":"Fall","description":"Introduces programming languages and techniques used by physical scientists: FORTRAN, C, C++, MatLab, and Mathematica. Emphasis on program design, algorithm development and verification, and comparative advantages and disadvantages of different languages. Students first learn the basic usage of each language, common types of problems encountered, and techniques for solving a variety of problems encountered in contemporary research: examination of data with visualization techniques, numerical analysis, and methods of dissemination and verification. No prior programming experience is required.<br><I>T. Herring, C. Hill</I><br>No required or recommended textbooks","title":"12.010 Computational Methods of Scientific Programming","time":"2:00 p.m. - 3:00 p.m.","location":"54-81","meets":"Tuesday,Thursday"}