{"id":"12.093","school":"MIT","subject":"Earth, Atmospheric, and Planetary Sciences","semester":"Fall","description":"<a name=\"12.093\"></a><h3>12.093 Current Topics in Geology and Geochemistry</h3>  (, , ) Not offered regularly; consult departmentPrereq: Permission of instructorUnits arranged [P/D/F]Laboratory or field work in geology and geochemistry. To be arranged with department faculty. Consult with department Education Office.<I>EAPS Faculty</I></p><!--end-->","title":"12.093 Current Topics in Geology and Geochemistry"}