{"id":"12.091","school":"MIT","subject":"Earth, Atmospheric, and Planetary Sciences","semester":"Fall","description":"<a name=\"12.091\"></a><h3>12.091 Current Topics in Earth, Atmospheric, and Planetary Sciences</h3>  (, , ) Prereq: Permission of instructorUnits arranged [P/D/F]TBA. <!--s-->Laboratory or field work in earth, atmospheric, and planetary sciences. Consult with department Education Office.<I>EAPS Faculty</I>No textbook information available</p><!--end-->","title":"12.091 Current Topics in Earth, Atmospheric, and Planetary Sciences"}