{"id":"12.000","school":"MIT","subject":"Earth, Atmospheric, and Planetary Sciences","semester":"Fall","description":"<a name=\"12.000\"></a><p><h3>12.000 Solving Complex Problems</h3>  ()Prereq: NoneUnits: 1-2-61st mtg Sep 3 at 3 pm. Room 32-123. <b>Lecture:</b> <i>MW3</i> (<a href=\"http://whereis.mit.edu/map-jpg?mapterms=32\">32-123</a>) <b>Lab:</b> <i>F3</i> (<a href=\"http://whereis.mit.edu/map-jpg?mapterms=3\">3-270</a>) <b>Recitation:</b> <i>MWF3</i> (<a href=\"http://whereis.mit.edu/map-jpg?mapterms=E25\">E25-117</a>)<!--s-->Provides an opportunity for entering freshmen to gain firsthand experience in integrating the work of small teams to develop effective solutions to complex problems in Earth system science and engineering. Each year's class explores a different problem in detail through the study of complementary case histories and the development of creative solution strategies. Includes exercises in website development, written and oral communication, and team building. Subject required for students in the Terrascope freshman program, but participation in Terrascope is not required of all 12.000 students. Students who pass 12.000 are eligible to participate in the Terrascope field trip the following spring. Limited to freshmen.<I>S. Bowring</I>No required or recommended textbooks</p><!--end-->","title":"12.000 Solving Complex Problems","time":"3:00 p.m. - 4:00 p.m.","location":"32-12","meets":"Monday,Wednesday"}