{"id":"12.086","school":"MIT","subject":"Earth, Atmospheric, and Planetary Sciences","semester":"Fall","description":"<a name=\"12.086\"></a><p><h3>12.086 Modeling Environmental Complexity</h3>  ()(Subject meets with <A HREF=\"m12b.html#12.586\">12.586</A>)Prereq: <a href=\"m18a.html#18.03\">18.03</a>Units: 3-0-9<b>Lecture:</b> <i>TR11-12.30</i> (<a href=\"http://whereis.mit.edu/map-jpg?mapterms=56\">56-191</a>)<!--s-->Introduction to mathematical and physical models of environmental processes. Emphasis on the development of macroscopic continuum or statistical descriptions of complex microscopic dynamics. Problems of interest include: random walks and statistical geometry of landscapes; percolation theory and transport in disordered media; fractals, scaling, and universality; ecological dynamics and the structure of ecosystems, food webs, and other natural networks; kinetics of biogeochemical cycles. Appropriate for advanced undergraduates. Beginning graduate students are encouraged to register for 12.586. Students taking the graduate version complete different assignments.<I>D. H. Rothman</I>No required or recommended textbooks</p><!--end-->","title":"12.086 Modeling Environmental Complexity","time":"11:00 a.m. - 12:00 p.m.","location":"56-19","meets":"Tuesday,Thursday"}