{"id":"12.098","school":"MIT","subject":"Earth, Atmospheric, and Planetary Sciences","semester":"Fall","description":"<a name=\"12.098\"></a><p><h3>12.098 Current Topics in Planetary Science</h3>  (, , ) Prereq: Permission of instructorUnits arranged<b>Lecture:</b> <i>MF3-4.30</i> (<a href=\"http://whereis.mit.edu/map-jpg?mapterms=54\">54-819</a>)<!--s-->Laboratory or field work in planetary science. To be arranged with department faculty. Consult with department Education Office.<I>H. Schlichting</I>No required or recommended textbooks</p><!--end-->","title":"12.098 Current Topics in Planetary Science","time":"3:00 p.m. - 4:00 p.m.","location":"54-81","meets":"Monday,Friday"}