{"id":"12.001","school":"MIT","subject":"Earth, Atmospheric, and Planetary Sciences","semester":"Fall","description":"<a name=\"12.001\"></a><p><h3>12.001 Introduction to Geology</h3>  () Prereq: NoneUnits: 3-4-5<b>Lecture:</b> <i>MWF1</i> (<a href=\"http://whereis.mit.edu/map-jpg?mapterms=54\">54-819</a>) <b>Lab:</b> <i>MWF2</i> (<a href=\"http://whereis.mit.edu/map-jpg?mapterms=54\">54-819</a>)<!--s-->Major minerals and rock types, rock-forming processes, and time scales. Temperatures, pressures, compositions, structure of the Earth, and measurement techniques. Geologic structures and relationships observable in the field. Sediment movement and landform development by moving water, wind, and ice. Crustal processes and planetary evolution in terms of global plate tectonics with an emphasis on ductile and brittle processes. Includes laboratory exercises on minerals, rocks, mapping, plate tectonics, rheology, glaciers. Two one-day field trips (optional).<I>O. Jagoutz, T. Perron</I><a href=\"javascript:PopUpHelp('http://sisapp.mit.edu/textbook/books.html?Term=2015FA&Subject=12.001');\" >Textbooks (Fall 2014)</a></font></p><!--end-->","title":"12.001 Introduction to Geology","time":"1:00 p.m. - 2:00 p.m.","location":"54-81","meets":"Monday,Wednesday,Friday"}