{"id":"12.113","school":"MIT","subject":"Earth, Atmospheric, and Planetary Sciences","semester":"Fall","description":"Introduces mechanics of rock deformation. Discusses recognition, interpretation, and mechanics of faults, folds, structural features of igneous and metamorphic rocks, and superposed deformations. Introduces regional structural geology and tectonics. Laboratory includes techniques of structural analysis, recognition and interpretation of structures on geologic maps, and construction of interpretive cross sections.<br><I>B. C. Burchfiel and O. Jagoutz</I><br><a href=\"javascript:PopUpHelp('http://sisapp.mit.edu/textbook/books.html?Term=2015FA&Subject=12.113');\" >Textbooks (Fall 2014)</a></font>","title":"12.113 Structural Geology","time":"3:00 p.m. - 4:00 p.m.","location":"54-102","meets":"Monday,Wednesday"}