{"id":"12.170","school":"MIT","subject":"Earth, Atmospheric, and Planetary Sciences","semester":"Fall","description":"Studies the geology of planetary interiors and surfaces, including plate tectonics, as a unifying theory of terrestrial geology, surface processes, and the Earth's interior. Covers igneous, metamorphic, and sedimentary processes associated with tectonic settings and the typical rock suites created; mineral and rock identification; and causes of compositional differences on many scales (mineral grains, rocks, regions of the Earth, different planets). Also addresses conditions required for melting and melting processes; rock structure and field techniques; and Earth history. Treatment of these topics includes discussions of the geochemical, petrologic, geochronological, experimental, or field techniques used to investigate them; the limitations of current geological techniques and geological controversies; and major geological expeditions, experiments, and studies from the past, along with their premises and results. Students taking graduate version complete additional assignments.<br><I>EAPS Staff</I><br>","title":"12.170 Essentials of Geology</h3>  ()Not offered regularly; consult department(Subject meets with <A HREF=\"m12b.html#12.470\">12.470</A>)Prereq: <a href=\"./search.cgi?search=&cred=p2\" title=\"8.02, 8.021, 8.022\">Physics II (GIR)</a>, <a href=\"./search.cgi?search=&cred=m2\" title=\"18.02, 18.02A, 18.022, 18.023, 18.024\">Calculus II (GIR)</a>; or permission of instructorUnits: 4-0-8 <i><b>Subject Cancelled</b></i> <!--s-->Studies the geology of planetary interiors and surfaces, including plate tectonics, as a unifying theory of terrestrial geology, surface processes, and the Earth's interior. Covers igneous, metamorphic, and sedimentary processes associated with tectonic settings and the typical rock suites created; mineral and rock identification; and causes of compositional differences on many scales (mineral grains, rocks, regions of the Earth, different planets). Also addresses conditions required for melting and melting processes; rock structure and field techniques; and Earth history. Treatment of these topics includes discussions of the geochemical, petrologic, geochronological, experimental, or field techniques used to investigate them; the limitations of current geological techniques and geological controversies; and major geological expeditions, experiments, and studies from the past, along with their premises and results. Students taking graduate version complete additional assignments.<I>EAPS Staff</I></p><!--end--><h3>Geophysics"}