{"id":"12.201","school":"MIT","subject":"Earth, Atmospheric, and Planetary Sciences","semester":"Fall","description":"<a name=\"12.201\"></a><p><h3>12.201 Essentials of Geophysics</h3>  ()(Subject meets with <A HREF=\"m12b.html#12.501\">12.501</A>)Prereq: <a href=\"./search.cgi?search=&cred=p2\" title=\"8.02, 8.021, 8.022\">Physics II (GIR)</a>, <a href=\"m18a.html#18.03\">18.03</a>Units: 4-0-8URL: <a href=\"http://quake.mit.edu/~fjsimons/12.201-12.501.html\">http://quake.mit.edu/~fjsimons/12.201-12.501.html</a><b>Lecture:</b> <i>TR9-10.30</i> (<a href=\"http://whereis.mit.edu/map-jpg?mapterms=54\">54-824</a>) <i><b>+final</b></i><!--s-->Overview of basic topics in solid-earth geophysics, such as the Earth's rotation, gravity and magnetic field, seismology, and thermal structure. Formulation of physical principles presented in three one-hour lectures per week. Current applications discussed in an additional one-hour tutorial each week. Students taking graduate version complete different assignments.<I>G. Prieto</I>No required or recommended textbooks</p><!--end-->","title":"12.201 Essentials of Geophysics","time":"9:00 a.m. - 10:00 a.m.","location":"54-82","meets":"Tuesday,Thursday"}