{"id":"12.335","school":"MIT","subject":"Earth, Atmospheric, and Planetary Sciences","semester":"Fall","description":"Introduces the atmospheric chemistry involved in climate change, air pollution, and ozone depletion using a combination of interactive laboratory and field studies and simple computer models. Uses instruments for trace gas and aerosol measurements and methods for inferring fundamental information from these measurements. Provides instruction and practice in written and oral communication. Students taking the graduate version complete different assignments.<br><I>R. Prinn, S. Ono, K. Dryer</I><br><a href=\"javascript:PopUpHelp('http://sisapp.mit.edu/textbook/books.html?Term=2015FA&Subject=12.335');\" >Textbooks (Fall 2014)</a></font>","title":"12.335 Experimental Atmospheric Chemistry","time":"1:00 p.m. - 2:00 p.m.","location":"54-51","meets":"Tuesday,Thursday"}