{"id":"12.310","school":"MIT","subject":"Earth, Atmospheric, and Planetary Sciences","semester":"Fall","description":"<a name=\"12.310\"></a><p><h3>12.310 An Introduction to Weather Forecasting</h3>  ()Prereq: <a href=\"./search.cgi?search=&cred=p1\" title=\"8.01, 8.01L, 8.011, 8.012\">Physics I (GIR)</a>, <a href=\"./search.cgi?search=&cred=m1\" title=\"18.01, 18.01A, 18.014\">Calculus I (GIR)</a>Units: 1-1-4 [P/D/F]URL: <a href=\"http://paoc.mit.edu/synoptic/courses/12.310/12310.htm\">http://paoc.mit.edu/synoptic/courses/12.310/12310.htm</a>Basic principles of synoptic meteorology and weather forecasting. Analysis of hourly weather data and numerical weather prediction models. Regular preparation of weather forecasts.<I>L. Illari</I></p><!--end--><a name=\"12.320A\"></a><p><h3>12.320AJ Introduction to Hydrology and Water Resources(New)</h3>  (); first half of term(Same subject as <A HREF=\"m1a.html#1.070A\">1.070AJ</A>)Prereq: <a href=\"m1a.html#1.060A\">1.060A</a>; <I>Coreq: <a href=\"m1a.html#1.061A\">1.061A</a>, <a href=\"m1a.html#1.106\">1.106</a></I>Units: 2-0-4Ends Oct 17. <b>Lecture:</b> <i>TR9.30-11</i> (<a href=\"http://whereis.mit.edu/map-jpg?mapterms=48\">48-316</a>) <b>Recitation:</b> <i>M1</i> (<a href=\"http://whereis.mit.edu/map-jpg?mapterms=48\">48-308</a>)<!--s-->Water in the environment; Water resource systems; The hydrologic cycle at its role in the climate system; Surface water and energy balance; evaporation and transpiration through vegetation; Precipitation formation, infiltration, storm runoff, and flood processes; Groundwater aquifers, subsurface flow and the hydraulics of wells.<I>D. Entekhabi</I>No required or recommended textbooks</p><!--end--><a name=\"12.320B\"></a><p><h3>12.320BJ Introduction to Hydrology Modeling(New)</h3>  (); second half of term(Same subject as <A HREF=\"m1a.html#1.070B\">1.070BJ</A>)Prereq: <a href=\"m1a.html#1.070A\">1.070A</a>Units: 2-0-4Begins Oct 20. <b>Lecture:</b> <i>TR9.30-11</i> (<a href=\"http://whereis.mit.edu/map-jpg?mapterms=48\">48-316</a>) <b>Recitation:</b> <i>M1</i> (<a href=\"http://whereis.mit.edu/map-jpg?mapterms=48\">48-308</a>) <i><b>+final</b></i><!--s-->Develops understanding of numerical modeling of aquifers, groundwater flow and contaminant transport, as well as uncertainty and risk analysis for water resources.<I>D. Entekhabi</I>No textbook information available</p><!--end-->","title":"12.310 An Introduction to Weather Forecasting","time":"9:00 a.m. - 10:00 a.m.","location":"48-31","meets":"Tuesday,Thursday"}