{"id":"12.446","school":"MIT","subject":"Earth, Atmospheric, and Planetary Sciences","semester":"Fall","description":"<a name=\"12.446\"></a><p><h3>12.446 Teaching Experience in EAPS</h3>  (, ) Prereq: NoneUnits arranged [P/D/F]TBA. <!--s-->Recognizes the educational value derived from satisfactory performance of assigned duties as a Teaching Assistant. Laboratory, field, recitation, or classroom teaching under supervision of a faculty member. Credit for this subject may not be used for any degree granted by Course 12. Total enrollment limited by availability of suitable teaching assignments.<I>EAPS Staff</I>No textbook information available</p><!--end-->","title":"12.446 Teaching Experience in EAPS"}