{"id":"12.451","school":"MIT","subject":"Earth, Atmospheric, and Planetary Sciences","semester":"Fall","description":"Applies techniques of tectonic synthesis to study the roles of particular orogenic belts in global plate tectonics. Treats different applications in different terms, so that the subject may be taken repeatedly to learn the range of orogenic responses to temporal and spatial variations of activity at plate boundaries.<br><I>B. C. Burchfiel, L. H. Royden</I><br>No textbook information available","title":"12.451 Seminar in Regional Tectonics"}