{"id":"12.454","school":"MIT","subject":"Earth, Atmospheric, and Planetary Sciences","semester":"Fall","description":"<a name=\"12.454\"></a><p><h3>12.453-12.454 Crosby Lectures in Geology</h3>  (, )  Not offered regularly; consult departmentPrereq: Permission of instructorUnits: 3-0-6 [P/D/F] <i><b>12.453 Cancelled</b></i>  <!--s--> <i><b>12.454 Cancelled</b></i>  <!--s-->A series of presentations on an advanced topic in the field of geology by the visiting William Otis Crosby lecturer. The Crosby lectureship is awarded to a distinguished international scientist each year to introduce new scientific perspectives to the MIT community. Subject content and structure vary from year to year.<I>Consult Department Education Office</I></p><!--end-->","title":"12.453-12.454 Crosby Lectures in Geology"}