{"id":"12.461","school":"MIT","subject":"Earth, Atmospheric, and Planetary Sciences","semester":"Fall","description":"<a name=\"12.461\"></a><p><h3>12.460-12.461 Current Research in Geology and Geochemistry</h3>  (, , )  Prereq: Permission of instructorUnits arranged [P/D/F]<b>12.460:</b> TBA. <!--s--><b>12.461:</b> TBA. <!--s-->Original investigations on problems in geology, petrology, mineralogy, geochemistry, or geobiology. 12.460 is letter-graded.<I>EAPS Staff</I><b>12.460:</b> No textbook information available<b>12.461:</b> No textbook information available</p><!--end-->","title":"12.460-12.461 Current Research in Geology and Geochemistry"}