{"id":"12.480","school":"MIT","subject":"Earth, Atmospheric, and Planetary Sciences","semester":"Fall","description":"Principles of thermodynamics are used to infer the physical conditions of formation and modification of igneous and metamorphic rocks. Includes phase equilibria of homogeneous and heterogeneous systems and thermodynamic modelling of non-ideal crystalline solutions. Surveys the processes that lead to the formation of metamorphic and igneous rocks in the major tectonic environments in the Earth's crust and mantle.<br><I>T. L. Grove</I><br><a href=\"javascript:PopUpHelp('http://sisapp.mit.edu/textbook/books.html?Term=2015FA&Subject=12.480');\" >Textbooks (Fall 2014)</a></font>","title":"12.480 Thermodynamics for Geoscientists","time":"9:00 a.m. - 10:00 a.m.","location":"54-81","meets":"Monday,Wednesday"}