{"id":"12.410","school":"MIT","subject":"Earth, Atmospheric, and Planetary Sciences","semester":"Fall","description":"Fundamental physical and optical principles used for astronomical measurements at visible wavelengths and practical methods of astronomical observations. Topics: astronomical coordinates, time, optics, telescopes, photon counting, signal-to-noise ratios, data analysis (including least-squares model fitting), limitations imposed by the Earth's atmosphere on optical observations, CCD detectors, photometry, spectroscopy, astrometry, and time variability. Project at Wallace Astrophysical Observatory. Written and oral project reports. Limited to 18; preference to Course 8 and Course 12 majors and minors.<br><I>R. Binzel, A. Bosh</I><br><a href=\"javascript:PopUpHelp('http://sisapp.mit.edu/textbook/books.html?Term=2015FA&Subject=12.410');\" >Textbooks (Fall 2014)</a></font>","title":"12.410J Observational Techniques of Optical Astronomy","time":"1:00 p.m. - 2:00 p.m.","location":"54-162","meets":"Monday,Wednesday,Friday"}