{"id":"12.449","school":"MIT","subject":"Earth, Atmospheric, and Planetary Sciences","semester":"Fall","description":"<a name=\"12.449\"></a><p><h3>12.448, 12.449 Collaborative Seminar in Atmospheres, Oceans and Climate</h3>  (, )  Not offered regularly; consult departmentPrereq: Permission of instructorUnits arranged <i><b>12.448 Cancelled</b></i>  <!--s-->Focuses on problems of current interest in atmospheres, oceans, and climate; subject matter varies from term to term. Includes guest speakers from outside of EAPS. 12.449 is graded P/D/F.<I>PAOC Staff</I></p><!--end-->","title":"12.448, 12.449 Collaborative Seminar in Atmospheres, Oceans and Climate"}