{"id":"12.445","school":"MIT","subject":"Earth, Atmospheric, and Planetary Sciences","semester":"Fall","description":"<a name=\"12.445\"></a><p><h3>12.445 Communication in the Earth, Atmospheric, and Planetary Sciences</h3>  () Prereq: Permission of instructorUnits: 3-0-3 [P/D/F]<b>Lecture:</b> <i>W3-5</i> (<a href=\"http://whereis.mit.edu/map-jpg?mapterms=54\">54-824</a>)<!--s-->Concentrated instruction and practice in professional writing and presentation. Topics include review of various communication styles prevalent in the field; strategies for tailoring reports, technical papers, and presentations for specific audiences; and mechanics of organization and style. Weekly assignments in writing or speaking, with peer and instructor feedback. Limited to 6.<I>F. D. Morgan</I>No required or recommended textbooks</p><!--end-->","title":"12.445 Communication in the Earth, Atmospheric, and Planetary Sciences","time":"3:00 p.m. - 4:00 p.m.","location":"54-82","meets":"Wednesday"}