{"id":"12.581","school":"MIT","subject":"Earth, Atmospheric, and Planetary Sciences","semester":"Fall","description":"<a name=\"12.581\"></a><p><h3>12.580-12.581 Current Research in Geophysics</h3>  (, , , )  Prereq: Permission of instructorUnits arranged [P/D/F]<b>12.580:</b> TBA. <!--s--><b>12.581:</b> TBA. <!--s-->Original investigations, laboratory work, or fieldwork in geophysics. 12.580 is letter-graded.<I>Geophysics Staff</I><b>12.580:</b> No textbook information available<b>12.581:</b> No textbook information available</p><!--end-->","title":"12.580-12.581 Current Research in Geophysics"}