{"id":"12.525","school":"MIT","subject":"Earth, Atmospheric, and Planetary Sciences","semester":"Fall","description":"<a name=\"12.525\"></a><p><h3>12.525 Mechanisms of Faulting and Earthquakes</h3>  () Prereq: Permission of instructorUnits: 3-0-9TBA. <!--s-->Explores the fundamental mechanics of faulting and earthquakes from four related perspectives: seismology, geodesy, geodynamics, and rheology.  Topics to be covered include (1) the physical processes that control the rheology of faults, including friction and fracture, (2) how these rheological processes are manifest in faulting and earthquakes in the earth from a geodynamics perspective, and (3) how the mechanics of faulting and earthquakes are constrained by seismological and geodetic observations.  Both continental and oceanic examples of faulting and earthquakes will be featured.<I>J. Lin, J. McGuire, Y. Liu</I>No textbook information available</p><!--end-->","title":"12.525 Mechanisms of Faulting and Earthquakes"}