{"id":"12.652","school":"MIT","subject":"Earth, Atmospheric, and Planetary Sciences","semester":"Fall","description":"<a name=\"12.652\"></a><p><h3>12.652 Current Topics in Planetary Science</h3>  (, )  Not offered regularly; consult departmentPrereq: Permission of instructorUnits: 3-0-9 [P/D/F] <i><b>Subject Cancelled</b></i>  <!--s-->In-depth discussion of current and classic literature on selected topics in the specialty areas of asteroids and the Pluto-Charon system. Topics vary from year to year.<I>R. P. Binzel</I></p><!--end-->","title":"12.652 Current Topics in Planetary Science"}