{"id":"12.771","school":"MIT","subject":"Earth, Atmospheric, and Planetary Sciences","semester":"Fall","description":"<a name=\"12.771\"></a><p><h3>12.770-12.771 Seminar in Chemical Oceanography at MIT</h3>  (, )  Not offered regularly; consult departmentPrereq: Permission of instructorUnits arranged [P/D/F]Topics in chemical oceanography taught at MIT. Content varies from term to term. 12.770 is letter-graded.<I>Chemical Oceanography Staff</I></p><!--end--><h3>Atmospheres, Oceans, and Climate</h3>","title":"12.770-12.771 Seminar in Chemical Oceanography at MIT"}