{"id":"12.731","school":"MIT","subject":"Earth, Atmospheric, and Planetary Sciences","semester":"Fall","description":"Original investigations, laboratory work, or fieldwork in marine geology and geophysics under the supervision of a faculty member in residence at MIT. For students in the MIT/WHOI Joint Program. 12.730 is letter-graded.<br><I>Marine Geology and Geophysics Staff</I><br><b>12.730:</b> No textbook information available<br><b>12.731:</b> No textbook information available","title":"12.730-12.731 Current Research in Marine Geology and Geophysics at MIT"}