{"id":"12.716","school":"MIT","subject":"Earth, Atmospheric, and Planetary Sciences","semester":"Fall","description":"Quantitative analysis of melting, melt transport, and igneous crustal accretion at oceanic spreading centers, rifted continental margins, and subduction-related arcs, applied to understanding variation in composition and volume of the Earth's crust in different tectonic environments. Theoretical methods for calculation of melt volume and composition, solid-liquid equilibria and reaction rates, and liquid density and viscosity combined with field, petrographic, geochemical, and computational techniques. Topics vary from year to year.<br><I>H. Dick, G. Gaetani  (WHOI)</I><br>No required or recommended textbooks","title":"12.716 Igneous Processes at Oceanic Margins"}