{"id":"12.744","school":"MIT","subject":"Earth, Atmospheric, and Planetary Sciences","semester":"Fall","description":"<a name=\"12.744\"></a><p><h3>12.744 Marine Isotope Chemistry</h3>  () Prereq: <a href=\"m12c.html#12.748\">12.748</a> or permission of the instructorUnits: 2-0-4Meets at WHOI. TBA. <!--s-->Focuses on isotope systematics applied to important problems in marine chemistry, specifically isotope systematics of light stable isotopes and intermediate mass stable isotope systematics.<I>WHOI Staff</I>No required or recommended textbooks</p><!--end-->","title":"12.744 Marine Isotope Chemistry"}