{"id":"12.771","school":"MIT","subject":"Earth, Atmospheric, and Planetary Sciences","semester":"Fall","description":"Topics in chemical oceanography taught at MIT. Content varies from term to term. 12.770 is letter-graded.<br><I>Chemical Oceanography Staff</I><br>","title":"12.770-12.771 Seminar in Chemical Oceanography at MIT</h3>  (, )  Not offered regularly; consult departmentPrereq: Permission of instructorUnits arranged [P/D/F]Topics in chemical oceanography taught at MIT. Content varies from term to term. 12.770 is letter-graded.<I>Chemical Oceanography Staff</I></p><!--end--><h3>Atmospheres, Oceans, and Climate"}