{"id":"12.800","school":"MIT","subject":"Earth, Atmospheric, and Planetary Sciences","semester":"Fall","description":"<a name=\"12.800\"></a><p><h3>12.800 Fluid Dynamics of the Atmosphere and Ocean</h3>  () Prereq: <a href=\"m8a.html#8.03\">8.03</a>, <a href=\"m18a.html#18.04\">18.04</a>Units: 3-0-9Meets at WHOI. TBA. <!--s-->Introduction to fluid dynamics. Students acquire an understanding of some of the basic concepts of fluid dynamics that are needed as a foundation for advanced courses in atmospheric science, physical oceanography, ocean engineering, climate science, etc. Emphasizes fluid fundamentals, with an atmosphere/ocean twist.<I>J. Marshall</I>No textbook information available</p><!--end-->","title":"12.800 Fluid Dynamics of the Atmosphere and Ocean"}