{"id":"12.804","school":"MIT","subject":"Earth, Atmospheric, and Planetary Sciences","semester":"Fall","description":"<a name=\"12.804\"></a><p><h3>12.804 Large-scale Flow Dynamics Laboratory</h3>  () Prereq: <a href=\"m12c.html#12.800\">12.800</a>, <I>Coreq: <a href=\"m12c.html#12.803\">12.803</a></I>Units: 0-3-9<b>Lecture:</b> <i>MW3.30-5</i> (<a href=\"http://whereis.mit.edu/map-jpg?mapterms=54\">54-1623</a>)<!--s-->Analysis of observations of oceanic and atmospheric quasi-balanced flows, and rotating tank experiments. Illustrates the basic principles of potential vorticity conservation and inversion, Rossby wave propagation, baroclinic instability, and the behavior of isolated vortices. Presents critical summaries of the results of each project in written reports and oral presentations.<I>L. Illari, G. Flierl</I>No required or recommended textbooks</p><!--end-->","title":"12.804 Large-scale Flow Dynamics Laboratory","time":"3:00 p.m. - 4:00 p.m.","location":"54-162","meets":"Monday,Wednesday"}