{"id":"12.885","school":"MIT","subject":"Earth, Atmospheric, and Planetary Sciences","semester":"Fall","description":"Examines the role of science in US and international environmental policymaking. Surveys the methods by which scientists learn about the natural world; the treatment of science by experts, advocates, the media, and the public and the way science is used in legislative, administrative and judicial decision making.  Through lectures, group discussions, and written essays, students develop a critical understanding of the role of science in environmental policy.  Potential case studies include fisheries management, ozone depletion, global warming, smog, and endangered species. Students taking the graduate version complete different assignments.<br><I>S. Solomon, J. Layzer</I><br>No textbook information available","title":"12.885J Science, Politics, and Environmental Policy","time":"","location":"54-82","meets":"Monday"}