{"id":"12.866","school":"MIT","subject":"Earth, Atmospheric, and Planetary Sciences","semester":"Fall","description":"A review of wind-driven circulation, and the development of the baroclinic theory of the wind-driven circulation. Potential vorticity homohenization and the ventilated thermocline. Wind-driven circulation with continuous stratification, subduction/obduction. Equatorial thermocline and its relation to ENSO. Decadal climate variability. Thermohaline circulation and variability. Abyssal circulation. Mixing and energetics of the oceanic general circulation.<br><I>R. X. Huang (WHOI)</I><br>No textbook information available","title":"12.866 Theory of the General Circulation of the Ocean"}