{"id":"12.835","school":"MIT","subject":"Earth, Atmospheric, and Planetary Sciences","semester":"Fall","description":"<a name=\"12.835\"></a><p><h3>12.835 Experimental Atmospheric Chemistry</h3>  () (Subject meets with <A HREF=\"m12a.html#12.335\">12.335</A>)Prereq: Permission of instructorUnits: 2-4-6<b>Lecture:</b> <i>TR1.30-3</i> (<a href=\"http://whereis.mit.edu/map-jpg?mapterms=54\">54-517</a>)<!--s-->Introduces the atmospheric chemistry involved in climate change, air pollution, and ozone depletion using a combination of interactive laboratory and field studies and simple computer models. Uses instruments for trace gas and aerosol measurements and methods for inferring fundamental information from these measurements. Students taking the graduate version complete different assignments.<I>R. Prinn, S. Ono, K. Dryer</I><a href=\"javascript:PopUpHelp('http://sisapp.mit.edu/textbook/books.html?Term=2015FA&Subject=12.835');\" >Textbooks (Fall 2014)</a></font></p><!--end-->","title":"12.835 Experimental Atmospheric Chemistry","time":"1:00 p.m. - 2:00 p.m.","location":"54-51","meets":"Tuesday,Thursday"}