{"id":"12.870","school":"MIT","subject":"Earth, Atmospheric, and Planetary Sciences","semester":"Fall","description":"<a name=\"12.870\"></a><p><h3>12.870 Air-Sea Interaction: Boundary Layers</h3>  () Prereq: Graduate-level fluid mechanics and a subject on waves, or permission of instructorUnits: 3-0-9TBA. <!--s-->Addresses the interaction of the atmosphere and ocean on temporal scales from seconds to days and spatial scales from centimeters to kilometers.  Topics include the generation, propagation, and decay of surface waves; the processes by which mass, heat, momentum, and energy are transported vertically within the coupled atmospheric and oceanic boundary layers and across the air-sea interface; and the statistical tools, mathematical models, and observational methods that are used to quantify these processes.<I>J. Trowbridge, E. Terray (WHOI)</I>No textbook information available</p><!--end-->","title":"12.870 Air-Sea Interaction: Boundary Layers"}