{"id":"12.824","school":"MIT","subject":"Earth, Atmospheric, and Planetary Sciences","semester":"Fall","description":"<a name=\"12.824\"></a><p><h3>12.824 Stability Theory for Oceanic & Atmospheric Flows</h3>  () Prereq: <a href=\"m12c.html#12.802\">12.802</a> or permission of instructorUnits: 3-0-91st mtg Sep 5 at 12 noon. Room 54-1427. <b>Lecture:</b> <i>TBA</i><!--s-->Basic theory of hydrodynamic instability with special application to flows of interest in oceanography and meteorology.  Topics covered include general formulation of stability theory; concept of normal modes and linearization; fundamental stability theorems; baroclinic instability: Charney model, Eady model and the Phillips two-layer model; energy transformations; initial value theory and non-modal instability; barotropic instability for jets and shear layers; radiating instabilities; initial value problems applied to the concepts of convective, absolute and spatial instabilities; finite amplitude theory; stability of non-parallel flows.<I>G. Flierl</I>No textbook information available</p><!--end-->","title":"12.824 Stability Theory for Oceanic & Atmospheric Flows"}