{"id":"12.805","school":"MIT","subject":"Earth, Atmospheric, and Planetary Sciences","semester":"Fall","description":"<a name=\"12.805\"></a><p><h3>12.805 Laboratory in Physical Oceanography</h3>  () Prereq: <a href=\"m12c.html#12.808\">12.808</a>Units: 3-0-6Meets at WHOI. TBA. <!--s-->Introduction to standard data analysis methods, including time series analysis, objective mapping, and empirical orthogonal functions. Focuses on working with data in a computer laboratory setting. Emphasizes how statistical information can be used to improve experimental design. Some attention given to the instruments and algorithms used to acquire the data.<I>K. Brink</I><a href=\"javascript:PopUpHelp('http://sisapp.mit.edu/textbook/books.html?Term=2015FA&Subject=12.805');\" >Textbooks (Fall 2014)</a></font></p><!--end-->","title":"12.805 Laboratory in Physical Oceanography"}