{"id":"12.800","school":"MIT","subject":"Earth, Atmospheric, and Planetary Sciences","semester":"Fall","description":"Introduction to fluid dynamics. Students acquire an understanding of some of the basic concepts of fluid dynamics that are needed as a foundation for advanced courses in atmospheric science, physical oceanography, ocean engineering, climate science, etc. Emphasizes fluid fundamentals, with an atmosphere/ocean twist.<br><I>J. Marshall</I><br>No textbook information available","title":"12.800 Fluid Dynamics of the Atmosphere and Ocean"}