{"id":"12.803","school":"MIT","subject":"Earth, Atmospheric, and Planetary Sciences","semester":"Fall","description":"Dynamics of large-scale circulations in oceans and atmospheres. Basic concepts include mass and momentum conservation, hydrostatic and geostrophic balance, and pressure and other vertical coordinates. Barotropic vorticity equation on the sphere and beta plane: potential vorticity (PV) and invertibility; Greens functions/point vortices. Shallow water equations; balance in forced flow, waves, and vortices; geostrophic adjustment. Stratified atmospheres and oceans: thermodynamics. The quasi-geostrophic equations; Rossby waves and vortices; upward wave radiation. Barotropic and baroclinic instabilities and theorems concerning necessary conditions. Superposition and the continuous spectrum. Equilibration of instabilities. Frontogenesis and semigeostrophy. Emphasizes numerical experiments and analytical derivations.<br><I>G. Flierl</I><br>No required or recommended textbooks","title":"12.803 Quasi-balanced Circulations in Oceans and Atmospheres","time":"1:00 p.m. - 2:00 p.m.","location":"54-82","meets":"Monday,Wednesday"}