{"id":"12.981","school":"MIT","subject":"Earth, Atmospheric, and Planetary Sciences","semester":"Fall","description":"<a name=\"12.981\"></a><p><h3>12.980, 12.981 Current Research in Atmospheric Science</h3>  (, , )  Prereq: Permission of instructorUnits arranged [P/D/F]<b>12.980:</b> TBA. <!--s--><b>12.981:</b> TBA. <!--s-->Original investigations on problems in atmospheric science. 12.980 is letter-graded.<I>EAPS Staff</I><b>12.980:</b> No textbook information available<b>12.981:</b> No textbook information available</p><!--end-->","title":"12.980, 12.981 Current Research in Atmospheric Science"}