{"id":"12.961","school":"MIT","subject":"Earth, Atmospheric, and Planetary Sciences","semester":"Fall","description":"<a name=\"12.961\"></a><p><h3>12.960, 12.961 Current Research in Physical Oceanography at MIT</h3>  (, , )  Prereq: Permission of instructorUnits arranged [P/D/F]<b>12.960:</b> TBA. <!--s--><b>12.961:</b> TBA. <!--s-->Original investigations, laboratory work, or fieldwork in oceanography. 12.960 is letter-graded.<I>Physical Oceanography Staff</I><b>12.960:</b> No textbook information available<b>12.961:</b> No textbook information available</p><!--end-->","title":"12.960, 12.961 Current Research in Physical Oceanography at MIT"}