{"id":"12.S681","school":"MIT","subject":"Earth, Atmospheric, and Planetary Sciences","semester":"Fall","description":"Organized lecture or laboratory subject on an aspect of planetary science not normally covered in regularly scheduled subjects. 12.S680 is letter-graded.<br><I>Planetary Science Staff</I><br><b>12.S680:</b> No required or recommended textbooks<br><b>12.S681:</b> No textbook information available","title":"12.S680, 12.S681 Special Seminar in Planetary Science","time":"3:00 p.m. - 4:00 p.m.","location":"54-81","meets":"Monday,Friday"}