{"id":"14.04","school":"MIT","subject":"Economics","semester":"Fall","description":"Analysis of consumer and producer decisions including analysis of competitive and monopolistic markets. Price-based partial and general equilibrium analysis. Introduction to game theory as a foundation for the strategic analysis of economic situations. Imperfect competition, dynamic games among firms. Failures of general equilibrium theory and their resolutions: externalities, public goods, incomplete information settings, signaling, screening, insurance, alternative market mechanisms, auctions, design of markets.<br><I>J. Toikka</I><br><a href=\"javascript:PopUpHelp('http://sisapp.mit.edu/textbook/books.html?Term=2015FA&Subject=14.04');\" >Textbooks (Fall 2014)</a></font>","title":"14.04 Intermediate Microeconomic Theory"}