{"id":"14.02","school":"MIT","subject":"Economics","semester":"Fall","description":"Provides an overview of macroeconomic issues: the determination of output, employment, unemployment, interest rates, and inflation. Monetary and fiscal policies are discussed. Important current policy debates such as the sub-prime crisis, social security, the public debt, and international economic issues are critically explored. Introduces basic models of macroeconomics and illustrates principles with the experience of the US and foreign economies. Taught in two formats - lecture/recitation and recitation only - each with 3 sessions per week. Same content and exams.<br>Fall: <I>P. Willen</I><br>Spring: <I>J. Poterba</I><br><a href=\"javascript:PopUpHelp('http://sisapp.mit.edu/textbook/books.html?Term=2015FA&Subject=14.02');\" >Textbooks (Fall 2014)</a></font>","title":"14.02 Principles of Macroeconomics","time":"2:00 p.m. - 3:00 p.m.","location":"10-25","meets":"Monday,Wednesday"}