{"id":"14.191","school":"MIT","subject":"Economics","semester":"Fall","description":"<a name=\"14.191\"></a><p><h3>14.191 Independent Research Paper</h3>  (, , , )  Prereq: Permission of instructorUnits: 0-12-0TBA. <!--s-->Under supervision of a faculty member approved by Graduate Registration Officer, student writes a substantial, probably publishable research paper. Must be completed by the end of a student's second year to satisfy the departmental minor requirement.<I>N. Rose</I>No textbook information available</p><!--end-->","title":"14.191 Independent Research Paper"}