{"id":"14.121","school":"MIT","subject":"Economics","semester":"Fall","description":"<a name=\"14.121\"></a><p><h3>14.121 Microeconomic Theory I</h3>  () ; first half of termPrereq: <a href=\"m14a.html#14.04\">14.04</a>, permission of instructorUnits: 3-0-3Ends Oct 24. <b>Lecture:</b> <i>MW1-2.30</i> (<a href=\"http://whereis.mit.edu/map-jpg?mapterms=E51\">E51-395</a>) <b>Recitation:</b> <i>F1-2.30</i> (<a href=\"http://whereis.mit.edu/map-jpg?mapterms=E51\">E51-057</a>)<!--s-->Covers consumer and producer theory, markets and competition, and general equilibrium. Covers the tools of identification in price and general equilibrium theory, the fundamental welfare theorems, aggregation, and applications. Enrollment limited; preference to PhD students.<I>P. Pathak</I><a href=\"javascript:PopUpHelp('http://sisapp.mit.edu/textbook/books.html?Term=2015FA&Subject=14.121');\" >Textbooks (Fall 2014)</a></font>","title":"14.121 Microeconomic Theory I"}