{"id":"14.195","school":"MIT","subject":"Economics","semester":"Fall","description":"<a name=\"14.195\"></a><p><h3>14.195 Reading Seminar in Economics</h3>  (, , )  Prereq: <a href=\"m14a.html#14.121\">14.121</a>Units arranged [P/D/F]<b>14.195:</b> TBA. <!--s-->Reading and discussion of current topics in economics. Open to advanced graduate students by arrangement with individual members of the staff.Staff<b>14.195:</b> No textbook information available</p><!--end-->","title":"14.195 Reading Seminar in Economics"}