{"id":"14.12","school":"MIT","subject":"Economics","semester":"Fall","description":"Analysis of strategic behavior in multi-person economic settings. Introduction to solution concepts, such as rationalizability, backwards induction, Nash equilibrium, subgame-perfect equilibrium, and sequential equilibrium, with a strong emphasis on the assumptions behind these solution concepts. Issues of incomplete information, such as signaling and reputation formation. Applications drawn from microeconomics and political economy.<br><I>M. Yildiz</I><br>No textbook information available","title":"14.12 Economic Applications of Game Theory"}