{"id":"14.193","school":"MIT","subject":"Economics","semester":"Fall","description":"<a name=\"14.193\"></a><p><h3>14.193 Advanced Seminar in Economics</h3>  (, )  Prereq: <a href=\"m14a.html#14.121\">14.121</a>, <a href=\"m14b.html#14.451\">14.451</a>Units arranged<b>14.193:</b> <b>Lecture:</b> <i>M2-4</i> (<a href=\"http://whereis.mit.edu/map-jpg?mapterms=E53\">E53-438</a>)<!--s-->Reading and discussion of current topics in economics. Open to advanced graduate students by arrangement with individual members of the staff.<I>M. Piore</I><b>14.193:</b> No textbook information available</p><!--end-->","title":"14.193 Advanced Seminar in Economics"}