{"id":"14.282","school":"MIT","subject":"Economics","semester":"Fall","description":"<a name=\"14.282\"></a><p><h3>14.282 Introduction to Organizational Economics</h3>  () Prereq: <a href=\"m14a.html#14.124\">14.124</a>Units: 5-0-7<b>Lecture:</b> <i>TR1-2.30</i> (<a href=\"http://whereis.mit.edu/map-jpg?mapterms=E62\">E62-550</a>) <b>Recitation:</b> <i>F2.30-4</i> (<a href=\"http://whereis.mit.edu/map-jpg?mapterms=E62\">E62-550</a>)<!--s-->Begins with survey of contract theory for organizational economists, then introduces the main areas of the field, including the boundary of the firm; decision-making, employment, structures and processes in organizations;  and organizations other than firms.<I>M. Whinston</I>No required or recommended textbooks</p><!--end-->","title":"14.282 Introduction to Organizational Economics"}