{"id":"14.281","school":"MIT","subject":"Economics","semester":"Fall","description":"Covers theoretical research on contracts in static as well as dynamic settings. Emphasis is on canonical models in contracting (agency theory, mechanism design, incomplete contracting) illustrated by major areas of application (e.g. compensation, labor and capital markets, property rights, organizational design, corporate finance).<br><I>J. Toikka</I><br>No textbook information available","title":"14.281 Contract Economics"}