{"id":"14.26","school":"MIT","subject":"Economics","semester":"Fall","description":"Rigorous introduction to the economic theory of incentives in conjunction with a wide range of applications. These include, among others, the optimal design of sales and CEO compensation schemes; the impact of incentives on risk-taking and innovation; the analysis of venture capital and other forms of financing; and the implications of informational asymmetries among participants for the functioning of markets.<br><I>B. Holmstrom, H. Rantakari</I><br><a href=\"javascript:PopUpHelp('http://sisapp.mit.edu/textbook/books.html?Term=2015FA&Subject=14.26');\" >Textbooks (Fall 2014)</a></font>","title":"14.26 Economics of Incentives: Theory and Applications"}