{"id":"14.30","school":"MIT","subject":"Economics","semester":"Fall","description":"Self-contained introduction to probability and statistics with some economic applications.  Elements of probability theory, sampling theory, statistical estimation, and hypothesis testing. Students taking graduate version complete additional assignments. May not count toward HASS  requirement.<br>Consult Department Headquarters<br><a href=\"javascript:PopUpHelp('http://sisapp.mit.edu/textbook/books.html?Term=2015FA&Subject=14.30');\" >Textbooks (Fall 2014)</a></font>","title":"14.30 Introduction to Statistical Methods in Economics"}