{"id":"14.391","school":"MIT","subject":"Economics","semester":"Fall","description":"<a name=\"14.391\"></a><p><h3>14.391 Workshop in Economic Research</h3>  ()  Prereq: <a href=\"m14a.html#14.124\">14.124</a>, <a href=\"m14b.html#14.454\">14.454</a>Units: 2-0-10 [P/D/F]<b>Recitation:</b> <i>M2.30-4</i> (<a href=\"http://whereis.mit.edu/map-jpg?mapterms=E62\">E62-450</a>) or <i>T2.30-4</i> (HARVARD, <a href=\"http://whereis.mit.edu/map-jpg?mapterms=E62\">E62-650</a>) or <i>R EVE (4.30-6 PM)</i> (<a href=\"http://whereis.mit.edu/map-jpg?mapterms=E18\">E18-202</a>) or <i>W4-5.30</i> (<a href=\"http://whereis.mit.edu/map-jpg?mapterms=E51\">E51-151</a>) or <i>R EVE (4-6 PM)</i> (<a href=\"http://whereis.mit.edu/map-jpg?mapterms=E51\">E51-151</a>, <a href=\"http://whereis.mit.edu/map-jpg?mapterms=E53\">E53-482</a>) or <i>T EVE (4-6 PM)</i> (<a href=\"http://whereis.mit.edu/map-jpg?mapterms=E18\">E18-202</a>) or <i>M4-5.30</i> (<a href=\"http://whereis.mit.edu/map-jpg?mapterms=E18\">E18-202</a>, <a href=\"http://whereis.mit.edu/map-jpg?mapterms=E62\">E62-650</a>) or <i>M EVE (5.30-7 PM)</i> (<a href=\"http://whereis.mit.edu/map-jpg?mapterms=E19\">E19-758</a>)<!--s-->No textbook information available","title":"14.391 Workshop in Economic Research"}