{"id":"14.387","school":"MIT","subject":"Economics","semester":"Fall","description":"Covers core econometric ideas and widely used empirical modeling strategies. Course typically begins with regression and instrumental variables, then moves on to discussion of differences-in-differences and regression discontinuity methods.  Concludes with discussion of standard errors, focusing on issues such as clustering and serial correlation.<br><I>J. Angrist</I><br><a href=\"javascript:PopUpHelp('http://sisapp.mit.edu/textbook/books.html?Term=2015FA&Subject=14.387');\" >Textbooks (Fall 2014)</a></font>","title":"14.387 Applied Econometrics"}