{"id":"14.385","school":"MIT","subject":"Economics","semester":"Fall","description":"<a name=\"14.385\"></a><p><h3>14.385 Nonlinear Econometric Analysis</h3>  () Prereq: <a href=\"m14a.html#14.382\">14.382</a> or permission of instructorUnits: 5-0-7<b>Lecture:</b> <i>MW1-2.30</i> (<a href=\"http://whereis.mit.edu/map-jpg?mapterms=E17\">E17-122</a>) <b>Recitation:</b> <i>F1-2.30</i> (<a href=\"http://whereis.mit.edu/map-jpg?mapterms=E51\">E51-361</a>) <i><b>+final</b></i><!--s-->Studies micro-econometric models, including large sample theory for estimation and hypothesis testing, generalized method of moments, estimation of censored and truncated specifications, quantile regression, structural estimation, nonparametric and semiparametric estimation, panel data, bootstrapping, and simulation methods. Methods illustrated with economic applications. Enrollment limited.<I>V. Chernozhukov, W. Newey</I><a href=\"javascript:PopUpHelp('http://sisapp.mit.edu/textbook/books.html?Term=2015FA&Subject=14.385');\" >Textbooks (Fall 2014)</a></font></p><!--end-->","title":"14.385 Nonlinear Econometric Analysis"}