{"id":"14.387","school":"MIT","subject":"Economics","semester":"Fall","description":"<a name=\"14.387\"></a><p><h3>14.387 Applied Econometrics</h3>  () Prereq: <a href=\"m14a.html#14.382\">14.382</a>Units: 2-0-4 [P/D/F]<b>Lecture:</b> <i>TR9-10.30</i> (<a href=\"http://whereis.mit.edu/map-jpg?mapterms=E18\">E18-202</a>)<!--s-->Covers core econometric ideas and widely used empirical modeling strategies. Course typically begins with regression and instrumental variables, then moves on to discussion of differences-in-differences and regression discontinuity methods.  Concludes with discussion of standard errors, focusing on issues such as clustering and serial correlation.<I>J. Angrist</I><a href=\"javascript:PopUpHelp('http://sisapp.mit.edu/textbook/books.html?Term=2015FA&Subject=14.387');\" >Textbooks (Fall 2014)</a></font></p><!--end-->","title":"14.387 Applied Econometrics"}