{"id":"14.381","school":"MIT","subject":"Economics","semester":"Fall","description":"<a name=\"14.381\"></a><p><h3>14.381 Statistical Method in Economics</h3>  () Prereq: <a href=\"./search.cgi?search=&cred=m2\" title=\"18.02, 18.02A, 18.022, 18.023, 18.024\">Calculus II (GIR)</a>, permission of instructorUnits: 5-0-7<b>Lecture:</b> <i>TR2.30-4</i> (<a href=\"http://whereis.mit.edu/map-jpg?mapterms=E51\">E51-151</a>) <b>Recitation:</b> <i>F4-5.30</i> (<a href=\"http://whereis.mit.edu/map-jpg?mapterms=E51\">E51-145</a>) <i><b>+final</b></i><!--s-->Introduction to probability and statistics as background for advanced econometrics and introduction to the linear regression model. Covers elements of probability theory; sampling theory; asymptotic approximations; decision-theory approach to statistical estimation focusing on regression, hypothesis testing; and maximum-likelihood methods. Includes simple and multiple regression, estimation and hypothesis testing. Illustrations from economics and application of these concepts to economic problems. Enrollment limited.<I>A. Galichon, A. Mikusheva</I><a href=\"javascript:PopUpHelp('http://sisapp.mit.edu/textbook/books.html?Term=2015FA&Subject=14.381');\" >Textbooks (Fall 2014)</a></font></p><!--end-->","title":"14.381 Statistical Method in Economics"}