{"id":"14.381","school":"MIT","subject":"Economics","semester":"Fall","description":"Introduction to probability and statistics as background for advanced econometrics and introduction to the linear regression model. Covers elements of probability theory; sampling theory; asymptotic approximations; decision-theory approach to statistical estimation focusing on regression, hypothesis testing; and maximum-likelihood methods. Includes simple and multiple regression, estimation and hypothesis testing. Illustrations from economics and application of these concepts to economic problems. Enrollment limited.<br><I>A. Galichon, A. Mikusheva</I><br><a href=\"javascript:PopUpHelp('http://sisapp.mit.edu/textbook/books.html?Term=2015FA&Subject=14.381');\" >Textbooks (Fall 2014)</a></font>","title":"14.381 Statistical Method in Economics"}