{"id":"14.32","school":"MIT","subject":"Economics","semester":"Fall","description":"Introduction to econometric models and techniques,  emphasizing regression. Advanced topics include instrumental variables, measurement error, and limited dependent variable models. Includes problem sets. May not count toward HASS requirement.<br>Fall: <I>A. Mikusheva</I><br>Spring: <I>J. Angrist</I><br><a href=\"javascript:PopUpHelp('http://sisapp.mit.edu/textbook/books.html?Term=2015FA&Subject=14.32');\" >Textbooks (Fall 2014)</a></font>","title":"14.32 Econometrics"}