{"id":"14.461","school":"MIT","subject":"Economics","semester":"Fall","description":"<a name=\"14.461\"></a><p><h3>14.461 Advanced Macroeconomics I</h3>  () Prereq: <a href=\"m14a.html#14.122\">14.122</a>, <a href=\"m14b.html#14.452\">14.452</a>Units: 5-0-7<b>Lecture:</b> <i>TR1-2.30</i> (<a href=\"http://whereis.mit.edu/map-jpg?mapterms=E51\">E51-361</a>) <b>Recitation:</b> <i>F2.30-4</i> (<a href=\"http://whereis.mit.edu/map-jpg?mapterms=E51\">E51-361</a>)<!--s-->Advanced subject in macroeconomics that seeks to bring students to the research frontier. Topics vary from year to year, covering a wide spectrum of classical and recent research. Topics may include business cycles, optimal monetary and tax policy, monetary economics, banking, and financial constraints on investment and incomplete markets.<I>D. Acemoglu, A. Burstein</I>No textbook information available","title":"14.461 Advanced Macroeconomics I"}