{"id":"14.452","school":"MIT","subject":"Economics","semester":"Fall","description":"Introduces the sources and modeling of economic growth and income differences across nations.  Topics include an introduction to dynamic general equilibrium theory, the neoclassical growth model, overlapping  generations, determinants of technological progress, endogenous growth models, measurement of technological progress, the role of human capital in economic growth, and growth in a global economy. Enrollment limited.<br><I>D. Acemoglu</I><br>No textbook information available","title":"14.452 Economic Growth"}