{"id":"14.661","school":"MIT","subject":"Economics","semester":"Fall","description":"<a name=\"14.661\"></a><p><h3>14.661 Labor Economics I</h3>  () Prereq: <a href=\"m14a.html#14.04\">14.04</a>, <a href=\"m14a.html#14.32\">14.32</a>Units: 5-0-7<b>Lecture:</b> <i>TR10.30-12</i> (<a href=\"http://whereis.mit.edu/map-jpg?mapterms=E18\">E18-202</a>) <b>Recitation:</b> <i>F10.30-12</i> (<a href=\"http://whereis.mit.edu/map-jpg?mapterms=E51\">E51-385</a>) <i><b>+final</b></i><!--s-->A systematic development of the theory of labor supply, labor demand, and human capital. Topics include wage and employment determination, turnover, search, immigration, unemployment, equalizing differences, and institutions in the labor market. Particular emphasis on the interaction between theoretical and empirical modeling.<I>D. Acemoglu, P. Pathak</I>No textbook information available","title":"14.661 Labor Economics I"}