{"id":"14.771","school":"MIT","subject":"Economics","semester":"Fall","description":"<a name=\"14.771\"></a><p><h3>14.771 Development Economics: Microeconomic Issues</h3>  () Prereq: <a href=\"m14a.html#14.121\">14.121</a>, <a href=\"m14a.html#14.122\">14.122</a>Units: 5-0-7<b>Lecture:</b> <i>MW10.30-12</i> (<a href=\"http://whereis.mit.edu/map-jpg?mapterms=E51\">E51-372</a>) <b>Recitation:</b> <i>R4</i> (<a href=\"http://whereis.mit.edu/map-jpg?mapterms=E25\">E25-117</a>)<!--s-->Addresses agricultural issues, such as peasant behavior, land tenancy, and interlinked markets; credit and insurance market problems and institutions; and health, nutrition, and productivity. Also covers gender bias, education, technological change, and government failures.<I>S. Jayachandran, B. Olken</I>No textbook information available</p><!--end-->","title":"14.771 Development Economics: Microeconomic Issues"}