{"id":"14.THU","school":"MIT","subject":"Economics","semester":"Fall","description":"<a name=\"14.THU\"></a><p><h3>14.THU Thesis</h3>  (, , ) Prereq: <a href=\"m14a.html#14.33\">14.33</a>Units arrangedTBA. <!--s-->Program of research and writing of thesis.<I>Staff</I>Textbooks arranged individually</p><!--end--><a name=\"14.UR\"></a><p><h3>14.UR Undergraduate Research</h3>  (, , , ) Prereq: <a href=\"m14a.html#14.02\">14.02</a>Units arranged [P/D/F]TBA. <!--s-->Textbooks arranged individually","title":"14.THU Thesis"}