{"id":"15.062","school":"MIT","subject":"Management","semester":"Fall","description":"Provides an introduction to data mining and machine learning, a class of methods that assist in recognizing patterns and making intelligent use of massive amounts of data collected via the internet, e-commerce, electronic banking, point-of-sale devices, bar-code readers, medical databases, search engines, and social networks. Topics selected from logistic regression, association rules, tree-structured classification and regression, cluster analysis, discriminant analysis, and neural network methods. Presents examples of successful applications in areas such as credit ratings, fraud detection, marketing, customer relationship management, and investments. Introduces data-mining software. Term project required.<br><I>R. E. Welsch</I><br><a href=\"javascript:PopUpHelp('http://sisapp.mit.edu/textbook/books.html?Term=2015FA&Subject=15.062');\" >Textbooks (Fall 2014)</a></font>","title":"15.062J Data Mining: Finding the Data and Models that Create Value"}