{"id":"15.015","school":"MIT","subject":"Management","semester":"Fall","description":"<a name=\"15.015\"></a><p><h3>15.015 Macro and International Economics</h3>  () ; first half of termPrereq: Permission of instructorUnits: 2-0-4Ends Oct 24. <b>Lecture:</b> <i>TR8.30-10</i> (<a href=\"http://whereis.mit.edu/map-jpg?mapterms=E51\">E51-149</a>) or <i>TR10-11.30</i> (<a href=\"http://whereis.mit.edu/map-jpg?mapterms=E51\">E51-149</a>)<!--s-->Focuses on the policy and economic environment of firms. Subject divided in three parts: study of the closed economy and how monetary and fiscal policy interacts with employment, GNP, inflation, and interest rates; examination of national economic strategies for development and growth, and study of the recent financial and currency crises in emerging markets; study of the problems faced by transition economies and the role of institutions both as the engine of growth, and as the constraints for policy. Restricted to Sloan Fellows in Innovation and Global Leadership.<I>R. Rigobon, A. Cavallo</I><a href=\"javascript:PopUpHelp('http://sisapp.mit.edu/textbook/books.html?Term=2015FA&Subject=15.015');\" >Textbooks (Fall 2014)</a></font></p><!--end-->","title":"15.015 Macro and International Economics"}