{"id":"15.075","school":"MIT","subject":"Management","semester":"Fall","description":"<a name=\"15.075\"></a><p><h3>15.075J Statistical Thinking and Data Analysis</h3>  ()(Same subject as <A HREF=\"mESDa.html#ESD.07\">ESD.07J</A>)Prereq: <a href=\"m6a.html#6.041\">6.041</a>Units: 4-0-8<b>Lecture:</b> <i>TR1-2.30</i> (<a href=\"http://whereis.mit.edu/map-jpg?mapterms=E51\">E51-376</a>) <b>Recitation:</b> <i>F3</i> (<a href=\"http://whereis.mit.edu/map-jpg?mapterms=E51\">E51-149</a>) <i><b>+final</b></i><!--s-->Introduces statistical data analysis. Topics chosen from applied probability, sampling, estimation, hypothesis testing, linear regression, analysis of variance, categorical data analysis, and nonparametric statistics.<I>C. Rudin</I><a href=\"javascript:PopUpHelp('http://sisapp.mit.edu/textbook/books.html?Term=2015FA&Subject=15.075');\" >Textbooks (Fall 2014)</a></font></p><!--end-->","title":"15.075J Statistical Thinking and Data Analysis"}