{"id":"15.034","school":"MIT","subject":"Management","semester":"Fall","description":"Freakonomics meets big data in this class that enables students to evaluate the quality of evidence supported by data and implement an empirical toolkit that provides credible answers to questions in finance, marketing, strategy, and general business planning. Uses an econometrics framework is (a.k.a. 'metrics) with an in-depth examination of regression modelling and its insights for related data analytics. Focuses primarily on empirical work conducted by students via in-class labs, problem sets, and empirical projects.<br><I>J. Doyle</I><br><a href=\"javascript:PopUpHelp('http://sisapp.mit.edu/textbook/books.html?Term=2015FA&Subject=15.034');\" >Textbooks (Fall 2014)</a></font>","title":"15.034 'Metrics for Managers:  Big Data and Better Answers"}