{"id":"15.098","school":"MIT","subject":"Management","semester":"Fall","description":"<a name=\"15.098\"></a><p><h3>15.098 Seminar in Applied Probability and Stochastic Processes</h3>  ()  Prereq: <a href=\"m6b.html#6.431\">6.431</a>Units: 2-0-4<b>Lecture:</b> <i>F1-4</i> (<a href=\"http://whereis.mit.edu/map-jpg?mapterms=E51\">E51-372</a>)<!--s-->Doctoral student seminar covering current topics in applied probability and stochastic processes.<I>D. Gamarnik, D. Shah</I>No required or recommended textbooks</p><!--end-->","title":"15.098 Seminar in Applied Probability and Stochastic Processes"}