{"id":"15.093","school":"MIT","subject":"Management","semester":"Fall","description":"<a name=\"15.093\"></a><p><h3>15.093J Optimization Methods</h3>  () (Same subject as <A HREF=\"m6a.html#6.255\">6.255J</A>)Prereq: <a href=\"m18a.html#18.06\">18.06</a>Units: 4-0-8<b>Lecture:</b> <i>TR2.30-4</i> (<a href=\"http://whereis.mit.edu/map-jpg?mapterms=32\">32-123</a>) <b>Recitation:</b> <i>W3</i> (<a href=\"http://whereis.mit.edu/map-jpg?mapterms=66\">66-168</a>) or <i>F1</i> (<a href=\"http://whereis.mit.edu/map-jpg?mapterms=66\">66-144</a>) <i><b>+final</b></i><!--s-->Introduces the principal algorithms for linear, network, discrete, robust, nonlinear, dynamic optimization and optimal control. Emphasizes methodology and the underlying mathematical structures. Topics include the simplex method, network flow methods, branch and bound and cutting plane methods for discrete optimization, optimality conditions for nonlinear optimization, interior point methods for convex optimization, Newton's method, heuristic methods, and dynamic programming and optimal control methods.<I>D. Bertsimas, P. Parrilo</I><a href=\"javascript:PopUpHelp('http://sisapp.mit.edu/textbook/books.html?Term=2015FA&Subject=15.093');\" >Textbooks (Fall 2014)</a></font></p><!--end-->","title":"15.093J Optimization Methods","time":"2:00 p.m. - 3:00 p.m.","location":"32-12","meets":"Tuesday,Thursday"}