{"id":"15.099","school":"MIT","subject":"Management","semester":"Fall","description":"<a name=\"15.099\"></a><p><h3>15.099 Seminar in Operations Research</h3>  ()  Prereq: <a href=\"m15a.html#15.081\">15.081J</a>Units arranged<b>Lecture:</b> <i>F10-12</i> (<a href=\"http://whereis.mit.edu/map-jpg?mapterms=E62\">E62-350</a>)<!--s-->Doctoral student seminar covering current topics related to operations research.<I>D. Bertsimas, R. Freund, T. L. Magnanti, J. B. Orlin, G. Perakis, A. S. Schulz</I>No textbook information available</p><!--end--><p>For additional related subjects in Statistics, see:<p>Civil and Environmental Engineering: <a href=\"m1b.html#1.151\">1.151</a>, <a href=\"m1b.html#1.155\">1.155</a>, <a href=\"m1b.html#1.202\">1.202</a>, <a href=\"m1b.html#1.203\">1.203</a>, and <a href=\"m1b.html#1.205\">1.205</a><p>Electrical Engineering and Computer Science: <a href=\"m6a.html#6.041\">6.041</a>, <a href=\"m6a.html#6.231\">6.231</a>, <a href=\"m6a.html#6.245\">6.245</a>, <a href=\"m6a.html#6.262\">6.262</a>, <a href=\"m6b.html#6.431\">6.431</a>, and <a href=\"m6b.html#6.435\">6.435</a><p>Management: <a href=\"m15a.html#15.034\">15.034</a>, <a href=\"m15a.html#15.070\">15.070</a>, <a href=\"m15a.html#15.075\">15.075</a>, and <a href=\"m15a.html#15.098\">15.098</a><p>Mathematics: <a href=\"m18a.html#18.05\">18.05</a>, <a href=\"m18a.html#18.175\">18.175</a>, <a href=\"m18a.html#18.177\">18.177</a>, <a href=\"m18a.html#18.440\">18.440</a>, <a href=\"m18a.html#18.443\">18.443</a>, <a href=\"m18a.html#18.445\">18.445</a>, and <a href=\"m18a.html#18.465\">18.465</a><p>See also: <a href=\"m2c.html#2.830\">2.830</a>, <a href=\"m5b.html#5.70\">5.70</a>, <a href=\"m5b.html#5.72\">5.72</a>, <a href=\"m7a.html#7.02\">7.02</a>, <a href=\"m8a.html#8.044\">8.044</a>, <a href=\"m8a.html#8.08\">8.08</a>, <a href=\"m10a.html#10.816\">10.816</a>, <a href=\"m11b.html#11.220\">11.220</a>, <a href=\"m16a.html#16.322\">16.322</a>, <a href=\"m22b.html#22.38\">22.38</a>, <a href=\"mHSTa.html#HST.191\">HST.191</a>, and <a href=\"mMASa.html#MAS.622\">MAS.622</a><h2>Health Care Management</h2>","title":"15.099 Seminar in Operations Research"}