{"id":"15.082","school":"MIT","subject":"Management","semester":"Fall","description":"<a name=\"15.082\"></a><p><h3>15.082J Network Optimization</h3>  () (Same subject as <A HREF=\"mESDa.html#ESD.78\">ESD.78J</A>)Prereq: <a href=\"m15a.html#15.081\">15.081</a> or permission of instructorUnits: 3-0-9<b>Lecture:</b> <i>F10-12</i> (<a href=\"http://whereis.mit.edu/map-jpg?mapterms=E62\">E62-550</a>)<!--s-->Doctoral seminar on network models and algorithms. Emphasis on the design and analysis of efficient algorithms for network flow models. Topics may vary from year to year.<I>J. Orlin</I><a href=\"javascript:PopUpHelp('http://sisapp.mit.edu/textbook/books.html?Term=2015FA&Subject=15.082');\" >Textbooks (Fall 2014)</a></font></p><!--end-->","title":"15.082J Network Optimization"}