{"id":"15.010","school":"MIT","subject":"Management","semester":"Fall","description":"<a name=\"15.010\"></a><p><h3>15.010 Economic Analysis for Business Decisions</h3>  ()Prereq: NoneUnits: 4-0-5<b>Lecture:</b> <i>TR10-11.30</i> (<a href=\"http://whereis.mit.edu/map-jpg?mapterms=E62\">E62-262</a>, <a href=\"http://whereis.mit.edu/map-jpg?mapterms=E51\">E51-315</a>, <a href=\"http://whereis.mit.edu/map-jpg?mapterms=E51\">E51-325</a>) or <i>TR8.30-10</i> (<a href=\"http://whereis.mit.edu/map-jpg?mapterms=E62\">E62-262</a>, <a href=\"http://whereis.mit.edu/map-jpg?mapterms=E51\">E51-315</a>, <a href=\"http://whereis.mit.edu/map-jpg?mapterms=E51\">E51-325</a>) <b>Recitation:</b> <i>F12</i> (<a href=\"http://whereis.mit.edu/map-jpg?mapterms=E51\">E51-345</a>) or <i>F1</i> (<a href=\"http://whereis.mit.edu/map-jpg?mapterms=E51\">E51-345</a>) or <i>F12</i> (<a href=\"http://whereis.mit.edu/map-jpg?mapterms=E51\">E51-325</a>) or <i>F1</i> (<a href=\"http://whereis.mit.edu/map-jpg?mapterms=E51\">E51-325</a>) or <i>F12</i> (<a href=\"http://whereis.mit.edu/map-jpg?mapterms=E51\">E51-315</a>) or <i>F1</i> (<a href=\"http://whereis.mit.edu/map-jpg?mapterms=E51\">E51-315</a>) or <i>F12</i> (<a href=\"http://whereis.mit.edu/map-jpg?mapterms=E51\">E51-145</a>) or <i>F1</i> (<a href=\"http://whereis.mit.edu/map-jpg?mapterms=E51\">E51-145</a>) or <i>F12</i> (<a href=\"http://whereis.mit.edu/map-jpg?mapterms=E62\">E62-250</a>) or <i>F1</i> (<a href=\"http://whereis.mit.edu/map-jpg?mapterms=E62\">E62-250</a>) or <i>F12</i> (<a href=\"http://whereis.mit.edu/map-jpg?mapterms=E51\">E51-395</a>) or <i>F1</i> (<a href=\"http://whereis.mit.edu/map-jpg?mapterms=E51\">E51-395</a>) <i><b>+final</b></i><!--s--><a href=\"javascript:PopUpHelp('http://sisapp.mit.edu/textbook/books.html?Term=2015FA&Subject=15.010');\" >Textbooks (Fall 2014)</a></font>","title":"15.010 Economic Analysis for Business Decisions"}