{"id":"15.013","school":"MIT","subject":"Management","semester":"Fall","description":"Applies principles of industrial economics most relevant for corporate strategy to analysis of particular industries. Topics include market structure and its determinants; rational strategic behavior in small numbers situations; strategies for price and nonprice competition; dynamic pricing, output, and advertising decisions; entry and entry deterrence; competition with network externalities; investments under uncertainty; R&D and patent licensing; and the growth and evolution of industries.<br><I>R. Pindyck</I><br>No required or recommended textbooks","title":"15.013 Industrial Economics for Strategic Decisions"}