{"id":"15.282","school":"MIT","subject":"Management","semester":"Fall","description":"Uses Shakespeare to challenge students' views of leadership and provide them with a deeper understanding of their performance as a leader. While performing shortened versions of Shakespeare's plays, students consider the serious questions they raise about the nature of leadership, power, and ambition, and explore their own leadership presence. Uses acting to strengthen speaking ability and personal presence.<br><I>C. Kelly</I><br><a href=\"javascript:PopUpHelp('http://sisapp.mit.edu/textbook/books.html?Term=2015FA&Subject=15.282');\" >Textbooks (Fall 2014)</a></font>","title":"15.282 EnActing Leadership: Shakespeare and Performance(New)"}