{"id":"15.223","school":"MIT","subject":"Management","semester":"Fall","description":"Examines opportunities and risks firms face in today's global market. Provides conceptual tools for analyzing how governments and social institutions influence economic competition among firms embedded in different national settings. Public policies and institutions that shape competitive outcomes are examined through cases and analytical readings on different companies and industries operating in both developed and emerging markets. Restricted to Sloan Fellows in Innovation and Global Leadership.<br><I>S. Johnson</I><br>No required or recommended textbooks","title":"15.223 Global Markets, National Policies and the Competitive Advantages of Firms"}