{"id":"15.232","school":"MIT","subject":"Management","semester":"Fall","description":"<a name=\"15.232\"></a><p><h3>15.232 Business Model Innovation: Global Health in Frontier Markets</h3>  (); first half of termPrereq: NoneUnits: 3-0-3Ends Oct 17. <b>Lecture:</b> <i>TR1-2.30</i> (<a href=\"http://whereis.mit.edu/map-jpg?mapterms=E51\">E51-149</a>)<!--s-->Examines how new approaches to operations, revenue, marketing, finance, and strategy enable improved health care in resource-limited settings across Africa, Latin America, and Asia. Draws on system dynamics, design thinking, and strategic analysis. Explores success and failure in innovative healthcare delivery. Analysis of novel business models draws on case studies, videos, industry reports, research, and guest speakers. Students present their assessments of innovative base-of-the-pyramid health enterprises that aim to do more with less. Students who have not taken at least three management or business classes must apply to the instructor for permission to enroll before the first day of class.<I>A. Sastry</I>No required or recommended textbooks</p><!--end-->","title":"15.232 Business Model Innovation: Global Health in Frontier Markets"}