{"id":"15.269","school":"MIT","subject":"Management","semester":"Fall","description":"<a name=\"15.269\"></a><p><h3>15.269 Leadership Stories:  Literature, Ethics, and Authority</h3>  ()Prereq: NoneUnits: 3-0-6<b>Lecture:</b> <i>MW2.30-4</i> (<a href=\"http://whereis.mit.edu/map-jpg?mapterms=E51\">E51-315</a>)<!--s-->Explores how we use story to articulate ethical norms.  The syllabus consists of short fiction, novels, plays, feature films and some non-fiction. Major topics include leadership and authority, professionalism, the nature of ethical standards, social enterprise, and questions of gender, cultural and individual identity, and work/life balance. Materials vary from year to year, but past readings have included work by Robert Bolt, Michael Frayn, Timothy Mo, Wole Soyinka, H.D. Thoreau, and others; films have included <i>Crouching Tiger, Hidden Dragon, Hotel Rwanda, The Descendants, Motorcycle Diaries, Three Kings</i>, and others. Draws on various professions and national cultures, and is run as a series of moderated discussions, with students centrally engaged in the teaching process.<I>L. Hafrey</I><a href=\"javascript:PopUpHelp('http://sisapp.mit.edu/textbook/books.html?Term=2015FA&Subject=15.269');\" >Textbooks (Fall 2014)</a></font></p><!--end--><h2>Communication</h2>","title":"15.269 Leadership Stories:  Literature, Ethics, and Authority"}