{"id":"15.360","school":"MIT","subject":"Management","semester":"Fall","description":"<a name=\"15.360\"></a><p><h3>15.360 Introduction to Technological Entrepreneurship</h3>  () Prereq: Permission of instructorUnits: 2-0-1<b>Lecture:</b> <i>M EVE (4-7 PM)</i> (<a href=\"http://whereis.mit.edu/map-jpg?mapterms=E51\">E51-345</a>)<!--s-->Provides an overview of entrepreneurial theory and practice for founding, developing and growing new enterprises, primarily but not exclusively focused on companies with a technological base. Weekly lectures and dinner discussion sessions by academic and practitioner faculty engaged in the MIT Entrepreneurship Program, supplemented by leaders of related MIT entrepreneurship activities, e.g., Trust Center for MIT Entrepreneurship, Technology Licensing Office, Deshpande Center, and Venture Mentoring Service, as well as successful entrepreneurs and venture capitalists. Includes student Open Mic presentations and discussion of new business ideas. Enrollment in  ES.580, Silicon Valley Study Tour, for the following spring term required. No listeners; restricted to students in Sloan Entrepreneurship and Innovation (E&I) MBA track.<I>E. Roberts</I>No required or recommended textbooks</p><!--end-->","title":"15.360 Introduction to Technological Entrepreneurship"}