{"id":"15.389","school":"MIT","subject":"Management","semester":"Fall","description":"<a name=\"15.389\"></a><p><h3>15.389 Global Entrepreneurship II: Global Entrepreneurship Lab</h3>  (, ); second half of termPrereq: None. <I>Coreq: <a href=\"m15b.html#15.395\">15.395</a></I>Units: 2-0-7Begins Oct 27. <b>Lecture:</b> <i>TR1-2.30</i> (<a href=\"http://whereis.mit.edu/map-jpg?mapterms=E51\">E51-345</a>) or <i>TR2.30-4</i> (<a href=\"http://whereis.mit.edu/map-jpg?mapterms=E62\">E62-276</a>) <b>Recitation:</b> <i>R12</i> (<a href=\"http://whereis.mit.edu/map-jpg?mapterms=E62\">E62-223</a>)<!--s-->Building upon 15.395, discusses the issues and policies that affect the climate for innovation and start-up success around the world. Enables teams of students to work with the top management of global start-ups and gain experience in running, and consulting to, a new enterprise outside the US. Focuses on start-ups operating in emerging markets throughout the world. Restricted to graduate students.<I>Y. Huang, S. Johnson</I>No required or recommended textbooks</p><!--end-->","title":"15.389 Global Entrepreneurship II: Global Entrepreneurship Lab"}