{"id":"15.366","school":"MIT","subject":"Management","semester":"Fall","description":"Project-based approach to innovation and venture creation in the energy sector. Explores how innovation and entrepreneurial concepts apply (or do not apply) to the significant opportunities in the industry. Working in teams, students create new ventures specifically for the energy sector. Lectures guide teams through key elements of their projects. Concurrent enrollment in 15.933 recommended.<br><I>W. Aulet, T. Hynes, F. O'Sullivan</I><br>No textbook information available","title":"15.366 Energy Ventures","time":"","location":"32-12","meets":"Thursday"}