{"id":"15.317","school":"MIT","subject":"Management","semester":"Fall","description":"<a name=\"15.317\"></a><p><h3>15.317 Leadership and Organizational Change</h3>  (, , , ) Prereq: NoneUnits arrangedTBA. <!--s-->Course spans the entire two-year Leaders for Global Operations (LGO) program, with a focus on leadership that blends theory and practice. During their first summer in the program, students reflect on exemplary leaders' stories in cases, the arts, journalism, philosophy, and social science, and evaluate their own previous leadership experience.  During the succeeding four semesters, they apply the lessons they have learned in class to their off-campus internship and other activities at Sloan, and intensively review that experience as they reach the end of the program.  Classes take the form of moderated discussion, with the expectation that students will participate fully in each session; students also submit short, written deliverables throughout the program.<I>L. Hafrey</I><a href=\"javascript:PopUpHelp('http://sisapp.mit.edu/textbook/books.html?Term=2014SU&Subject=15.317');\" >Textbooks (Summer 2014)</a></font>; No textbook information available (Fall 2014)</p><!--end-->","title":"15.317 Leadership and Organizational Change"}