{"id":"15.322","school":"MIT","subject":"Management","semester":"Fall","description":"<a name=\"15.322\"></a><p><h3>15.322 Leading Organizations</h3>  (, )Prereq: NoneUnits: 4-0-5 [P/D/F]Credit cannot also be received for <A HREF=\"m15c.html#15.716\">15.716</A><b>Lecture:</b> <i>F8-12</i> (<a href=\"http://whereis.mit.edu/map-jpg?mapterms=E51\">E51-335</a>) or <i>F1-5</i> (<a href=\"http://whereis.mit.edu/map-jpg?mapterms=E51\">E51-335</a>)<!--s-->Analyzes through lectures, discussions, and class exercises, the human processes underlying organizational behavior. Restricted to MIT Sloan Fellows in Innovation and Global Leadership.<I>J. Van Maanen</I><a href=\"javascript:PopUpHelp('http://sisapp.mit.edu/textbook/books.html?Term=2015FA&Subject=15.322');\" >Textbooks (Fall 2014)</a></font></p><!--end-->","title":"15.322 Leading Organizations"}