{"id":"15.389","school":"MIT","subject":"Management","semester":"Fall","description":"Building upon 15.395, discusses the issues and policies that affect the climate for innovation and start-up success around the world. Enables teams of students to work with the top management of global start-ups and gain experience in running, and consulting to, a new enterprise outside the US. Focuses on start-ups operating in emerging markets throughout the world. Restricted to graduate students.<br><I>Y. Huang, S. Johnson</I><br>No required or recommended textbooks","title":"15.389 Global Entrepreneurship II: Global Entrepreneurship Lab"}