{"id":"15.348","school":"MIT","subject":"Management","semester":"Fall","description":"Builds on 15.347 to examine contemporary social research methods in depth.  Focuses on making students familiar with the most important quantitative methods (e.g., logit/probit models, models for ordinal and nominal outcomes, count models, event history models).<br><I>E. J. Castilla</I><br><a href=\"javascript:PopUpHelp('http://sisapp.mit.edu/textbook/books.html?Term=2015FA&Subject=15.348');\" >Textbooks (Fall 2014)</a></font>","title":"15.348 Doctoral Seminar in Research Methods II"}