{"id":"15.386","school":"MIT","subject":"Management","semester":"Fall","description":"<a name=\"15.386\"></a><p><h3>15.386 Managing in Adversity</h3>  (, ); second half of termPrereq: NoneUnits: 3-0-3Begins Oct 27. <b>Lecture:</b> <i>TR10-11.30</i> (<a href=\"http://whereis.mit.edu/map-jpg?mapterms=E51\">E51-345</a>)<!--s-->Provides the skills required for a CEO to deal with complex problems under highly adverse conditions. Cases and guest CEO speakers present real-life, high adversity situations that students then deal with through role play. Emphasis on how to quickly define the issues at stake, determine and evaluate the options, and then take critical and precipitous actions to address the situation. No listeners.<I>P. Kurzina, N. Thompson</I>No textbook information available</p><!--end-->","title":"15.386 Managing in Adversity"}