{"id":"15.301","school":"MIT","subject":"Management","semester":"Fall","description":"<a name=\"15.301\"></a><p><h3>15.301 Managerial Psychology Laboratory</h3>  (, ) Prereq: NoneUnits: 3-3-9<b>Lecture:</b> <i>MW11</i> (<a href=\"http://whereis.mit.edu/map-jpg?mapterms=4\">4-163</a>) <b>Lab:</b> <i>F10</i> (<a href=\"http://whereis.mit.edu/map-jpg?mapterms=E51\">E51-372</a>) or <i>F11</i> (<a href=\"http://whereis.mit.edu/map-jpg?mapterms=E51\">E51-361</a>) or <i>F11</i> (<a href=\"http://whereis.mit.edu/map-jpg?mapterms=E51\">E51-151</a>) or <i>F11</i> (<a href=\"http://whereis.mit.edu/map-jpg?mapterms=E51\">E51-372</a>) or <i>F11</i> (<a href=\"http://whereis.mit.edu/map-jpg?mapterms=E25\">E25-111</a>)<!--s-->Surveys individual and social psychology and organization theory interpreted in the context of the managerial environment. Laboratory involves projects of an applied nature in behavioral science. Emphasizes use of behavioral science research methods to test hypotheses concerning decision-making, group behavior, and organizational behavior. Instruction and practice in communication includes report writing, team projects, and oral and visual presentation. 12 units may be applied to the General Institute Laboratory Requirement. Shares lectures with 15.310.Fall: <I>A. Yap</I>Spring: <I>J. Carroll</I><a href=\"javascript:PopUpHelp('http://sisapp.mit.edu/textbook/books.html?Term=2015FA&Subject=15.301');\" >Textbooks (Fall 2014)</a></font></p><!--end-->","title":"15.301 Managerial Psychology Laboratory","time":"11:00 a.m. - 12:00 p.m.","location":"4-16","meets":"Monday,Wednesday"}