{"id":"15.369","school":"MIT","subject":"Management","semester":"Fall","description":"<a name=\"15.369\"></a><p><h3>15.369 Corporate Entrepreneurship: Strategies for Technology-Based New Business Development</h3>  () ; partial termPrereq: <a href=\"m15b.html#15.310\">15.310</a> or <a href=\"m15b.html#15.311\">15.311</a>Units: 3-0-3Begins Oct 27. <b>Lecture:</b> <i>T EVE (4-6.30 PM)</i> (<a href=\"http://whereis.mit.edu/map-jpg?mapterms=E51\">E51-335</a>)<!--s-->Examines strategic and organizational issues for existing firms in developing new technologies and new business areas, from the perspectives of both large corporations and emerging technology-based enterprises. Studies linkages between internal and external sources of technology in major new business development. Examines internal entrepreneurial ventures, alliances (especially between large and new companies), joint ventures, acquisitions, corporate venture capital investments, and licensing as alternative business development approaches. Covers aspects of corporate business development other than mergers and acquisitions. Outside speakers supplement faculty lectures. Student teams prepare term reports on a competitive analysis of some aspect of corporate business development.<I>V. Livada, A. Kacperczyk</I>No required or recommended textbooks</p><!--end-->","title":"15.369 Corporate Entrepreneurship: Strategies for Technology-Based New Business Development"}