{"id":"15.390","school":"MIT","subject":"Management","semester":"Fall","description":"<a name=\"15.390\"></a><p><h3>15.390 New Enterprises</h3>  (, )(Subject meets with <A HREF=\"m15b.html#15.379\">15.379</A>)Prereq: NoneUnits: 2-1-6<b>Lecture:</b> <i>MW2.30-4</i> (<a href=\"http://whereis.mit.edu/map-jpg?mapterms=E62\">E62-262</a>) or <i>MW4-5.30</i> (<a href=\"http://whereis.mit.edu/map-jpg?mapterms=32\">32-141</a>)<!--s-->Covers the process of identifying and quantifying market opportunities, then conceptualizing, planning, and starting a new, technology-based enterprise. Topics include opportunity assessment, the value proposition, the entrepreneur, legal issues, entrepreneurial ethics, the business plan, the founding team, seeking customers and raising funds. Students develop detailed business plans for a start-up. Intended for students who want to start their own business, further develop an existing business, be a member of a management team in a new enterprise, or better understand the entrepreneur and the entrepreneurial process. Meets with 15.379 when offered concurrently.<I>W. Aulet, C. Catalini</I><a href=\"javascript:PopUpHelp('http://sisapp.mit.edu/textbook/books.html?Term=2015FA&Subject=15.390');\" >Textbooks (Fall 2014)</a></font></p><!--end-->","title":"15.390 New Enterprises"}