{"id":"15.373","school":"MIT","subject":"Management","semester":"Fall","description":"Develops the capability to move from testing ideas to assembling a venture as a system comprised of technological, human, social, regulatory, managerial, and financial processes and flows that affect costs, revenues, and value. Begins with a focus on leadership, addressing key issues involved in recruiting and building a founder team and its early employees. Fosters understanding of financial resource needs for the new enterprise and methods for raising funds. Students engage in a venture planning activity in which they must demonstrate their understanding of the concepts covered in class.<br><I>F. Murray</I><br>No textbook information available","title":"15.373J Venture Engineering(New)"}