{"id":"15.311","school":"MIT","subject":"Management","semester":"Fall","description":"<a name=\"15.311\"></a><p><h3>15.311 Organizational Processes</h3>  () Prereq: Permission of instructorUnits: 2-3-4<b>Lecture:</b> <i>TR1-2.30</i> (<a href=\"http://whereis.mit.edu/map-jpg?mapterms=E51\">E51-325</a>) or <i>TR2.30-4</i> (<a href=\"http://whereis.mit.edu/map-jpg?mapterms=E51\">E51-325</a>) or <i>TR4-5.30</i> (<a href=\"http://whereis.mit.edu/map-jpg?mapterms=E51\">E51-325</a>, <a href=\"http://whereis.mit.edu/map-jpg?mapterms=E62\">E62-223</a>) or <i>TR1-2.30</i> (<a href=\"http://whereis.mit.edu/map-jpg?mapterms=E62\">E62-223</a>) or <i>TR2.30-4</i> (<a href=\"http://whereis.mit.edu/map-jpg?mapterms=E62\">E62-223</a>)<!--s-->Enhances students' ability to take effective action in complex organizational settings by providing the analytic tools needed to analyze, manage, and lead the organizations of the future. Emphasizes the importance of the organizational context in influencing which individual styles and skills are effective. Employs a wide variety of learning tools, from experiential learning to the more conventional discussion of written cases. Centers on three complementary perspectives on organizations: the strategic design, political, and cultural \"lenses\" on organizations. Major team project to analyze an actual organizational change, with oral and written reports. Restricted to first-year Sloan master's students.<I>R. Fernandez, K. Kellogg, D. Apfelbaum</I>No required or recommended textbooks</p><!--end-->","title":"15.311 Organizational Processes"}