{"id":"15.324","school":"MIT","subject":"Management","semester":"Fall","description":"<a name=\"15.324\"></a><p><h3>15.324 Practical leadership(New)</h3>  (, ); first half of termPrereq: NoneUnits: 3-0-3 [P/D/F]Ends Oct 17. <b>Lecture:</b> <i>W EVE (4-7 PM)</i> (<a href=\"http://whereis.mit.edu/map-jpg?mapterms=E62\">E62-221</a>) or <i>R EVE (4-7 PM)</i> (<a href=\"http://whereis.mit.edu/map-jpg?mapterms=E62\">E62-221</a>)<!--s-->Strengthens leadership capacities through feedback, reflection, and practice. Students use readings, role plays, experiential exercises, self-reflection, and reviews of their own videos, as well as focused coaching and feedback, to optimize their own leadership capabilities. Focuses on individual leadership growth. Culminates with submission of a written summary of students reflections and experiences around leadership from throughout the term.<I>P. Bentley</I>No required or recommended textbooks</p><!--end-->","title":"15.324 Practical leadership"}