{"id":"15.310","school":"MIT","subject":"Management","semester":"Fall","description":"Surveys social psychology and organization theory as interpreted in the context of the managerial environment. Covers a number of diverse topics, including motivation and reward systems, social influence, groups and teams, leadership, power, organizational design and culture, and networks and communication patterns. Similar in content to 15.311; shares lectures with 15.301. Preference to non-Course 15 students.<br>Fall: <I>A. Yap</I><br>Spring: <I>J. Carroll</I><br><a href=\"javascript:PopUpHelp('http://sisapp.mit.edu/textbook/books.html?Term=2015FA&Subject=15.310');\" >Textbooks (Fall 2014)</a></font>","title":"15.310 Managerial Psychology","time":"11:00 a.m. - 12:00 p.m.","location":"4-16","meets":"Monday,Wednesday"}