{"id":"15.403","school":"MIT","subject":"Management","semester":"Fall","description":"Seminar exposes students to some of the basic institutions and practices of the financial industry. Includes panel discussions with representatives from leading financial institutions, MIT alumni currently engaged in the financial services sector, and leading industry vendors. Restricted to first-year Finance track MBA students.<br><I>J. Parsons</I><br>No required or recommended textbooks","title":"15.403 Introduction to the Practice of Finance"}