{"id":"15.437","school":"MIT","subject":"Management","semester":"Fall","description":"<a name=\"15.437\"></a><p><h3>15.437 Options and Futures Markets</h3>  (, ) Prereq: <a href=\"m15b.html#15.401\">15.401</a>, <a href=\"m15b.html#15.414\">15.414</a>, or <a href=\"m15b.html#15.415\">15.415</a>Units: 3-0-6<b>Lecture:</b> <i>MW10-11.30</i> (<a href=\"http://whereis.mit.edu/map-jpg?mapterms=E51\">E51-376</a>) or <i>MW1-2.30</i> (<a href=\"http://whereis.mit.edu/map-jpg?mapterms=E51\">E51-376</a>)<!--s-->Examines the economic role of options and futures markets. Topics: determinants of forward and futures prices, hedging and synthetic asset creation with futures, uses of options in investment strategies, relation between puts and calls, option valuation using binomial trees and Monte Carlo simulation, implied binomial trees, advanced hedging techniques, exotic options, applications to corporate securities and other financial instruments.<I>J. C. Cox, H. Chen</I><a href=\"javascript:PopUpHelp('http://sisapp.mit.edu/textbook/books.html?Term=2015FA&Subject=15.437');\" >Textbooks (Fall 2014)</a></font></p><!--end-->","title":"15.437 Options and Futures Markets"}