{"id":"15.402","school":"MIT","subject":"Management","semester":"Fall","description":"Continuation of 15.401, concentrating on corporate financial management. Topics include capital budgeting, investment decisions and valuation; working capital management, security issues; dividend policy; optimal capital structure; and real options analysis. Students taking graduate version complete additional assignments.<br><I>P. Asquith, R. Iyer, A. Malenko</I><br><a href=\"javascript:PopUpHelp('http://sisapp.mit.edu/textbook/books.html?Term=2015FA&Subject=15.402');\" >Textbooks (Fall 2014)</a></font>","title":"15.402 Finance Theory II"}