{"id":"15.433","school":"MIT","subject":"Management","semester":"Fall","description":"<a name=\"15.433\"></a><p><h3>15.433 Investments</h3>  () Prereq: <a href=\"m15b.html#15.401\">15.401</a>, <a href=\"m15b.html#15.414\">15.414</a>, or <a href=\"m15b.html#15.415\">15.415</a>Units: 3-0-6<b>Lecture:</b> <i>TR2.30-4</i> (<a href=\"http://whereis.mit.edu/map-jpg?mapterms=E51\">E51-376</a>) or <i>TR10-11.30</i> (<a href=\"http://whereis.mit.edu/map-jpg?mapterms=E62\">E62-250</a>) or <i>TR1-2.30</i> (<a href=\"http://whereis.mit.edu/map-jpg?mapterms=E51\">E51-335</a>) <i><b>+final</b></i><!--s-->Financial theory and empirical evidence for making investment decisions. Topics include portfolio theory; equilibrium models of security prices, including the capital asset pricing model and the arbitrage pricing theory; the empirical behavior of security prices; market efficiency; performance evaluation; and behavioral finance. Preference to Course 15 students.<I>Staff</I><a href=\"javascript:PopUpHelp('http://sisapp.mit.edu/textbook/books.html?Term=2015FA&Subject=15.433');\" >Textbooks (Fall 2014)</a></font></p><!--end-->","title":"15.433 Investments"}