{"id":"15.433","school":"MIT","subject":"Management","semester":"Fall","description":"Financial theory and empirical evidence for making investment decisions. Topics include portfolio theory; equilibrium models of security prices, including the capital asset pricing model and the arbitrage pricing theory; the empirical behavior of security prices; market efficiency; performance evaluation; and behavioral finance. Preference to Course 15 students.<br><I>Staff</I><br><a href=\"javascript:PopUpHelp('http://sisapp.mit.edu/textbook/books.html?Term=2015FA&Subject=15.433');\" >Textbooks (Fall 2014)</a></font>","title":"15.433 Investments"}