{"id":"15.493","school":"MIT","subject":"Management","semester":"Fall","description":"<a name=\"15.493\"></a><p><h3>15.493 Practice of Finance: Perspectives on Investment Management</h3>  (, ) ; second half of termPrereq: <a href=\"m15b.html#15.402\">15.402</a>, <a href=\"m15b.html#15.414\">15.414</a>, or <a href=\"m15b.html#15.415\">15.415</a>Units: 3-0-3 [P/D/F]Begins Oct 27. <b>Lecture:</b> <i>W EVE (4-7 PM)</i> (<a href=\"http://whereis.mit.edu/map-jpg?mapterms=E51\">E51-335</a>)<!--s-->Provides an overview of the investment management industry and an introduction to business fundamentals and valuation. Students read company analyst reports, write papers analyzing various companies, and complete an in-depth company analysis as a final paper. Includes presentations by outside speakers in the investment management industry. Class attendance is mandatory.<I>J. Shames</I><a href=\"javascript:PopUpHelp('http://sisapp.mit.edu/textbook/books.html?Term=2015FA&Subject=15.493');\" >Textbooks (Fall 2014)</a></font></p><!--end-->","title":"15.493 Practice of Finance: Perspectives on Investment Management"}