{"id":"15.434","school":"MIT","subject":"Management","semester":"Fall","description":"Covers advanced topics in corporate finance, including complex valuations, static and dynamic capital structure, risk management, and real options. Also considers security design, restructuring, bankruptcy, corporate control and governance, and international finance issues.<br><I>N. Bergman, N. Gregory</I><br><a href=\"javascript:PopUpHelp('http://sisapp.mit.edu/textbook/books.html?Term=2015FA&Subject=15.434');\" >Textbooks (Fall 2014)</a></font>","title":"15.434 Advanced Corporate Finance"}