{"id":"15.452","school":"MIT","subject":"Management","semester":"Fall","description":"<a name=\"15.452\"></a><p><h3>15.452 Proseminar in Corporate Finance/Investment Banking</h3>  () Prereq: <a href=\"m15b.html#15.402\">15.402</a>, <a href=\"m15b.html#15.414\">15.414</a>, or <a href=\"m15b.html#15.415\">15.415</a>Units: 3-0-3<b>Lecture:</b> <i>T4-5.30</i> (<a href=\"http://whereis.mit.edu/map-jpg?mapterms=E62\">E62-262</a>) or <i>T EVE (6-7.30 PM)</i> (<a href=\"http://whereis.mit.edu/map-jpg?mapterms=E62\">E62-262</a>)<!--s-->Bridges the gap between finance theory and finance practice, and introduces students to the broader financial community. Students participate in a series of proseminars with industry guest speakers. Each guest, in collaboration with finance faculty, provides a problem and materials to a team of students. Each team then prepares a report and presents their analysis to the guest speaker and other students for evaluation and feedback. Not open to students from other institutions.<I>J. Parsons</I>No required or recommended textbooks</p><!--end-->","title":"15.452 Proseminar in Corporate Finance/Investment Banking"}