{"id":"15.451","school":"MIT","subject":"Management","semester":"Fall","description":"<a name=\"15.451\"></a><p><h3>15.451 Proseminar in Capital Markets/Investment Management</h3>  () Prereq: <a href=\"m15b.html#15.401\">15.401</a>, <a href=\"m15b.html#15.414\">15.414</a>, or <a href=\"m15b.html#15.415\">15.415</a>Units: 2-0-4<b>Lecture:</b> <i>R EVE (4-6 PM)</i> (<a href=\"http://whereis.mit.edu/map-jpg?mapterms=E62\">E62-262</a>)<!--s-->Provides a unique opportunity to tackle original research problems in capital market analysis and investment management that have been posed by leading experts from the financial community. Students are assigned to teams, and each team is assigned one such problem. Teams present their solutions at a seminar which is attended by representatives of the sponsoring organization and open to the entire MIT community. Not open to students from other institutions.<I>M. Kritzman</I>No required or recommended textbooks</p><!--end-->","title":"15.451 Proseminar in Capital Markets/Investment Management"}