{"id":"15.401","school":"MIT","subject":"Management","semester":"Fall","description":"<a name=\"15.401\"></a><p><h3>15.401 Finance Theory I</h3>  (, )(Subject meets with <A HREF=\"m15b.html#15.411\">15.411</A>)Prereq: NoneUnits: 4-0-5<b>Lecture:</b> <i>MW1-2.30</i> (<a href=\"http://whereis.mit.edu/map-jpg?mapterms=E51\">E51-149</a>) or <i>MW2.30-4</i> (<a href=\"http://whereis.mit.edu/map-jpg?mapterms=E51\">E51-149</a>) or <i>MW1-2.30</i> (<a href=\"http://whereis.mit.edu/map-jpg?mapterms=E51\">E51-325</a>) or <i>MW2.30-4</i> (<a href=\"http://whereis.mit.edu/map-jpg?mapterms=E51\">E51-325</a>) or <i>MW10-11.30</i> (<a href=\"http://whereis.mit.edu/map-jpg?mapterms=E62\">E62-276</a>) <b>Recitation:</b> <i>F1</i> (<a href=\"http://whereis.mit.edu/map-jpg?mapterms=E51\">E51-149</a>) or <i>F2</i> (<a href=\"http://whereis.mit.edu/map-jpg?mapterms=E51\">E51-149</a>) or <i>T1</i> (<a href=\"http://whereis.mit.edu/map-jpg?mapterms=E62\">E62-233</a>) or <i>T3</i> (<a href=\"http://whereis.mit.edu/map-jpg?mapterms=E62\">E62-233</a>) or <i>T1</i> (<a href=\"http://whereis.mit.edu/map-jpg?mapterms=E62\">E62-233</a>) <i><b>+final</b></i><!--s-->Core theory of modern financial economics and financial management, concentrating on capital markets and investments. Topics include functions of capital markets and financial intermediaries, asset valuation, fixed income securities, common stocks, capital budgeting, diversification and portfolio selection, equilibrium pricing of risky assets, the theory of efficient markets, and an introduction to derivatives. Students taking graduate version complete additional assignments.Consult K. Nixon<a href=\"javascript:PopUpHelp('http://sisapp.mit.edu/textbook/books.html?Term=2015FA&Subject=15.401');\" >Textbooks (Fall 2014)</a></font>","title":"15.401 Finance Theory I"}