{"id":"15.515","school":"MIT","subject":"Management","semester":"Fall","description":"<a name=\"15.515\"></a><p><h3>15.515 Financial Accounting</h3>  () Prereq: Permission of instructorUnits: 4-0-5<b>Lecture:</b> <i>TR8.30-10</i> (<a href=\"http://whereis.mit.edu/map-jpg?mapterms=E62\">E62-276</a>, <a href=\"http://whereis.mit.edu/map-jpg?mapterms=E51\">E51-335</a>, <a href=\"http://whereis.mit.edu/map-jpg?mapterms=E62\">E62-223</a>) or <i>TR10-11.30</i> (<a href=\"http://whereis.mit.edu/map-jpg?mapterms=E62\">E62-276</a>, <a href=\"http://whereis.mit.edu/map-jpg?mapterms=E51\">E51-335</a>, <a href=\"http://whereis.mit.edu/map-jpg?mapterms=E62\">E62-223</a>) <b>Recitation:</b> <i>R1</i> (<a href=\"http://whereis.mit.edu/map-jpg?mapterms=E62\">E62-233</a>, <a href=\"http://whereis.mit.edu/map-jpg?mapterms=E51\">E51-085</a>) or <i>R3</i> (<a href=\"http://whereis.mit.edu/map-jpg?mapterms=E51\">E51-085</a>) or <i>R4</i> (<a href=\"http://whereis.mit.edu/map-jpg?mapterms=E51\">E51-149</a>, <a href=\"http://whereis.mit.edu/map-jpg?mapterms=E51\">E51-085</a>) or <i>R3</i> (<a href=\"http://whereis.mit.edu/map-jpg?mapterms=E51\">E51-149</a>) <i><b>+final</b></i><!--s-->An intensive introduction to the preparation and interpretation of financial information. Adopts a decision-maker perspective of accounting by emphasizing the relation between accounting data and the underlying economic events generating them. Class sessions are a mixture of lecture and case discussion. Assignments include textbook problems, analysis of financial statements, and cases. Restricted to first-year Sloan master's students.<I>J. Core, R. Verdi</I><a href=\"javascript:PopUpHelp('http://sisapp.mit.edu/textbook/books.html?Term=2015FA&Subject=15.515');\" >Textbooks (Fall 2014)</a></font></p><!--end-->","title":"15.515 Financial Accounting"}