{"id":"15.535","school":"MIT","subject":"Management","semester":"Fall","description":"Primary learning objective is the strategic, financial, and accounting analysis of a company's profitability and riskiness by means of financial statement data.  A second, and related, learning objective is the valuation of a company using financial statement data. Concepts are applied to a number of decision making contexts, including securities analysis, credit analysis, merger analysis, and company performance assessment.<br><I>C. Noe</I><br><a href=\"javascript:PopUpHelp('http://sisapp.mit.edu/textbook/books.html?Term=2015FA&Subject=15.535');\" >Textbooks (Fall 2014)</a></font>","title":"15.535 Business Analysis Using Financial Statements"}