{"id":"15.516","school":"MIT","subject":"Management","semester":"Fall","description":"<a name=\"15.516\"></a><p><h3>15.516 Corporate Financial Accounting</h3>  (, , )(Subject meets with <A HREF=\"m15b.html#15.501\">15.501</A>)Prereq: Permission of instructorUnits: 3-0-9URL: <a href=\"http://mitsloan.mit.edu/students/academiclife/XReg/15.501.pdf\">http://mitsloan.mit.edu/students/academiclife/XReg/15.501.pdf</a><b>Lecture:</b> <i>MW1-2.30</i> (<a href=\"http://whereis.mit.edu/map-jpg?mapterms=1\">1-190</a>) or <i>MW2.30-4</i> (<a href=\"http://whereis.mit.edu/map-jpg?mapterms=1\">1-190</a>) <i><b>+final</b></i><!--s-->See description under subject 15.501. If subject is oversubscribed, priority is given to Course 15 students.<I>N. Shroff</I>No required or recommended textbooks (Summer 2014); <a href=\"javascript:PopUpHelp('http://sisapp.mit.edu/textbook/books.html?Term=2015FA&Subject=15.516');\" >Textbooks (Fall 2014)</a></font></p><!--end-->","title":"15.516 Corporate Financial Accounting","time":"1:00 p.m. - 2:00 p.m.","location":"1-19","meets":"Monday,Wednesday"}