{"id":"15.501","school":"MIT","subject":"Management","semester":"Fall","description":"Preparation and analysis of financial statements. Focuses on why financial statements take the form they do, and how they can be used in evaluating corporate performance and solvency and in valuation of corporate securities. Introduces concepts from finance and economics (e.g., cash flow discounting and valuation) and explains their relation to, and use in, accounting. Students taking the graduate version complete additional assignments. Permission of Sloan Educational Services required for all cross-registrants.<br><I>N. Shroff</I><br>No textbook information available (Summer 2014); <a href=\"javascript:PopUpHelp('http://sisapp.mit.edu/textbook/books.html?Term=2015FA&Subject=15.501');\" >Textbooks (Fall 2014)</a></font>","title":"15.501 Corporate  Financial Accounting","time":"1:00 p.m. - 2:00 p.m.","location":"1-19","meets":"Monday,Wednesday"}