{"id":"15.569","school":"MIT","subject":"Management","semester":"Fall","description":"<a name=\"15.569\"></a><p><h3>15.569 Leadership Lab: Leading Sustainable Systems</h3>  (, ) Prereq: Permission of instructorUnits: 6-0-9Extra classes: 9/21 and 9/22. <b>Lecture:</b> <i>M2.30-5.30</i> (<a href=\"http://whereis.mit.edu/map-jpg?mapterms=E62\">E62-233</a>) <b>Recitation:</b> <i>M EVE (5.30-8.30 PM)</i> (<a href=\"http://whereis.mit.edu/map-jpg?mapterms=E62\">E62-233</a>)<!--s-->Addresses key sustainability challenges faced by business and society. Explores alternative ways to view organizations that draw attention to cross-boundary interdependencies and help leaders at all levels develop their capacity to collaborate for systemic change. Develops skills to help students surface and reflect on mental models and practices that keep organizations stuck in unproductive system dynamics. Weaves together theory, experiential practices, guest speakers, and action learning projects that enable teams of students to work with organizations on systemic change initiatives.<I>P. Senge, W. Orlikowski</I><a href=\"javascript:PopUpHelp('http://sisapp.mit.edu/textbook/books.html?Term=2015FA&Subject=15.569');\" >Textbooks (Fall 2014)</a></font></p><!--end-->","title":"15.569 Leadership Lab: Leading Sustainable Systems"}