{"id":"15.678","school":"MIT","subject":"Management","semester":"Fall","description":"Critical analysis of liberal, neoclassical, and Marxist perspectives on modern society. Alternative theories of economic growth, historical change, the state, classes, and ideology.<br><I>M. Piore, S. Berger</I><br><a href=\"javascript:PopUpHelp('http://sisapp.mit.edu/textbook/books.html?Term=2015FA&Subject=15.678');\" >Textbooks (Fall 2014)</a></font>","title":"15.678J Political Economy I: Theories of the State and the Economy"}