{"id":"15.665","school":"MIT","subject":"Management","semester":"Fall","description":"<a name=\"15.665\"></a><p><h3>15.665 Power and Negotiation</h3>  (, ) Prereq: Permission of instructorUnits: 3-0-6Credit cannot also be received for <A HREF=\"m15c.html#15.712\">15.712</A><b>Lecture:</b> <i>R2.30-5.30</i> (<a href=\"http://whereis.mit.edu/map-jpg?mapterms=E51\">E51-345</a>) or <i>R EVE (6-9 PM)</i> (<a href=\"http://whereis.mit.edu/map-jpg?mapterms=E51\">E51-345</a>)<!--s-->Provides understanding of the theory and processes of negotiation as practiced in a variety of settings. Designed for relevance to the broad spectrum of bargaining problems faced by the manager and professional. Allows students an opportunity to develop negotiation skills experientially and to understand negotiation in useful analytical frameworks. Emphasizes simulations, exercises, role playing, and cases. Undergraduates may register for this subject provided they are ready to participate with the intensity expected for a grad H-level subject<I>J. Curhan</I><a href=\"javascript:PopUpHelp('http://sisapp.mit.edu/textbook/books.html?Term=2015FA&Subject=15.665');\" >Textbooks (Fall 2014)</a></font></p><!--end-->","title":"15.665 Power and Negotiation"}