{"id":"15.717","school":"MIT","subject":"Management","semester":"Fall","description":"<a name=\"15.717\"></a><p><h3>15.717 Organizational Processes</h3>  (, , ) Prereq: Permission of instructorUnits: 3-0-6<b>Lecture:</b> <i>TBA</i><!--s-->Designed to enhance students' ability to take effective action in complex organizational settings by providing the analytic tools needed to analyze, manage, and lead the organizations of the future. Emphasizes the importance of the organizational context in influencing which individual styles and skills are effective. Employs a wide variety of learning tools, from experiential learning to the more conventional discussion of written cases. Centers on three complementary perspectives on organizations: the strategic design, political, and cultural \"lenses\" on organizations. Restricted to Executive MBA students.<I>R. Fernandez, R. Reagans</I>No textbook information available</p><!--end-->","title":"15.717 Organizational Processes"}