{"id":"15.700","school":"MIT","subject":"Management","semester":"Fall","description":"Investigates the different perspectives a general manager must take, how to integrate those perspectives, and the role of leadership in setting and realizing goals. Students work intensively in teams and with multiple faculty, using a deep dive into the challenges faced by a major global firm operating in complex global markets. Restricted to Executive MBA students.<br>Consult J. Hising DiFabio<br><a href=\"javascript:PopUpHelp('http://sisapp.mit.edu/textbook/books.html?Term=2015FA&Subject=15.700');\" >Textbooks (Fall 2014)</a></font>","title":"15.700 Leadership and Integrative Management"}