{"id":"15.799","school":"MIT","subject":"Management","semester":"Fall","description":"<a name=\"15.799\"></a><p><h3>15.799 Workshop in Operations Management</h3>  (, ) Prereq: NoneUnits arranged<b>Lecture:</b> <i>M11.30-1</i> (<a href=\"http://whereis.mit.edu/map-jpg?mapterms=E51\">E51-390</a>)<!--s-->Presentations by faculty, doctoral students, and guest speakers of ongoing research relating to current issues in operations management, including reports of research projects (proposed or in progress) and informal discussions of recent literature dealing with subjects of special interest to participants. Primarily for doctoral students.<I>Staff</I>No textbook information available</p><!--end--><h2>Marketing</h2>","title":"15.799 Workshop in Operations Management"}