{"id":"15.722","school":"MIT","subject":"Management","semester":"Fall","description":"<a name=\"15.722\"></a><p><h3>15.722 Applied Economics for Managers</h3>  () Prereq: Permission of instructorUnits: 3-0-6Credit cannot also be received for <A HREF=\"m15a.html#15.024\">15.024</A><b>Lecture:</b> <i>TBA</i><!--s-->Develops facility with concepts, language, and analytical tools of economics. Primary focus is on microeconomics. Emphasizes integration of theory, data, and judgment in the analysis of corporate decisions and public policy, and in the assessment of changing US and international business environments. Restricted to Executive MBA students.Consult J. Hising DiFabio<a href=\"javascript:PopUpHelp('http://sisapp.mit.edu/textbook/books.html?Term=2015FA&Subject=15.722');\" >Textbooks (Fall 2014)</a></font></p><!--end-->","title":"15.722 Applied Economics for Managers"}