{"id":"15.732","school":"MIT","subject":"Management","semester":"Fall","description":"Studies the application of a reasoned framework to the selection of target markets and the optimization of marketing decisions. Subject is divided into two parts: a tactical portion that reviews how firms optimize profits in their chosen markets, and a strategic portion that focuses on identifying target markets. Tactical topics include pricing, promotion, channel and product issues. Restricted to Executive MBA students.<br>Consult J. Hising DiFabio<br>No required or recommended textbooks","title":"15.732 Marketing Management"}