{"id":"15.770","school":"MIT","subject":"Management","semester":"Fall","description":"Provides an introduction to supply chain management from both analytical and practical perspectives. Taking a unified approach, students develop a framework for making intelligent decisions within the supply chain. Covers key logistics functions, such as demand planning, procurement, inventory theory and control, transportation planning and execution, reverse logistics, and flexible contracting. Explores concepts such as postponement, portfolio management, and dual sourcing. Emphasizes skills necessary to recognize and manage risk, analyze various tradeoffs, and model logistics systems.<br><I>Y. Sheffi, C. Caplice</I><br>No required or recommended textbooks","title":"15.770J Logistics Systems"}