{"id":"15.795","school":"MIT","subject":"Management","semester":"Fall","description":"<a name=\"15.795\"></a><p><h3>15.795 Seminar in Operations Management</h3>  ()  Prereq: <a href=\"m15c.html#15.760\">15.760</a> or <a href=\"m15c.html#15.761\">15.761</a>Units: 3-0-6<b>Lecture:</b> <i>T EVE (4-7 PM)</i> (<a href=\"http://whereis.mit.edu/map-jpg?mapterms=E62\">E62-550</a>)<!--s-->Topics vary from year to year. Typical examples from past years: manufacturing strategy, technology supply chains.<I>C. H. Fine</I>No required or recommended textbooks</p><!--end-->","title":"15.795 Seminar in Operations Management"}