{"id":"15.732","school":"MIT","subject":"Management","semester":"Fall","description":"<a name=\"15.732\"></a><p><h3>15.732 Marketing Management</h3>  (, , , ) Prereq: Permission of instructorUnits: 3-0-6Credit cannot also be received for <A HREF=\"m15c.html#15.809\">15.809</A>, <A HREF=\"m15c.html#15.812\">15.812</A><b>Lecture:</b> <i>TBA</i><!--s-->Studies the application of a reasoned framework to the selection of target markets and the optimization of marketing decisions. Subject is divided into two parts: a tactical portion that reviews how firms optimize profits in their chosen markets, and a strategic portion that focuses on identifying target markets. Tactical topics include pricing, promotion, channel and product issues. Restricted to Executive MBA students.Consult J. Hising DiFabioNo required or recommended textbooks</p><!--end-->","title":"15.732 Marketing Management"}