{"id":"15.794","school":"MIT","subject":"Management","semester":"Fall","description":"<a name=\"15.794\"></a><p><h3>15.794 Research Project in Operations</h3>  (, , )  Prereq: Permission of instructorUnits arranged [P/D/F]TBA. <!--s-->Designed for Leaders for Global Operations (LGO) students in conjunction with on-site projects at LGO partner companies. Student teams work on faculty-supervised thesis research projects that deal with a specific aspect of operations. Students required to summarize their work in the context of understanding organization, leadership, teamwork, and task management in conjunction with 15.317.<I>D. B. Rosenfield</I>No textbook information available</p><!--end-->","title":"15.794 Research Project in Operations"}