{"id":"15.700","school":"MIT","subject":"Management","semester":"Fall","description":"<a name=\"15.700\"></a><p><h3>15.700 Leadership and Integrative Management</h3>  () Prereq: Permission of instructor; or <I>Coreq: <a href=\"m15c.html#15.714\">15.714</a>, <a href=\"m15c.html#15.722\">15.722</a></I>Units: 3-0-6 [P/D/F]<b>Lecture:</b> <i>TBA</i><!--s-->Investigates the different perspectives a general manager must take, how to integrate those perspectives, and the role of leadership in setting and realizing goals. Students work intensively in teams and with multiple faculty, using a deep dive into the challenges faced by a major global firm operating in complex global markets. Restricted to Executive MBA students.Consult J. Hising DiFabio<a href=\"javascript:PopUpHelp('http://sisapp.mit.edu/textbook/books.html?Term=2015FA&Subject=15.700');\" >Textbooks (Fall 2014)</a></font></p><!--end-->","title":"15.700 Leadership and Integrative Management"}