{"id":"15.821","school":"MIT","subject":"Management","semester":"Fall","description":"<a name=\"15.821\"></a><p><h3>15.821 Listening to the Customer</h3>  (); first half of termPrereq: NoneUnits: 3-0-3Ends Oct 17. <b>Lecture:</b> <i>TR1-2.30</i> (<a href=\"http://whereis.mit.edu/map-jpg?mapterms=E62\">E62-250</a>) or <i>TR2.30-4</i> (<a href=\"http://whereis.mit.edu/map-jpg?mapterms=E62\">E62-250</a>)<!--s-->Introduction to soft consumer research methods, useful for getting quick customer input into decisions on product design and development, strategic positioning, advertising, and branding. Covers interview techniques, observational methods, voice of the customer, focus groups, and analyses suitable for qualitative data. Introduces new information-gathering methods in development at MIT.<I>D. Prelec</I>No textbook information available</p><!--end-->","title":"15.821 Listening to the Customer"}