{"id":"15.833","school":"MIT","subject":"Management","semester":"Fall","description":"<a name=\"15.833\"></a><p><h3>15.833 Business-to-Business Marketing</h3>  (); second half of termPrereq: NoneUnits: 3-0-3Begins Oct 27. <b>Lecture:</b> <i>TR10-11.30</i> (<a href=\"http://whereis.mit.edu/map-jpg?mapterms=E51\">E51-151</a>)<!--s-->Applies marketing concepts, analyses and tools used in business-to-business (B2B) marketing which accounts for more than half of the economic activity in the US. Develops an understanding of customer value management as a strategy for delivering superior value to targeted business segments while maintaining equitable returns. Using an analytical framework, students assess components of customer value and translate them into actionable marketing strategies and programs. Focuses on brand building, web and technology facilitation of the supply chain, and customer relationship management. Underscores sales force management within the context of go-to-market strategy. Discusses ethical issues and various B2B contexts such as products and services, for-profits and non-profits, domestic and global markets. Emphasis on applications in technology and healthcare domains. Includes case studies, applied exercises, and readings.<I>S. Chatterjee</I>No required or recommended textbooks</p><!--end-->","title":"15.833 Business-to-Business Marketing"}