{"id":"15.838","school":"MIT","subject":"Management","semester":"Fall","description":"<a name=\"15.838\"></a><p><h3>15.838 Research Seminar in Marketing</h3>  (, )  Prereq: <a href=\"m15c.html#15.810\">15.810</a>Units: 3-0-6<b>Lecture:</b> <i>M12-1.30</i> (<a href=\"http://whereis.mit.edu/map-jpg?mapterms=E51\">E51-385</a>)<!--s-->Seminar on current marketing literature and current research interests of faculty and students. Topics such as marketing models, consumer behavior, competitive strategy, marketing experimentation, and game theory. Restricted to doctoral students.Consult D. PrelecNo textbook information available</p><!--end-->","title":"15.838 Research Seminar in Marketing"}