{"id":"15.822","school":"MIT","subject":"Management","semester":"Fall","description":"<a name=\"15.822\"></a><p><h3>15.822 Strategic Market Measurement</h3>  (); second half of termPrereq: NoneUnits: 3-0-3Begins Oct 27. <b>Lecture:</b> <i>TR1-2.30</i> (<a href=\"http://whereis.mit.edu/map-jpg?mapterms=E62\">E62-250</a>) or <i>TR2.30-4</i> (<a href=\"http://whereis.mit.edu/map-jpg?mapterms=E62\">E62-250</a>)<!--s-->Project subject teaches students how to create, carry out, interpret, and analyze a market research questionnaire. Emphasis on discovering market structure and segmentation, but students can pursue other project applications. Includes a user-oriented treatment of multivariate analysis (factor analysis, multidimensional scaling, conjoint and cluster analysis).<I>D. Prelec</I>No textbook information available</p><!--end-->","title":"15.822 Strategic Market Measurement"}