{"id":"15.952","school":"MIT","subject":"Management","semester":"Fall","description":"<a name=\"15.952\"></a><p><h3>15.952 Curricular Practical Training</h3>  (, , ) Prereq: NoneUnits: 0-1-0 [P/D/F]TBA. <!--s-->For Course 15 undergraduate students participating in management curriculum-related off-campus work experiences.  Students must have an employment offer from a company or organization and must find a Sloan faculty supervisor before enrolling.   Consult Sloan Undergraduate Education Office<I>M. Hanlon</I>No required or recommended textbooks</p><!--end-->","title":"15.952 Curricular Practical Training"}