{"id":"15.900","school":"MIT","subject":"Management","semester":"Fall","description":"<a name=\"15.900\"></a><p><h3>15.900 Competitive Strategy</h3>  (, )Prereq: NoneUnits: 3-0-6<b>Lecture:</b> <i>MW8.30-10</i> (<a href=\"http://whereis.mit.edu/map-jpg?mapterms=E51\">E51-345</a>) or <i>MW10-11.30</i> (<a href=\"http://whereis.mit.edu/map-jpg?mapterms=E51\">E51-345</a>)<!--s-->Explores a wide range of strategic problems, focusing particularly on the sources of competitive advantage and the interaction between industry structure and organizational capabilities. Introduces a wide variety of modern strategy frameworks and methodologies. Builds upon and integrates material from core topics, such as economics and organizational processes.<I>D. Sull</I>No required or recommended textbooks</p><!--end-->","title":"15.900 Competitive Strategy"}