{"id":"15.961","school":"MIT","subject":"Management","semester":"Fall","description":"<a name=\"15.961\"></a><h3>15.961 Independent Study in Management</h3>  (, , , )  Prereq: Permission of instructorUnits arrangedTBA. <!--s-->Advanced work, special investigation or application of a management topic, on an individual basis, under faculty supervision. May include readings, conferences, laboratory and fieldwork, and reports. Projects require prior approval, as well as a written proposal and a final report.Consult Sloan Educational ServicesNo textbook information available (Summer 2014); No required or recommended textbooks (Fall 2014)</p><!--end-->","title":"15.961 Independent Study in Management"}