{"id":"15.902","school":"MIT","subject":"Management","semester":"Fall","description":"<a name=\"15.902\"></a><p><h3>15.902 Competitive Strategy</h3>  () ; second half of termPrereq: Permission of instructorUnits: 2-0-4Credit cannot also be received for <A HREF=\"m15c.html#15.714\">15.714</A>Begins Oct 27. <b>Lecture:</b> <i>MW8.30-10</i> (<a href=\"http://whereis.mit.edu/map-jpg?mapterms=E51\">E51-145</a>) or <i>MW10-11.30</i> (<a href=\"http://whereis.mit.edu/map-jpg?mapterms=E51\">E51-145</a>)<!--s-->Focuses on developing skills and applying frameworks for the conduct of competitive and corporate strategy. Develops tools from earlier core courses, especially those from Strategic Marketing and Organizational Processes, and Economics.  Emphasis is placed on the role of strategic commitments, social networks, strategic coherence, and adapting to environmental and technological change. Restricted to MIT Sloan Fellows in Innovation and Global Leadership.<I>E. Zuckerman</I>No required or recommended textbooks</p><!--end-->","title":"15.902 Competitive Strategy"}