{"id":"15.904","school":"MIT","subject":"Management","semester":"Fall","description":"<a name=\"15.904\"></a><p><h3>15.904 Advanced Strategic Management</h3>  (, ) ; second half of termPrereq: <a href=\"m15c.html#15.900\">15.900</a>, or permission of instructorUnits: 3-0-3Begins Oct 27. <b>Lecture:</b> <i>MW4-5.30</i> (<a href=\"http://whereis.mit.edu/map-jpg?mapterms=E62\">E62-223</a>)<!--s-->Builds on 15.900 and 15.902 to explore key concepts that have shaped the field of strategic management and strategy consulting over the past several decades. Uses lectures, readings, case studies, and videos to review the evolution of strategy teaching, research, and practice; the role of randomness in strategic outcomes; the difference between strategic thinking versus planning; and enduring principles related to competitive advantage. Key themes include the role of platform strategies and services, as well as capabilities, pull mechanisms, economies of scope, and flexibility, with examples from a variety of industries. Develops an understanding of what has made some firms successful in the past as well as what managers can do to compete in an uncertain future.<I>M. Cusumano</I><a href=\"javascript:PopUpHelp('http://sisapp.mit.edu/textbook/books.html?Term=2015FA&Subject=15.904');\" >Textbooks (Fall 2014)</a></font></p><!--end-->","title":"15.904 Advanced Strategic Management"}