{"id":"15.S01","school":"MIT","subject":"Management","semester":"Fall","description":"<a name=\"15.S01\"></a><p><h3>15.S01 Special Seminar in Management</h3>  (, , , )  Prereq: Permission of instructorUnits arranged<b>Lecture:</b> <i>F8.30-12</i> (<a href=\"http://whereis.mit.edu/map-jpg?mapterms=E51\">E51-145</a>, <a href=\"http://whereis.mit.edu/map-jpg?mapterms=E51\">E51-149</a>, <a href=\"http://whereis.mit.edu/map-jpg?mapterms=E51\">E51-315</a>, <a href=\"http://whereis.mit.edu/map-jpg?mapterms=E51\">E51-325</a>, <a href=\"http://whereis.mit.edu/map-jpg?mapterms=E51\">E51-345</a>, <a href=\"http://whereis.mit.edu/map-jpg?mapterms=E51\">E51-395</a>)<!--s-->No textbook information available","title":"15.S01 Special Seminar in Management"}