{"id":"15.S06","school":"MIT","subject":"Management","semester":"Fall","description":"<a name=\"15.S06\"></a><h3>15.S06 Special Seminar in Management</h3>  (, , , )  Prereq: Permission of instructorUnits arranged<b>Lecture:</b> <i>T4-5.30</i> (<a href=\"http://whereis.mit.edu/map-jpg?mapterms=E51\">E51-376</a>)<!--s--><a href=\"javascript:PopUpHelp('http://sisapp.mit.edu/textbook/books.html?Term=2015FA&Subject=15.S06');\" >Textbooks (Fall 2014)</a></font>","title":"15.S06 Special Seminar in Management"}