{"id":"15.URG","school":"MIT","subject":"Management","semester":"Fall","description":"<a name=\"15.URG\"></a><h3>15.URG Undergraduate Studies in Management</h3>  (, , , ) Prereq: NoneUnits arrangedTBA. <!--s-->Participation in the work of a research group which includes such activities as independent study of the literature, direct involvement in the group's research (commensurate with the student's skills and preparation), or project work under an individual faculty member possibly extending over more than one term. Admission by arrangement with individual faculty member. Requires written project report.<I>J. S. Carroll</I>Textbooks arranged individually (Summer 2014); No required or recommended textbooks (Fall 2014)</p><!--end-->","title":"15.URG Undergraduate Studies in Management"}