{"id":"16.110","school":"MIT","subject":"Aeronautics and Astronautics","semester":"Fall","description":"<a name=\"16.110\"></a><p><h3>16.110 Flight Vehicle Aerodynamics</h3>  ()Prereq: <a href=\"m16a.html#16.100\">16.100</a>Units: 3-1-8<b>Lecture:</b> <i>MWF1</i> (<a href=\"http://whereis.mit.edu/map-jpg?mapterms=33\">33-418</a>)<!--s-->Aerodynamic analysis of flight vehicles using analytical, numerical, and experimental techniques separately and in combination. Matched asymptotic expansions. Farfield behavior. Finite wing theory. Trefftz-plane analysis. Laminar and turbulent boundary layers. Slender body theory. Calculation and measurement of drag components. Aerodynamic stability derivatives.<I>M. Drela</I><a href=\"javascript:PopUpHelp('http://sisapp.mit.edu/textbook/books.html?Term=2015FA&Subject=16.110');\" >Textbooks (Fall 2014)</a></font></p><!--end-->","title":"16.110 Flight Vehicle Aerodynamics","time":"1:00 p.m. - 2:00 p.m.","location":"33-41","meets":"Monday,Wednesday,Friday"}