{"id":"16.100","school":"MIT","subject":"Aeronautics and Astronautics","semester":"Fall","description":"<a name=\"16.100\"></a><p><h3>16.100 Aerodynamics</h3>  ()Prereq: <a href=\"m16a.html#16.004\">16.004</a>Units: 3-1-8<b>Lecture:</b> <i>MWF3</i> (<a href=\"http://whereis.mit.edu/map-jpg?mapterms=33\">33-419</a>) <b>Lab:</b> <i>T10</i> (<a href=\"http://whereis.mit.edu/map-jpg?mapterms=33\">33-418</a>) or <i>T1</i> (<a href=\"http://whereis.mit.edu/map-jpg?mapterms=33\">33-418</a>)<!--s-->Extends fluid mechanic concepts from Unified Engineering to aerodynamic performance of wings and bodies in sub/supersonic regimes. Addresses themes such as subsonic potential flows, including source/vortex panel methods; viscous flows, including laminar and turbulent boundary layers; aerodynamics of airfoils and wings, including thin airfoil theory, lifting line theory, and panel method/interacting boundary layer methods; and supersonic and hypersonic airfoil theory. Material may vary from year to year depending upon focus of design problem.<I>Y. M. Marzouk</I><a href=\"javascript:PopUpHelp('http://sisapp.mit.edu/textbook/books.html?Term=2015FA&Subject=16.100');\" >Textbooks (Fall 2014)</a></font></p><!--end-->","title":"16.100 Aerodynamics","time":"3:00 p.m. - 4:00 p.m.","location":"33-41","meets":"Monday,Wednesday,Friday"}