{"id":"16.225","school":"MIT","subject":"Aeronautics and Astronautics","semester":"Fall","description":"<a name=\"16.225\"></a><p><h3>16.225J Computational Mechanics of Materials</h3>  () (Same subject as 2.099J)Prereq: Permission of instructor, programming in either C++, C, or FortranUnits: 3-0-9<b>Lecture:</b> <i>TR2.30-4</i> (<a href=\"http://whereis.mit.edu/map-jpg?mapterms=33\">33-422</a>) <b>Recitation:</b> <i>T4</i> (<a href=\"http://whereis.mit.edu/map-jpg?mapterms=33\">33-422</a>)<!--s-->Formulation of numerical (finite element) methods for the analysis of the nonlinear continuum response of materials. The range of material behavior considered includes finite deformation elasticity and inelasticity. Numerical formulation and algorithms include variational formulation and variational constitutive updates; finite element discretization; constrained problems; time discretization and convergence analysis. Strong emphasis on the (parallel) computer implementation of algorithms in programming assignments. The application to real engineering applications and problems in engineering science are stressed throughout.<I>R. Radovitzky</I>No required or recommended textbooks</p><!--end-->","title":"16.225J Computational Mechanics of Materials","time":"2:00 p.m. - 3:00 p.m.","location":"33-42","meets":"Tuesday,Thursday"}