{"id":"16.221","school":"MIT","subject":"Aeronautics and Astronautics","semester":"Fall","description":"<a name=\"16.221\"></a><p><h3>16.221J Structural Dynamics and Vibrations</h3>  () (Same subject as <A HREF=\"m1c.html#1.581\">1.581J</A>, <A HREF=\"m2a.html#2.060\">2.060J</A>)(Subject meets with <A HREF=\"m1a.html#1.058\">1.058</A>)Prereq: Permission of instructorUnits: 3-1-8URL: <a href=\"http://web.mit.edu/16.221/www/\">http://web.mit.edu/16.221/www/</a><b>Lecture:</b> <i>MWF10</i> (<a href=\"http://whereis.mit.edu/map-jpg?mapterms=1\">1-390</a>) <b>Recitation:</b> <i>W4</i> (<a href=\"http://whereis.mit.edu/map-jpg?mapterms=1\">1-390</a>)<!--s-->Single- and multiple-degree-of-freedom vibration problems, using matrix formulation and normal mode superposition methods. Time and frequency domain solution techniques including convolution and Fourier transforms. Applications to vibration isolation, damping treatment, and dynamic absorbers. Analysis of continuous systems by exact and approximate methods. Applications to buildings, ships, aircraft and offshore structures. Vibration measurement and analysis techniques. Students should possess basic knowledge in structural mechanics and in linear algebra. Students taking graduate version complete additional assignments.<I>E. Kausel, J. K. Vandiver</I>No textbook information available</p><!--end-->","title":"16.221J Structural Dynamics and Vibrations","time":"10:00 a.m. - 11:00 a.m.","location":"1-39","meets":"Monday,Wednesday,Friday"}