{"id":"16.201","school":"MIT","subject":"Aeronautics and Astronautics","semester":"Fall","description":"<a name=\"16.201\"></a><p><h3>16.201 Topics in Materials and Structures</h3>  (, , ) Not offered regularly; consult departmentPrereq: Permission of departmentUnits arrangedProvides credit for work in materials and structures outside of regularly scheduled subjects. Intended for study abroad under either the department's Year Abroad Program or the Cambridge-MIT Exchange Program. Credit may be used to satisfy specific SB degree requirements. Requires prior approval. Consult department.<I>K. E. Willcox</I></p><!--end-->","title":"16.201 Topics in Materials and Structures"}