{"id":"16.622","school":"MIT","subject":"Aeronautics and Astronautics","semester":"Fall","description":"<a name=\"16.622\"></a><p><h3>16.622 Experimental Projects II</h3>  (, ) Prereq: <a href=\"m16b.html#16.621\">16.621</a>Units: 1-7-4<b>Lecture:</b> <i>TR1</i> (<a href=\"http://whereis.mit.edu/map-jpg?mapterms=33\">33-419</a>) <b>Lab:</b> <i>TR2-5</i> (<a href=\"http://whereis.mit.edu/map-jpg?mapterms=GELB LAB\">GELB LAB</a>)<!--s-->Execution of project experiments  based on the designs developed in 16.621.  Students construct their defined experiment, carry out experimental measurements of the relevant phenomena, analyze the data, and then apply the results to assess the hypothesis they developed previously.   Written final report on the entire project and formal oral presentation.  Includes instructions on effective report writing and oral presentation.<I>B. L. Wardle, J. L. Craig, N. Roy, S. E. Widnall</I>No required or recommended textbooks</p><!--end--><a name=\"16.63\"></a><p><h3>16.63J System Safety</h3>  () (Same subject as <A HREF=\"mESDa.html#ESD.03\">ESD.03J</A>)Prereq: NoneUnits: 3-0-9Introduces the concepts of system safety and how to analyze and design safer systems. Topics include the causes of accidents in general, and recent major accidents in particular; hazard analysis, safety-driven design techniques; design of human-automation interaction; integrating safety into the system engineering process; and managing and operating safety-critical systems.<I>N. Leveson</I></p><!--end--><a name=\"16.64\"></a><p><h3>16.64 Flight Measurement Laboratory</h3>  ()Prereq: <a href=\"m16a.html#16.002\">16.002</a>Units: 2-2-2Opportunity to see aeronautical theory applied in real-world environment of flight. Students assist in design and execution of simple engineering flight experiments in light aircraft. Typical investigations include determination of stability derivatives, verification of performance specifications, and measurement of navigation system characteristics. Restricted to students in Aeronautics and Astronautics.<I>R. J. Hansman</I></p><!--end-->","title":"16.622 Experimental Projects II","time":"1:00 p.m. - 2:00 p.m.","location":"33-41","meets":"Tuesday,Thursday"}