{"id":"16.621","school":"MIT","subject":"Aeronautics and Astronautics","semester":"Fall","description":"<a name=\"16.621\"></a><p><h3>16.621 Experimental Projects I</h3>  (, )Prereq: None. <I>Coreq: <a href=\"m16a.html#16.06\">16.06</a> or <a href=\"m16a.html#16.07\">16.07</a></I>Units: 2-1-3<b>Lecture:</b> <i>TR1</i> (<a href=\"http://whereis.mit.edu/map-jpg?mapterms=33\">33-419</a>)<!--s-->First part of a two-term sequence addresses the conception and design of a student-selected experimental project carried out by a team. Principles of project hypothesis formulation and assessment, experimental measurements and error analysis, and effective report writing and oral presentation, with instruction both in-class and on an individual team basis. Selection and detailed planning of a research project, including in-depth design of components and equipment. Preparation of a detailed proposal for the selected project, which is then carried through to completion in 16.622.<I>B. L. Wardle, J. L. Craig, N. Roy, S. E. Widnall</I>No required or recommended textbooks</p><!--end-->","title":"16.621 Experimental Projects I","time":"1:00 p.m. - 2:00 p.m.","location":"33-41","meets":"Tuesday,Thursday"}