{"id":"16.851","school":"MIT","subject":"Aeronautics and Astronautics","semester":"Fall","description":"<a name=\"16.851\"></a><p><h3>16.851 Satellite Engineering</h3>  () Prereq: Permission of instructorUnits: 3-0-9<b>Lecture:</b> <i>TR11-12.30</i> (<a href=\"http://whereis.mit.edu/map-jpg?mapterms=33\">33-218</a>)<!--s-->Fundamentals of satellite engineering design, including distributed satellite. Studies orbital environment. Analyzes problems of station keeping, attitude control, communications, power generation, structural design, thermal balance, and subsystem integration. Considers trade-offs among weight, efficiency, cost, and reliability. Discusses choice of design parameters, such as size, weight, power levels, temperature limits, frequency, and bandwidth. Examples taken from current satellite systems.<I>K. Cahoy</I><a href=\"javascript:PopUpHelp('http://sisapp.mit.edu/textbook/books.html?Term=2015FA&Subject=16.851');\" >Textbooks (Fall 2014)</a></font></p><!--end-->","title":"16.851 Satellite Engineering","time":"11:00 a.m. - 12:00 p.m.","location":"33-21","meets":"Tuesday,Thursday"}