{"id":"16.910","school":"MIT","subject":"Aeronautics and Astronautics","semester":"Fall","description":"<a name=\"16.910\"></a><p><h3>16.910J Introduction to Numerical Simulation</h3>  () (Same subject as <A HREF=\"m2a.html#2.096\">2.096J</A>, <A HREF=\"m6b.html#6.336\">6.336J</A>)Prereq: <a href=\"m18a.html#18.03\">18.03</a> or <a href=\"m18a.html#18.06\">18.06</a>Units: 3-0-9<b>Lecture:</b> <i>MW1-2.30</i> (<a href=\"http://whereis.mit.edu/map-jpg?mapterms=32\">32-141</a>)<!--s-->Introduction to computational techniques for the simulation of a large variety of engineering and engineered systems. Applications drawn from aerospace, mechanical, electrical, and chemical engineering, biology, and materials science. Topics: mathematical formulations; network problems; sparse direct and iterative matrix solution techniques; Newton methods for nonlinear problems; discretization methods for ordinary, time-periodic and partial differential equations; fast methods for partial differential equations and integral equations, techniques for model order reduction of dynamical systems and approaches for molecular dynamics.<I>L. Daniel, J. K. White</I>No required or recommended textbooks</p><!--end-->","title":"16.910J Introduction to Numerical Simulation","time":"1:00 p.m. - 2:00 p.m.","location":"32-14","meets":"Monday,Wednesday"}